rank	overall	average	min	pages_oracle	pages_cand	page_mismatch	pair
1	41.0890	41.0890	41.0890	4	1	1	file_154_file_155
2	41.6240	45.1372	33.4265	14	13	1	file_195_file_196
3	41.8116	44.8571	34.7053	12	12	0	file_8_file_9
4	41.9512	45.5441	33.5678	14	13	1	file_114_file_115
5	41.9533	45.5471	33.5678	14	13	1	file_99_file_100
6	41.9671	45.5668	33.5678	14	13	1	file_184_file_185
7	42.1035	44.6765	36.0998	11	11	0	file_73_file_74
8	42.1349	44.7214	36.0998	11	11	0	file_26_file_27
9	42.1478	44.7399	36.0998	11	11	0	file_5_file_6
10	42.5809	45.3585	36.0998	11	11	0	file_52_file_53
11	44.0928	47.5184	36.0998	11	11	0	file_15_file_16
12	44.1499	44.8745	42.4593	4	4	0	file_170_file_171
13	44.7694	46.3231	41.1439	9	9	0	file_130_file_131
14	44.7799	46.3382	41.1439	9	9	0	file_7_file_8
15	46.0835	46.7093	44.6231	2	2	0	file_133_file_134
16	46.0981	47.3771	43.1137	5	5	0	file_174_file_175
17	46.1286	47.4908	42.9503	4	4	0	file_169_file_170
18	46.2834	47.4826	43.4850	3	3	0	file_69_file_70
19	46.7135	51.1511	36.3591	13	12	1	file_27_file_28
20	46.7823	48.6860	42.3404	7	7	0	file_176_file_177
21	47.0804	49.8255	40.6751	7	7	0	file_175_file_176
22	47.5605	49.0500	44.0850	3	3	0	file_77_file_78
23	48.3011	48.3011	48.3011	1	1	0	file_82_file_83
24	48.4579	51.7613	40.7499	11	11	0	file_53_file_54
25	48.5461	51.8873	40.7499	11	11	0	file_74_file_75
26	48.5582	50.1909	44.7487	3	3	0	file_143_file_144
27	48.5924	49.9468	45.4319	3	3	0	file_78_file_79
28	48.7453	52.1719	40.7499	11	11	0	file_6_file_7
29	48.8337	50.5419	44.8479	3	3	0	file_188_file_189
30	49.3311	53.0087	40.7499	11	11	0	file_9_file_10
31	49.4484	51.1398	45.5018	6	6	0	file_146_file_147
32	49.5482	53.3188	40.7499	11	11	0	file_16_file_17
33	49.8967	49.8967	49.8967	1	1	0	file_197_file_198
34	51.0511	51.9236	49.0152	3	3	0	file_14_file_15
35	51.1158	51.1158	51.1158	1	1	0	file_83_file_84
36	52.6155	55.4433	46.0173	9	9	0	file_131_file_132
37	52.8104	52.8104	52.8104	1	1	0	file_58_file_59
38	52.9078	52.9078	52.9078	1	1	0	file_198_file_199
39	53.0976	53.0976	53.0976	1	1	0	file_46_file_47
40	53.7647	55.5529	49.5920	5	5	0	file_19_file_20
41	55.6632	55.6632	55.6632	1	1	0	file_28_file_29
42	55.8116	55.8116	55.8116	1	1	0	file_164_file_165
43	56.5029	56.5029	56.5029	1	1	0	file_141_file_142
44	57.0443	57.0443	57.0443	1	1	0	file_163_file_164
45	58.2716	58.2716	58.2716	1	1	0	file_139_file_140
46	58.4507	58.4507	58.4507	1	1	0	file_140_file_141
47	58.5655	58.5655	58.5655	1	1	0	file_94_file_95
48	58.6194	67.8210	37.1488	13	13	0	file_100_file_101
49	58.6681	58.6681	58.6681	1	1	0	file_3_file_4
50	58.8609	58.8609	58.8609	1	1	0	file_112_file_113
51	59.1353	59.1353	59.1353	1	1	0	file_59_file_60
52	59.3083	66.9882	41.3885	14	14	0	file_196_file_197
53	60.4261	60.4261	60.4261	1	1	0	file_95_file_96
54	60.8198	64.7877	51.5614	6	6	0	file_18_file_19
55	61.1347	61.1347	61.1347	1	1	0	file_55_file_56
56	61.1410	61.1410	61.1410	1	1	0	file_30_file_31
57	61.4372	61.4372	61.4372	1	1	0	file_120_file_121
58	61.4754	68.5455	44.9787	13	13	0	file_115_file_116
59	61.5493	66.0468	51.0550	2	2	0	file_41_file_42
60	61.9176	61.9176	61.9176	1	1	0	file_113_file_114
61	62.3052	62.3052	62.3052	1	1	0	file_179_file_180
62	62.6792	62.6792	62.6792	1	1	0	file_4_file_5
63	62.7213	65.2473	56.8271	5	5	0	file_187_file_188
64	62.8560	62.8560	62.8560	1	1	0	file_101_file_102
65	62.9348	64.7007	58.8144	7	7	0	file_145_file_146
66	63.0319	63.0319	63.0319	1	1	0	file_10_file_11
67	63.3457	71.2173	44.9787	13	13	0	file_185_file_186
68	63.3651	63.3651	63.3651	1	1	0	file_144_file_145
69	63.3955	64.6866	60.3830	5	5	0	file_68_file_69
70	63.9241	63.9241	63.9241	1	1	0	file_135_file_136
71	64.0835	74.0916	40.7314	116	116	0	file_22_file_23
72	64.0851	64.0851	64.0851	1	1	0	file_45_file_46
73	64.2426	64.2426	64.2426	1	1	0	file_129_file_130
74	64.5976	66.3989	60.3945	2	2	0	file_33_file_34
75	65.1166	65.1166	65.1166	1	1	0	file_75_file_76
76	65.3708	65.3708	65.3708	1	1	0	file_119_file_120
77	65.4170	65.4170	65.4170	1	1	0	file_49_file_50
78	65.4380	65.4380	65.4380	1	1	0	file_180_file_181
79	65.4418	65.4418	65.4418	1	1	0	file_168_file_169
80	65.5245	65.5245	65.5245	1	1	0	file_103_file_104
81	65.9190	67.4976	62.2357	3	3	0	file_34_file_35
82	66.0323	66.7136	64.4426	5	5	0	file_142_file_143
83	66.1693	66.8678	64.5392	5	5	0	file_13_file_14
84	66.1718	66.1718	66.1718	1	1	0	file_183_file_184
85	66.3850	75.4874	45.1460	107	107	0	file_21_file_22
86	66.5850	66.5850	66.5850	1	1	0	file_31_file_32
87	66.7942	66.7942	66.7942	1	1	0	file_125_file_126
88	66.8397	66.8397	66.8397	1	1	0	file_148_file_149
89	67.0694	67.0694	67.0694	1	1	0	file_98_file_99
90	67.1174	67.1174	67.1174	1	1	0	file_177_file_178
91	67.2241	67.2241	67.2241	1	1	0	file_20_file_21
92	67.2828	67.2828	67.2828	1	1	0	file_121_file_122
93	67.3012	67.3012	67.3012	1	1	0	file_36_file_37
94	67.3281	67.3281	67.3281	1	1	0	file_186_file_187
95	67.4310	67.4310	67.4310	1	1	0	file_50_file_51
96	67.4392	67.4392	67.4392	1	1	0	file_189_file_190
97	67.4430	67.4430	67.4430	1	1	0	file_29_file_30
98	67.4855	68.7553	64.5228	3	3	0	file_64_file_65
99	67.5693	67.5693	67.5693	1	1	0	file_72_file_73
100	67.6273	67.6273	67.6273	1	1	0	file_97_file_98
101	67.6617	67.6617	67.6617	1	1	0	file_124_file_125
102	67.7456	67.7456	67.7456	1	1	0	file_37_file_38
103	67.7878	67.7878	67.7878	1	1	0	file_106_file_107
104	68.1395	68.1395	68.1395	1	1	0	file_109_file_110
105	68.4696	68.4696	68.4696	1	1	0	file_193_file_194
106	68.5747	68.5747	68.5747	1	1	0	file_79_file_80
107	68.6448	68.6448	68.6448	1	1	0	file_123_file_124
108	68.7939	68.7939	68.7939	1	1	0	file_155_file_156
109	68.8070	70.6567	64.4910	2	2	0	file_40_file_41
110	68.8088	70.6597	64.4902	3	3	0	file_91_file_92
111	68.8401	68.8401	68.8401	1	1	0	file_85_file_86
112	68.9444	68.9444	68.9444	1	1	0	file_11_file_12
113	68.9452	71.2726	63.5145	2	2	0	file_1_file_2
114	68.9555	68.9555	68.9555	1	1	0	file_192_file_193
115	69.3686	69.3686	69.3686	1	1	0	file_178_file_179
116	69.4882	69.4882	69.4882	1	1	0	file_24_file_25
117	70.3026	70.3026	70.3026	1	1	0	file_104_file_105
118	70.7218	70.7218	70.7218	1	1	0	file_87_file_88
119	70.7733	70.7733	70.7733	1	1	0	file_86_file_87
120	71.0019	71.0019	71.0019	1	1	0	file_61_file_62
121	71.4201	71.4201	71.4201	1	1	0	file_173_file_174
122	71.4249	71.4249	71.4249	1	1	0	file_105_file_106
123	71.5607	71.5607	71.5607	1	1	0	file_90_file_91
124	71.7532	71.7532	71.7532	1	1	0	file_96_file_97
125	72.4480	72.4480	72.4480	1	1	0	file_35_file_36
126	72.5484	72.5484	72.5484	1	1	0	file_102_file_103
127	72.8192	77.4059	62.1170	3	3	0	file_172_file_173
128	72.9626	76.8600	63.8686	3	3	0	file_171_file_172
129	73.1767	73.4519	72.5345	2	2	0	file_134_file_135
130	74.0821	74.0821	74.0821	1	1	0	file_12_file_13
131	74.8924	74.8924	74.8924	1	1	0	file_162_file_163
132	74.9218	74.9218	74.9218	1	1	0	file_23_file_24
133	75.2391	75.2391	75.2391	1	1	0	file_76_file_77
134	75.4023	76.7004	72.3734	3	3	0	file_152_file_153
135	75.5815	75.5815	75.5815	1	1	0	file_60_file_61
136	75.6031	75.6031	75.6031	1	1	0	file_117_file_118
137	75.8228	75.8228	75.8228	1	1	0	file_17_file_18
138	76.2547	76.4599	75.7757	3	3	0	file_92_file_93
139	76.2880	76.6277	75.4955	2	2	0	file_191_file_192
140	76.3207	76.3207	76.3207	1	1	0	file_70_file_71
141	76.3228	76.3228	76.3228	1	1	0	file_71_file_72
142	76.3254	76.5085	75.8983	2	2	0	file_190_file_191
143	76.5861	76.5861	76.5861	1	1	0	file_108_file_109
144	76.7263	76.7263	76.7263	1	1	0	file_54_file_55
145	77.0207	77.0207	77.0207	1	1	0	file_56_file_57
146	77.0936	77.0936	77.0936	1	1	0	file_194_file_195
147	77.2134	77.2134	77.2134	1	1	0	file_57_file_58
148	77.6001	77.8950	76.9121	3	3	0	file_65_file_66
149	77.6686	77.6686	77.6686	1	1	0	file_111_file_112
150	78.4334	78.4334	78.4334	1	1	0	file_136_file_137
151	78.4498	78.5149	78.2977	2	2	0	file_2_file_3
152	78.5076	78.5076	78.5076	1	1	0	file_147_file_148
153	78.5292	78.5292	78.5292	1	1	0	file_39_file_40
154	78.5616	78.5616	78.5616	1	1	0	file_110_file_111
155	78.6354	78.6354	78.6354	1	1	0	file_158_file_159
156	78.7661	78.7661	78.7661	1	1	0	file_149_file_150
157	78.7975	78.7975	78.7975	1	1	0	file_51_file_52
158	78.8397	78.8397	78.8397	1	1	0	file_132_file_133
159	78.8715	78.8715	78.8715	1	1	0	file_89_file_90
160	78.9342	78.9342	78.9342	1	1	0	file_44_file_45
161	78.9611	78.9611	78.9611	1	1	0	file_181_file_182
162	78.9781	78.9781	78.9781	1	1	0	file_32_file_33
163	79.0069	79.0069	79.0069	1	1	0	file_122_file_123
164	79.2280	79.2280	79.2280	1	1	0	file_161_file_162
165	79.2472	79.2472	79.2472	1	1	0	file_150_file_151
166	79.2952	79.2952	79.2952	1	1	0	file_107_file_108
167	79.3517	80.2325	77.2966	3	3	0	file_153_file_154
168	79.4090	79.4090	79.4090	1	1	0	file_182_file_183
169	79.4206	79.4206	79.4206	1	1	0	file_156_file_157
170	79.4947	79.4947	79.4947	1	1	0	file_157_file_158
171	79.5244	79.5244	79.5244	1	1	0	file_128_file_129
172	79.5393	79.5393	79.5393	1	1	0	file_126_file_127
173	79.6020	79.6020	79.6020	1	1	0	file_167_file_168
174	79.6071	79.6071	79.6071	1	1	0	file_25_file_26
175	79.7329	79.7329	79.7329	1	1	0	file_63_file_64
176	79.7480	79.7480	79.7480	1	1	0	file_127_file_128
177	79.8345	79.8345	79.8345	1	1	0	file_116_file_117
178	79.8451	79.8451	79.8451	1	1	0	file_138_file_139
179	79.8484	79.8484	79.8484	1	1	0	file_62_file_63
180	79.8764	79.8764	79.8764	1	1	0	file_118_file_119
181	79.9232	79.9232	79.9232	1	1	0	file_67_file_68
182	79.9373	79.9373	79.9373	1	1	0	file_160_file_161
183	79.9750	79.9750	79.9750	1	1	0	file_81_file_82
184	80.0305	80.0305	80.0305	1	1	0	file_43_file_44
185	80.1221	80.1221	80.1221	1	1	0	file_166_file_167
186	80.1466	80.1466	80.1466	1	1	0	file_84_file_85
187	80.1466	80.1466	80.1466	1	1	0	file_151_file_152
188	80.2158	80.2158	80.2158	1	1	0	file_137_file_138
189	80.2202	80.2202	80.2202	1	1	0	file_38_file_39
190	80.2243	80.2243	80.2243	1	1	0	file_80_file_81
191	80.3560	80.3560	80.3560	1	1	0	file_42_file_43
192	80.4519	80.4519	80.4519	1	1	0	file_93_file_94
193	80.5167	80.5167	80.5167	1	1	0	file_88_file_89
194	80.6289	80.6289	80.6289	1	1	0	file_159_file_160
195	80.9357	80.9357	80.9357	1	1	0	file_66_file_67
196	82.0369	82.0369	82.0369	1	1	0	file_165_file_166
