folder,files,only_in_grok_run,only_word_or_quartz_pdfs,only_bytes
wr0926,21089,16515,756,1841499497
acc0929,5341,4386,586,800892771
_fixtures,2917,2041,657,159084515
compared_a_100_vs_b_10_docx_docxide_to_pdf,1938,1938,60,246518933
no_comments_pdf_was_generated_by_word,3836,1771,289,928811787
others0926,2251,1348,0,175905124
compared_a_100_vs_b_10_docx_jubarte_to_pdf,965,965,24,716506571
compared_a_100_vs_b_10_docx_soffice_to_pdf,907,907,0,241697970
500_docx_part_a_original_jubarte_pdf,500,500,4,358985518
500_docx_part_a_original_docxide_pdf,500,500,9,41993642
fixtures_500_pdf_jubarte,500,500,25,171547383
500_docx_part_a_original_soffice_pdf,500,500,0,99983802
fixtures_500_pdf_docxide,500,500,6,53635078
500_docx_part_b_original_docxide_pdf,500,500,8,30835933
500_docx_part_b_original_jubarte_pdf,500,500,0,344871534
500_docx_part_b_original_soffice_pdf,499,499,1,107745225
fixtures_500_pdf_soffice,499,499,0,61354010
500_pdf_part_b_run2,500,499,2,135752404
500_pdf_part_a_run2,500,497,2,125047555
500_extra_docx_redlines_docxide_pdf,470,470,9,80044056
en_B_wordredline_jubpdf_cb33ec3,470,470,4,764610189
500_extra_docx_redlines_jubarte_pdf,470,470,4,764610189
en_C_wordredline_docxide,470,470,9,80053029
500_extra_docx_redlines_soffice_pdf,465,465,0,225119082
en_C_wordredline_soffice_cb33ec3,465,465,0,225117682
en_D_jubredline_jubpdf_cb33ec3,451,451,3,648769427
en_jubarte_redlines_cc35afe,451,451,0,115130262
en_jubarte_redlines_cb33ec3,451,451,0,114044763
en_jubarte_redlines_2eb24d5,451,451,0,115083168
en_jubarte_redlines_xp1,451,451,0,115131711
en_jubarte_redlines_c6307ac,450,450,0,115115885
word_based,2222,450,175,42480370
en_jubarte_redlines_a1cdd96,450,450,0,114771313
en_jubarte_redlines_76dd666,450,450,0,114748804
en_docxodus_redlines,449,449,0,117951978
en_jubarte_redlines_6fd4043,448,448,0,114499093
en_A_jubredline_wordpdf_a1cdd96,446,446,1,204426326
en_A_jubredline_wordpdf_2eb24d5,442,442,1,202062383
en_A_jubredline_wordpdf_6fd4043,441,441,1,199234581
en_A_jubredline_wordpdf_76dd666,440,440,1,198667453
en_A_jubredline_wordpdf_c6307ac,437,437,1,197494422
en_A_jubredline_wordpdf_cb33ec3,432,432,1,200050106
en_jubc6307ac_changed,313,313,0,82044241
en_A_docxodus_wordpdf,308,308,0,122017841
en_jub76dd666_changed,191,191,0,58468216
en_juba1cdd96_changed,160,160,0,38449618
wr0929,1798,30,0,23942411
500_extra_docx_redlines,470,19,0,19790232
en_hold_a_b18,14,14,0,8484530
en_hold_a_b20,14,14,0,8484530
en_hold_a_b16,14,14,0,8484530
en_hold_a_b10,14,14,0,8484530
en_hold_a_b17,14,14,0,8484530
en_hold_a_b21,14,14,0,8484530
en_hold_a_b19,14,14,0,8484530
en_hold_a_b4c,14,14,0,8484532
en_hold_a_b15y,14,14,0,8484530
en_hold_a_b7,14,14,0,8484530
en_hold_a_b8,14,14,0,8484530
en_hold_a_b6,14,14,0,8484532
en_hold_a_b23,14,14,0,8484530
en_hold_a_b24,14,14,0,8484530
en_hold_a_b12,14,14,0,8484530
en_hold_a_b14,14,14,0,8484530
en_hold_a_b25,14,14,0,8484530
en_hold_a_b22,14,14,0,8484530
en_hold_a_b5,14,14,0,8484532
en_hold_r_b8,13,13,0,16400638
en_hold_b_b10,13,13,0,8643569
en_hold_b_b17,13,13,0,8642248
en_hold_r_b6,13,13,0,16329773
en_hold_b_b21,13,13,0,8642248
en_hold_b_b19,13,13,0,8642248
en_hold_b_b4c,13,13,0,8643569
en_hold_b_b18,13,13,0,8642248
en_hold_b_b20,13,13,0,8642248
en_hold_r_b7,13,13,0,16400645
en_hold_b_b16,13,13,0,8642248
en_hold_b_b5,13,13,0,8643569
en_hold_r_b4c,13,13,0,16324407
en_hold_r_b19,13,13,0,16400297
en_hold_r_b21,13,13,0,16416036
en_hold_r_b17,13,13,0,16400297
en_hold_r_b10,13,13,0,16400638
en_hold_r_b16,13,13,0,16400297
en_hold_r_b20,13,13,0,16400297
en_hold_r_b15y,13,13,0,16400297
en_hold_r_b18,13,13,0,16400297
en_hold_b_b14,13,13,0,8642248
en_hold_b_b7,13,13,0,8643569
en_hold_b_b25,13,13,0,8642248
en_hold_r_b5,13,13,0,16324407
en_hold_b_b22,13,13,0,8642248
en_hold_b_b15y,13,13,0,8642248
en_hold_b_b8,13,13,0,8643569
en_hold_b_b23,13,13,0,8642248
en_hold_b_b24,13,13,0,8642248
en_hold_b_b6,13,13,0,8643569
en_hold_b_b12,13,13,0,8643569
en_hold_r_b22,13,13,0,16414779
en_hold_r_b25,13,13,0,16415838
en_hold_r_b14,13,13,0,16400297
en_hold_r_b12,13,13,0,16400638
en_hold_r_b24,13,13,0,16415838
en_hold_r_b23,13,13,0,16414779
mutation_probes,12,12,0,28164
word_invalid,11,11,0,347177
wr0928,2040,11,0,347177
rev,10,10,0,329388
comment_balloons_0929,137,6,0,1177944
worst5_review,10,5,0,3243555
compared_a_100_vs_b_10_docx,969,4,0,2801148
500_extra_redlines_rejected,4,4,0,772926
moved_out_from_word_folder,6902,4,0,2725720
500_docx_part_a_word_invalid,3,3,0,508829
en_jubarte_quarantine_6fd4043,2,2,0,266629
compared_a_100_vs_b_10_pdf,967,2,0,349853
wordpdf_redline_oracles,824,2,0,1369627
word_redlines_superdoc,1016,2,0,1193136
slow,1,1,0,397762
500_extra_pdf_redlines,452,1,0,2701717
fixtures_500_failed,1,1,0,99552
500_docx_part_b_word_invalid,1,1,0,1740667
word_blacklist,1,1,0,383304
fixtures_500,500,0,0,0
500_docx_part_b_original,500,0,0,0
500_pdf_part_b_original,499,0,0,0
folder_b_10,10,0,0,0
500_docx_part_a_original,500,0,0,0
folder_a_100,100,0,0,0
500_pdf_part_a_original,497,0,0,0
fixtures_500_pdf,518,0,0,0
fixtures_500_pdf_refreshed,18,0,0,0
