rank	stem	state	jubarte	soffice	word_pages	jubarte_pages	soffice_pages	page_delta
1	with_comments_clean__ea023ca156_r4_05_tbl_and_ref_only	with_comments_clean	90.95	71.52	1	2	1	1
2	with_comments_tracking__970e9bbbcc_behavior__math_all_objects_36ab389c__vs__735c372b41_super_editor__diff_after8_58e5c288_redline_2a64722aad	with_comments_tracking	37.82	32.74	2	1	1	-1
3	tracking_without_comments__5c9b05a33e_00587c7398e1a788e79e8da144019f60214b4ac572ea28a3__vs__342f364d46_001342333d45627868f4dc5282abbba4598a91b4a7584b08_redline_9ee589e21e	tracking_without_comments	35.55	34.15	8	5	5	-3
4	with_comments_tracking__e70f1134dd_super_editor__diff_before8_ba5faa9e__vs__a5903a7c15_super_editor__pci_table_dc840852_redline_8d775d42d1	with_comments_tracking	55.11	44.54	3	2	3	-1
5	with_comments_tracking__e70f1134dd_super_editor__diff_before8_ba5faa9e__vs__a5903a7c15_super_editor__pci_table_dc840852_redline_ccc5f1207c	with_comments_tracking	59.53	47.33	3	2	3	-1
6	with_comments_tracking__3539cf2404_cli_legacy__replace_test_0a793f01__vs__bb35ae41ba_evals__comments_doc_79800b37_redline_eede96cbf6	with_comments_tracking	66.58	42.12	3	4	3	1
7	with_comments_tracking__3539cf2404_cli_legacy__replace_test_0a793f01__vs__bb35ae41ba_evals__comments_doc_79800b37_redline_ce73379cca	with_comments_tracking	68.2	42.15	3	4	3	1
8	clean__9a3be7c3ef_1abcbb169cc4860a783d2b17aec0bce05e00bd1a21d6383d	clean	83.39	78.59	3	4	4	1
9	tracking_without_comments__9e148c8a5b_087cca64f59816ae7a72cf215df3f3504386e005223fda16__vs__e015887f5e_21349517e3ede36c589762c10778e9389afe8cfeef122b6c_redline_450945a41c	tracking_without_comments	46.17	43.1	4	3	6	-1
10	clean__4788c67977_0164169e074bbd86369374875b1ab7ec86a68d6b1f8eec90	clean	52.05	43.54	4	5	4	1
11	tracking_without_comments__a88f2ae357_0095a6095a0f74201c196f4944b3d93f4cf5cc20e4982903__vs__2e04202552_000e3e7bd2d6215fc7b469cc3e296c1b2a510bc1abc7e0fd_redline_2e0922f49a	tracking_without_comments	41.75	40.91	6	5	5	-1
12	tracking_without_comments__5fbd8a7228_39cd8347f53ac1b06a6eb59399aa12a9977b0233a38ddaff__vs__89d3a1c365_40d999f53c15fd5eb9e57ab8cf37f22f83d6823458897be1_redline_049d8405bc	tracking_without_comments	42.23	39.61	132	112	98	-20
13	clean__8aa1ebfac8_0022795af6d293660914a50334635149388c3e919e91a704	clean	52.93	38.58	8	9	14	1
14	with_comments_tracking__60697d46b7_strict01__vs__a04e2d2749_ooxml_style_link_redline_6b74ac1ae6	with_comments_tracking	42.03	43.83	14	15	14	1
15	with_comments_tracking__0aa6426932_file_114__vs__ab85c77154_file_115_redline_f7bbf6e831	with_comments_tracking	43.45	36.6	14	13	13	-1
16	with_comments_tracking__af4645ebd0_file_99__vs__b8115d0dab_file_100_redline_65aa483982	with_comments_tracking	43.45	36.58	14	13	13	-1
17	with_comments_tracking__08147dee09_file_195__vs__c09b14fcd7_file_196_redline_1edc0f56f4	with_comments_tracking	43.58	36.47	14	13	13	-1
18	with_comments_tracking__e355cec096_small_font_size_demo_id_paraid_overflow__vs__60697d46b7_strict01_redline_0cd32d67b2	with_comments_tracking	43.74	36.54	14	13	13	-1
19	with_comments_clean__65c79f950a_small_font_size_demo_id_paraid_overflow_strict01	with_comments_clean	44.58	37.1	14	13	13	-1
20	clean__8d793b3df9_8389849ea8c3fee8dacbb8135dd4ac68bf50809dba47953b	clean	43.35	38.14	20	19	18	-1
21	with_comments_clean__da7fb8a123_sample_document_word_repair_of_our_output_word_r	with_comments_clean	41.56	70.09	106	107	106	1
22	with_comments_tracking__970fd9303f_sample_document_word_repair_of_our_output_word_r__vs__8441c4ae21_sd_2517_localized_heading_styles_redline_9c71031b8a	with_comments_tracking	46.82	40.36	109	110	109	1
23	tracking_without_comments__4b0729d267_super_editor__h_f_normal_odd_even_unchecked_firs__vs__9c1fb4747e_super_editor__sd_1495_auto_page_break_854a2dd9_redline_0b5ecec9d6	tracking_without_comments	45.85	76.87	15	15	15	0
24	clean__c498e8c52c_super_editor__contract_acc_bbd983a0	clean	60.27	82.54	1	1	1	0
25	clean__f5bac425cd_word_tolerated_broken_media_rel	clean	54.94	66.53	1	1	1	0
26	tracking_without_comments__a62ef11355_af838c136dcd3b6c93a648911f7fe7bcba87be8a27c66ac3__vs__d706876939_96241b469231f21192669d60dd79dcdf1be49260da2e0a7d_redline_f8c1ce3e92	tracking_without_comments	41.37	49.42	5	5	5	0
27	tracking_without_comments__9f2c60b301_d20125ec6aa52579b2e53d11212ae5e77501983055c37aca__vs__dafbdc6056_b2d5d9dbc708f2ae5f88e8524899cbbc8aad48d1775fd695_redline_d2327e0daf	tracking_without_comments	74.84	82.67	11	11	11	0
28	tracking_without_comments__af540c50e4_00edeec4b73ab68a9a4e2b0281464f067656d89fc9969ab4__vs__2e04202552_000e3e7bd2d6215fc7b469cc3e296c1b2a510bc1abc7e0fd_redline_a702002b5b	tracking_without_comments	48.94	53.59	2	2	2	0
29	clean__e86f9cd116_00080142f14c78ec51285913eec793f00a73693d65b070ba	clean	75.59	80.2	1	1	1	0
30	clean__e4d7ce3bd9_007a42f2faa8a051057c5dd3d91e388303765ea38b514333	clean	55.59	59.56	20	20	20	0
31	clean__2783c4639f_00160bf269f5dffe87373bf15dd3507fb7ceacbebfd9747f	clean	70.95	74.84	1	1	1	0
32	tracking_without_comments__af458715aa_superscript_demo_style_default_missing__vs__c917cc5055_support_tickets_summary_id_paraid_overflow_redline_733ae46745	tracking_without_comments	79.37	80.71	1	1	1	0
33	tracking_without_comments__b27c7b34e9_super_editor__heading_font_46041620__vs__bf50ee8ac4_super_editor__hummingbird_c5e5ac81_redline_29eeca5c14	tracking_without_comments	46.77	47.58	1	1	1	0
34	clean__ba1aee241d_8188f7e816bdc720b890d63a61edf27ac0ba092a5578dd2f	clean	70.71	71.07	1	1	1	0
35	clean__0e65c38964_9617d33fa7e5b7872c02d159a597b41a437febd15fec7fca	clean	47.74	47.91	3	3	4	0
36	tracking_without_comments__67f36b7c3b_01ab5a08b40efea85cdb05eaeb80d99a6f24a28deebb2082__vs__3f65366367_02bbb0b7fc1f4308c677b31b6849e7ed871b5aadfad13394_redline_41e30e714b	tracking_without_comments	42.0	40.57	9	9	9	0
37	clean__c9d39a9243_001ce9d4efcac4daa836dfdca53f293fbebf37750dd9337c	clean	42.01	41.64	2	2	2	0
38	tracking_without_comments__3fcd92b87b_30ff840c5280c4e754b1d6998d936bd6ae03c4cafe1dd5c9__vs__536a1741f1_2877e96980f074938031572843306e6da8158dd87dafec3e_redline_251aa16cd3	tracking_without_comments	45.44	42.12	3	3	4	0
39	clean__5770da215a_0065c8734bc8a27255309fdcfd68b04992603f53b5dfc443	clean	46.57	44.76	1	1	1	0
40	with_comments_tracking__d16179a60b_c3cb50c9620520f54d70a4f079a12e94bf94f54f507eff8d__vs__1aaca1d5af_ef31e540797c67a78c662cc2e5ecb21bf446e3d696ce26ad_redline_f72cd71154	with_comments_tracking	49.17	40.67	10	10	10	0
41	clean__c934a90fba_ceb60fdd4393406b78e51cb3aae7fde107a93a9e5eb97197	clean	49.71	48.61	8	8	8	0
42	with_comments_clean__d9c15cff3f_s23_all_landscape	with_comments_clean	49.95	37.25	20	20	18	0
43	clean__dead097f08_0021132515efd99e444680de3ff6ff1edd71f99599e8d18a	clean	50.68	50.22	2	2	2	0
44	clean__ef7218d9e8_001893584bf94ff30c98db48cb8a0ea0ea5abc048f3e1a4d	clean	50.99	24.8	7	7	4	0
45	with_comments_clean__df68cbafb7_3866f441cc_accepted_tracking	with_comments_clean	53.61	38.78	4	4	4	0
46	clean__181e161e94_file_57	clean	55.74	54.38	1	1	1	0
47	clean__834c9f9f35_file_57	clean	55.74	54.38	1	1	1	0
48	tracking_without_comments__af2ea13761_6a0524deb86b08f0fb55dcbb7d469deacb25532f08824945__vs__1068eb5017_793c14bc1529c16f30ac69b82ca152f39f534a1a3f3f90e4_redline_5d8e97b0c5	tracking_without_comments	55.79	51.62	311	311	312	0
49	with_comments_tracking__c090b9f082_file_8__vs__3f91c8f0cd_file_9_redline_cac2492b83	with_comments_tracking	56.11	42.53	12	12	12	0
50	tracking_without_comments__b27bda87ed_0023f7c421a05af9c44fb4ff9ef1bce46c53a081779b1e72__vs__2e04202552_000e3e7bd2d6215fc7b469cc3e296c1b2a510bc1abc7e0fd_redline_bfd8504834	tracking_without_comments	56.2	48.38	4	4	4	0
51	with_comments_clean__902c901dc6_page_numbering_examples_potpourritest_word_redli	with_comments_clean	56.66	42.05	4	4	4	0
52	with_comments_tracking__a4c38b1bf5_4c17189eb7a543ae96f42443a9f4001a3be8fec6e47f7481__vs__cd63d2dccf_3f2752287dacf8e3e52d649dc467cbab2214df665039ab15_redline_e9ef73a8e4	with_comments_tracking	58.01	43.46	30	30	29	0
53	tracking_without_comments__4b0729d267_super_editor__h_f_normal_odd_even_unchecked_firs__vs__b992bfc6eb_super_editor__h_f_normal_odd_even_b572e46d_redline_be248670ce	tracking_without_comments	58.09	37.48	12	12	11	0
54	tracking_without_comments__178804f5ce_super_editor__invalid_list_def_fallback_d7f55451__vs__c4ee483519_tiff_image_redline_3ccea817a8	tracking_without_comments	58.33	50.15	1	1	1	0
55	with_comments_tracking__9c6ebd430d_file_185	with_comments_tracking	58.99	35.84	13	13	12	0
56	tracking_without_comments__d09a2f8509_00b5aa69a6c33b2725953348488d62605dc209411d01f80a__vs__a5f2b9318d_002aa60c2ae1187417b4b157c5ec6450324cc056ec551a12_redline_e7d9a076ba	tracking_without_comments	59.17	51.83	19	19	19	0
57	tracking_without_comments__fcc5e086dc_d38dd05c8c808a25b353ce7cb5fd8c30d6e32030eec8807b__vs__ba0e5d3d86_cd9a78ddbb58fe7243f12aed561becbe8b00c1777ba93709_redline_40291033f2	tracking_without_comments	59.37	46.5	6	6	6	0
58	clean__6c2c8f1b79_4746195c006945f534b2c9ac444f038d071c9f4009b49e4a	clean	59.42	59.4	1	1	1	0
59	with_comments_tracking__60697d46b7_strict01	with_comments_tracking	60.8	35.9	13	13	12	0
60	with_comments_tracking__4b3cd5613a_ab2_e_jub_with_word_settings	with_comments_tracking	61.01	38.1	12	12	12	0
61	with_comments_tracking__597f9c453c_ab2_b_jubarte	with_comments_tracking	61.01	38.1	12	12	12	0
62	with_comments_tracking__5be7e15662_ab3_07_jub_with_base_word_settings_xml	with_comments_tracking	61.01	38.1	12	12	12	0
63	with_comments_tracking__66b5ae08ae_ab3_06_jub_with_base_word_commentsids_xml	with_comments_tracking	61.01	38.1	12	12	12	0
64	with_comments_tracking__dc8bc2527d_ab3_04_jub_with_base_word_commentsextended_xml	with_comments_tracking	61.01	38.1	12	12	12	0
65	tracking_without_comments__29379c07bf_002adf0715eed4d213774c26c60c78624c2a3cbb3d0397d2__vs__2e04202552_000e3e7bd2d6215fc7b469cc3e296c1b2a510bc1abc7e0fd_redline_329808a1dc	tracking_without_comments	61.76	51.96	3	3	3	0
66	with_comments_tracking__86191281f8_r2_01_drop_blocks_0-15	with_comments_tracking	62.35	35.62	11	11	11	0
67	clean__57dbc2463b_5fda2eccd82055b20583fbedb99369e4257f9f7aa8ed0986	clean	63.22	59.37	5	5	5	0
68	with_comments_tracking__f782ae23ec_super_editor__wordoriginatedcomments_c146be65__vs__3539cf2404_cli_legacy__replace_test_0a793f01_redline_3303e707c8	with_comments_tracking	63.37	42.21	4	4	4	0
69	tracking_without_comments__98c8b73841_0041d3944715c2fffc5929695f968e5f399e85b139fba063__vs__deff0e697a_00b5defcad6e58038eac35472a2d48c89905068e5ece0cc3_redline_3f2003bc3e	tracking_without_comments	63.55	42.0	3	3	2	0
70	tracking_without_comments__58e8dbed99_c0a8a94f1fbd0a64b613f427aeaafeb44ef2a608460554cb__vs__c07f221713_eb9634eee0b2ef1acef7efc1e0f68f9956208e077be4e02e_redline_14b7e79ab0	tracking_without_comments	63.55	51.62	4	4	4	0
71	clean__df3c3e7c40_behavior__math_func_tests_0434dd11	clean	64.24	46.89	2	2	1	0
72	with_comments_clean__50093b5a2d_f64bfdeadc_accepted_tracking	with_comments_clean	64.44	47.83	1	1	1	0
73	with_comments_tracking__f529133cd5_super_editor__basic_comment_d3ba5f1e__vs__3539cf2404_cli_legacy__replace_test_0a793f01_redline_df497fd549	with_comments_tracking	64.58	41.96	4	4	4	0
74	with_comments_tracking__f529133cd5_super_editor__basic_comment_d3ba5f1e__vs__3539cf2404_cli_legacy__replace_test_0a793f01_redline_a15dd224a7	with_comments_tracking	64.61	41.5	4	4	4	0
75	with_comments_clean__799980e6af_file_12	with_comments_clean	64.62	47.81	1	1	1	0
76	with_comments_clean__073f3be60a_e212b559b2_rejected_tracking	with_comments_clean	64.64	47.79	1	1	1	0
77	clean__98c8b73841_0041d3944715c2fffc5929695f968e5f399e85b139fba063	clean	65.02	55.69	1	1	1	0
78	with_comments_tracking__7166fa4199_document_100_ultimate_demo_id_paraid_overflow__vs__97c3dd2e86_docx_lots_of_comments_addition_redline_addition_redline_2288f27be1	with_comments_tracking	65.05	37.48	11	11	10	0
79	with_comments_clean__d16179a60b_c3cb50c9620520f54d70a4f079a12e94bf94f54f507eff8d	with_comments_clean	65.19	41.26	4	4	4	0
80	with_comments_tracking__5c207ef361_super_editor__font_formatting_runs_8be3565a__vs__bb9c5a8bd5_doc_api_stories__table_style_options_roundtrip_1_redline_350de6087f	with_comments_tracking	65.24	40.39	3	3	3	0
81	tracking_without_comments__d606327b4e_5c1229df35b4f4d9c161eb0e78d69d78168751c82ed36e23__vs__0796a8a2d6_449a3bc16d4c3f2f1c9d6bbac06f7ebbd864234fe008742f_redline_d2e3a1346e	tracking_without_comments	65.39	49.03	5	5	5	0
82	clean__cc93934fd8_0116565f1fe1e7aaae2f11b7ed6af4bd782d9e5282ce0185	clean	65.62	31.57	5	5	4	0
83	with_comments_tracking__b2b3095b48_file_52__vs__ec3dd0df69_file_53_redline_e14d8c4c7d	with_comments_tracking	65.83	40.92	11	11	11	0
84	with_comments_tracking__b2b3095b48_file_52__vs__ec3dd0df69_file_53_redline_589b832f86	with_comments_tracking	66.11	40.86	11	11	11	0
85	with_comments_tracking__a0738533be_gdocs_comments_export__vs__199cb211b5_super_editor__basic_footnotes_5be96945_redline_e5cff4e8d9	with_comments_tracking	66.3	45.86	1	1	1	0
86	with_comments_tracking__5c207ef361_super_editor__font_formatting_runs_8be3565a	with_comments_tracking	66.45	41.81	4	4	4	0
87	with_comments_tracking__3f91c8f0cd_file_9	with_comments_tracking	66.51	41.09	11	11	11	0
88	with_comments_tracking__24ad1aa6e5_docx_lots_of_comments_addition_removal	with_comments_tracking	66.58	41.04	11	11	11	0
89	with_comments_tracking__bd962090cd_s10_control	with_comments_tracking	66.71	42.56	10	10	10	0
90	with_comments_tracking__3fcadf4761_docx_lots_of_comments_addition_removal_redline__vs__24ad1aa6e5_docx_lots_of_comments_addition_removal_redline_48b006f032	with_comments_tracking	66.93	36.35	13	13	12	0
91	with_comments_tracking__18eb110b3b_numwords_fldsimple__vs__60697d46b7_strict01_redline_57dfcda882	with_comments_tracking	67.0	37.72	16	16	15	0
92	with_comments_tracking__b175a00954_file_27	with_comments_tracking	67.11	36.56	12	12	12	0
93	with_comments_tracking__e606f032e6_ab4_a_base_rangeend_moved_into_next_p	with_comments_tracking	67.11	36.56	12	12	12	0
94	tracking_without_comments__83799a0610_00bced7d0ce7770362c5b667b5e92abefcbfcf5315a2bbf6__vs__2e04202552_000e3e7bd2d6215fc7b469cc3e296c1b2a510bc1abc7e0fd_redline_0b2a9d6d97	tracking_without_comments	67.16	45.92	2	2	2	0
95	with_comments_tracking__cb94e969ef_z01_file27_landscape_to_portrait	with_comments_tracking	67.2	36.57	12	12	12	0
96	tracking_without_comments__00f467c010_0008753aa70a6a7b929aa1958001da41574c2d407e5b9863__vs__deff0e697a_00b5defcad6e58038eac35472a2d48c89905068e5ece0cc3_redline_4d1ffaf0a1	tracking_without_comments	67.24	64.1	5	5	5	0
97	with_comments_tracking__468d82c575_c690df8dcf29bb8af8646ae10768e3ca46e8a9ef5b586428__vs__3a5ed45f0d_3d76420524fd4852ab017e1d57f215e37281e965b3f38b31_redline_bbc3223232	with_comments_tracking	67.25	31.73	125	125	134	0
98	tracking_without_comments__5e91be0083_edaa63e59fb2eccfbbe0371a940417a1e9eab2096cf9694a__vs__5d4f20ab0c_e2f20e966e869cb70660df4aa57f109759e3809e2640530c_redline_6f0fc0f2e9	tracking_without_comments	67.52	47.52	7	7	7	0
99	with_comments_tracking__97c3dd2e86_docx_lots_of_comments_addition_redline_addition__vs__9f5481078e_docx_lots_of_comments_addition_redline_redline_d6b1d609c1	with_comments_tracking	67.54	40.64	11	11	11	0
100	with_comments_tracking__24ad1aa6e5_docx_lots_of_comments_addition_removal__vs__e57ad0eaa4_docx_lots_of_comments_addition_redline_ebeb91fe7f	with_comments_tracking	67.54	40.64	11	11	11	0
101	with_comments_tracking__3539cf2404_cli_legacy__replace_test_0a793f01__vs__8df6dfa8d7_alternate_content_redline_5b35efe2bb	with_comments_tracking	67.58	44.68	4	4	4	0
102	with_comments_clean__3cd8706d87_70a6883d16_accepted_tracking	with_comments_clean	67.73	41.09	11	11	11	0
103	with_comments_clean__dc2a65fef2_0aa74e0de4_accepted_tracking	with_comments_clean	67.74	41.1	11	11	11	0
104	with_comments_clean__4af19bfcca_cee8601521_accepted_tracking	with_comments_clean	67.74	41.1	11	11	11	0
105	tracking_without_comments__ef7218d9e8_001893584bf94ff30c98db48cb8a0ea0ea5abc048f3e1a4d__vs__5203829c7a_001cc92b88566d5f930fe57f25813c0bf52a7bdc72c217d0_redline_d7962d3334	tracking_without_comments	67.77	32.19	6	6	5	0
106	with_comments_tracking__18eb110b3b_numwords_fldsimple__vs__60697d46b7_strict01_redline_964719255c	with_comments_tracking	67.81	37.74	16	16	15	0
107	with_comments_tracking__c09b14fcd7_file_196__vs__4e6a261969_file_197_redline_d4ab829066	with_comments_tracking	67.84	41.46	14	14	13	0
108	with_comments_tracking__e11fc429b2_29540ef11ec3fc04ba1bca353f5140559c4b03e76516c7a7__vs__0f6e71381a_7057d180ffd30c96a71aa95e32993d39bf2e59a1eff850b7_redline_b461d6f797	with_comments_tracking	68.01	34.2	26	26	24	0
109	with_comments_tracking__9f5481078e_docx_lots_of_comments_addition_redline	with_comments_tracking	68.02	41.02	11	11	11	0
110	with_comments_tracking__e57ad0eaa4_docx_lots_of_comments_addition__vs__6e2576a091_docx_lots_of_comments_redline_92075b7449	with_comments_tracking	68.13	41.14	11	11	11	0
111	with_comments_clean__9f5481078e_docx_lots_of_comments_addition_redline__vs__ee9bfc2650_docx_lots_of_comments_addition_removal_redline_r_redline_60e784f2de	with_comments_clean	68.19	40.45	11	11	11	0
112	with_comments_clean__ee9bfc2650_docx_lots_of_comments_addition_removal_redline_r__vs__3fcadf4761_docx_lots_of_comments_addition_removal_redline_redline_d2e24e9733	with_comments_clean	68.19	40.45	11	11	11	0
113	with_comments_clean__9f5481078e_docx_lots_of_comments_addition_redline__vs__ee9bfc2650_docx_lots_of_comments_addition_removal_redline_r_redline_d4c19477cb	with_comments_clean	68.27	40.45	11	11	11	0
114	with_comments_clean__ee9bfc2650_docx_lots_of_comments_addition_removal_redline_r__vs__3fcadf4761_docx_lots_of_comments_addition_removal_redline_redline_58cd08049b	with_comments_clean	68.27	40.45	11	11	11	0
115	with_comments_clean__203efad2c1_30f20e787b_rejected_tracking	with_comments_clean	68.28	40.33	11	11	11	0
116	with_comments_clean__9594d79364_d6b1d609c1_accepted_tracking	with_comments_clean	68.3	40.48	11	11	11	0
117	with_comments_clean__e0f7da2354_ebeb91fe7f_accepted_tracking	with_comments_clean	68.3	40.48	11	11	11	0
118	with_comments_clean__08286ffbfb_super_editor__basic_resolved_comment_cac5a1b0	with_comments_clean	68.45	46.57	1	1	1	0
119	with_comments_clean__b389f55091_super_editor__comment_23ee5ec1	with_comments_clean	68.62	46.34	1	1	1	0
120	with_comments_tracking__8b0e267362_sample_document_word_repair_of_our_output_iter2	with_comments_tracking	68.82	38.45	7	7	7	0
121	with_comments_tracking__ed0aa93b58_file_18__vs__9bf625ba95_file_19_redline_8694636a78	with_comments_tracking	68.84	44.82	6	6	6	0
122	clean__acce1b593c_4bb73d9addf1f02e3a2132dcd33a8feb4dfcbe076d43bb0f	clean	69.17	63.34	163	163	163	0
123	with_comments_tracking__c2d49e9ede_super_editor__sd_978_remove_table_borders_47f7ed__vs__f782ae23ec_super_editor__wordoriginatedcomments_c146be65_redline_59addd896d	with_comments_tracking	69.34	45.9	1	1	1	0
124	with_comments_tracking__3acaee795f_red_strikethrough_demo_style_default_missing__vs__70fd78a4f8_redline_cicerodo_v_plate_30_redline_1dbbf3be63	with_comments_tracking	69.91	46.23	5	5	5	0
125	with_comments_tracking__3539cf2404_cli_legacy__replace_test_0a793f01__vs__3b639ef236_super_editor__sdpr_8cc15994_redline_1b5dd9fc3f	with_comments_tracking	70.05	42.27	5	5	5	0
126	tracking_without_comments__1b9445becb_000516b844a100814a91ff4628bfc37fed6090074bfa22e1__vs__2e04202552_000e3e7bd2d6215fc7b469cc3e296c1b2a510bc1abc7e0fd_redline_5c9b55c96b	tracking_without_comments	70.24	51.35	2	2	2	0
127	with_comments_clean__4c88c86790_footnotes_sample_gdocs_comments_export_word_redl	with_comments_clean	70.34	47.07	1	1	1	0
128	with_comments_clean__ea8fbfadec_849e0cb7c4_rejected_tracking	with_comments_clean	70.35	48.06	1	1	1	0
129	with_comments_clean__57ff9e1b30_file_89	with_comments_clean	70.42	48.06	1	1	1	0
130	with_comments_tracking__ab85c77154_file_115__vs__b7219494de_file_116_redline_61959b1953	with_comments_tracking	70.52	44.21	13	13	13	0
131	tracking_without_comments__bc514b554e_00d979c97e42f03faff5f49e2a7dfa9afd30996214602e19__vs__5203829c7a_001cc92b88566d5f930fe57f25813c0bf52a7bdc72c217d0_redline_e16b4e056d	tracking_without_comments	70.6	42.23	5	5	5	0
132	with_comments_clean__123925fd74_af568343b6_accepted_tracking	with_comments_clean	70.8	44.35	5	5	5	0
133	with_comments_tracking__54a019bcbc_2288f27be1_accepted_tracking	with_comments_tracking	70.93	37.46	11	11	10	0
134	tracking_without_comments__8cd372b814_0193e5015be906eb45df5f7b3ceb682c7ff53cb52f15a0bf__vs__333bfe069a_003416d620331122b93b434dad901db5836f60d2cad4b533_redline_642d34f1f7	tracking_without_comments	71.06	39.56	3	3	3	0
135	with_comments_clean__6ef6726c28_comments_complex_style_attr_word_redline_accepte	with_comments_clean	71.07	47.49	1	1	1	0
136	tracking_without_comments__b6dd0b6ae8_015a4f5a16a110026418c0a7f5eefa69ce6d5f9bcfc2d955__vs__aa5340125d_00a4b0b91e9b5b072dc3771391c2d608518690eccf44eae8_redline_e54e43a5e5	tracking_without_comments	71.37	0.0	7	7		0
137	clean__082d9aa8f2_78a0884f59673c9880c3e5e1b556be7401a73e25b0af4358	clean	71.37	64.98	3	3	3	0
138	with_comments_clean__04a44a5b5d_bc6f8076f9_accepted_tracking	with_comments_clean	71.43	37.23	11	11	10	0
139	tracking_without_comments__2bab05c754_ffd49b5063e67046c9f153c47db6c135f5fa608059fbaeed__vs__12e5df2f0d_fb5fecf276864b845bd126cac8f38b15d057528102703f2f_redline_762d8c58c6	tracking_without_comments	71.48	68.43	2	2	2	0
140	with_comments_tracking__664d982e2d_ab3_08_jub_with_base_word_styles_xml	with_comments_tracking	71.52	35.75	13	13	11	0
141	with_comments_clean__a0738533be_gdocs_comments_export	with_comments_clean	71.53	44.96	1	1	1	0
142	with_comments_tracking__9bf625ba95_file_19__vs__2bf4db734d_file_20_redline_6dee5896b8	with_comments_tracking	71.69	44.29	5	5	5	0
143	with_comments_tracking__9bf625ba95_file_19__vs__2bf4db734d_file_20_redline_b0f67f066b	with_comments_tracking	71.78	44.26	5	5	5	0
144	with_comments_tracking__876944b3c8_r2_08_drop_blocks_94-109	with_comments_tracking	71.84	38.69	10	10	10	0
145	with_comments_tracking__df097720f7_file_131__vs__3c60cce945_file_132_redline_fa05623f53	with_comments_tracking	71.89	52.54	9	9	9	0
146	with_comments_tracking__26ce1d6300_super_editor__diff_after5_9fb9d5b4__vs__b389f55091_super_editor__comment_23ee5ec1_redline_fef7e1df16	with_comments_tracking	71.93	46.73	1	1	1	0
147	with_comments_tracking__735c372b41_super_editor__diff_after8_58e5c288__vs__de3c6fded9_super_editor__doc_with_spacing_e3d47bd7_redline_12fca96084	with_comments_tracking	71.98	44.81	2	2	2	0
148	with_comments_tracking__bd768e6c17_file_74__vs__8c79860f8d_file_75_redline_58c827e77a	with_comments_tracking	72.15	48.49	11	11	11	0
149	tracking_without_comments__8e534b49f0_00a9b37342f07e6b9bd5b8fffbe4dd777d31053171e69da2__vs__bd3824dd1e_000ee64ef7226d353297888f59a251e24ce5d776fea000fa_redline_ea09a6505d	tracking_without_comments	72.17	0.0	12	12		0
150	with_comments_tracking__ec3dd0df69_file_53__vs__94ed0def64_file_54_redline_d12806f3e8	with_comments_tracking	72.19	48.47	11	11	11	0
151	with_comments_tracking__be5bf990cb_file_16__vs__d6ba4fabd2_file_17_redline_cbf73c2d81	with_comments_tracking	72.2	49.53	11	11	11	0
152	with_comments_tracking__1072677c3a_file_6__vs__1b8ec2a8cd_file_7_redline_29e3872eed	with_comments_tracking	72.21	48.74	11	11	11	0
153	with_comments_tracking__3f91c8f0cd_file_9__vs__e3d833aef0_file_10_redline_db13a691da	with_comments_tracking	72.23	49.33	11	11	11	0
154	clean__014f5b166b_0085209e9b3ab0868bc2f0148f1d27f12a95fa9a49727438	clean	72.42	39.03	3	3	3	0
155	with_comments_tracking__97b2e714de_super_editor__broken_list_7e9b9bf7__vs__b389f55091_super_editor__comment_23ee5ec1_redline_5dbff5ca6e	with_comments_tracking	72.63	47.77	1	1	1	0
156	with_comments_tracking__2b6c7be6bd_super_editor__nested_comments_84f214bb__vs__671ff91b1d_behavior__sd_2750_borderbox_7cd3768d_redline_0858ee25d5	with_comments_tracking	72.93	44.94	3	3	3	0
157	with_comments_tracking__49f80b9f0f_z02_file27_drop_landscape_break	with_comments_tracking	73.12	36.3	11	11	11	0
158	with_comments_tracking__e70f1134dd_super_editor__diff_before8_ba5faa9e__vs__671ff91b1d_behavior__sd_2750_borderbox_7cd3768d_redline_0e6cc23727	with_comments_tracking	73.27	43.09	4	4	3	0
159	tracking_without_comments__b2aba6af49_af7f234031b030c204bb9d410ee3e339406faa0e97eaa8bc__vs__f235c0d3f7_ad2add2aad4f07a8bab66ba9df06bac74d5dd077c6809d37_redline_86518c6d5b	tracking_without_comments	73.28	45.84	30	30	29	0
160	with_comments_tracking__a15661410a_r2_07_drop_blocks_81-93	with_comments_tracking	73.28	37.27	11	11	11	0
161	tracking_without_comments__e1c745d784_008243ee20adecbf2ae39c9e6809b022076aa166a4a4f9ec__vs__aa5340125d_00a4b0b91e9b5b072dc3771391c2d608518690eccf44eae8_redline_4b8e914996	tracking_without_comments	73.29	0.0	9	9		0
162	with_comments_tracking__ef1e1c68e9_super_editor__basic_paragraph_1774f4e4__vs__08286ffbfb_super_editor__basic_resolved_comment_cac5a1b0_redline_a586f6ef54	with_comments_tracking	73.3	47.0	1	1	1	0
163	clean__d7ff479cb7_ce433a28fb_accepted_tracking	clean	73.37	58.5	1	1	1	0
164	with_comments_clean__0f6e71381a_7057d180ffd30c96a71aa95e32993d39bf2e59a1eff850b7	with_comments_clean	73.51	37.36	18	18	17	0
165	with_comments_clean__0b6b168179_s20_control	with_comments_clean	73.51	37.39	18	18	17	0
166	with_comments_tracking__18d1a4ad46_super_editor__sd_2534_collab_export_f3c7fdf7__vs__52dab5bc1c_super_editor__sdt_node_comment_ec887683_redline_cf8049bd45	with_comments_tracking	73.52	39.24	1	1	1	0
167	tracking_without_comments__87dc2ebfec_00ee07057c69b24e2be4bf1a2684792bf6141fdccc35d075__vs__2773adf157_0004c94ca2a8684d47449bb0e7abf87de1df71a7e6543252_redline_9e8fdebfa2	tracking_without_comments	73.53	35.72	4	4	4	0
168	clean__1f22b7b009_153542e701bb134da7aee3bb1c4be1f1458fb401ed835378	clean	73.7	39.45	1	1	1	0
169	with_comments_clean__24247ecc6f_red_strikethrough_demo_style_default_missing_red	with_comments_clean	73.74	45.73	5	5	5	0
170	with_comments_clean__cc8a672efd_s22_sandwich_p_p_p	with_comments_clean	73.74	36.77	19	19	17	0
171	with_comments_tracking__b389f55091_super_editor__comment_23ee5ec1__vs__6d773ca294_super_editor__annot2_03ae6b74_redline_b0d09c67a7	with_comments_tracking	73.85	47.13	1	1	1	0
172	with_comments_tracking__70fd78a4f8_redline_cicerodo_v_plate_30	with_comments_tracking	74.0	44.94	5	5	5	0
173	with_comments_tracking__42d59beb40_super_editor__diff_after10_ac257741__vs__a0e6a09304_super_editor__diff_after11_1d5b767f_redline_1c89a9e553	with_comments_tracking	74.11	47.13	1	1	1	0
174	with_comments_clean__9c16351d3a_3796807136_accepted_tracking	with_comments_clean	74.47	48.11	1	1	1	0
175	with_comments_clean__d4f4f33ca7_ce3c279407c9eb4e94d8e9f4ca9e68b8f882674fc6a1caff	with_comments_clean	74.48	43.42	6	6	6	0
176	clean__bb7d7ca374_44325609d4be3b0e6299cdbd606242aab96b8e4abba544e0	clean	74.64	57.79	3	3	4	0
177	with_comments_tracking__d48e02b548_super_editor__google_docs_originated_comments__vs__e70f1134dd_super_editor__diff_before8_ba5faa9e_redline_e4569d0756	with_comments_tracking	74.89	45.52	1	1	1	0
178	with_comments_tracking__b175a00954_file_27__vs__f32428a03a_file_28_redline_f8f8d224f2	with_comments_tracking	75.05	46.46	13	13	12	0
179	clean__6df7cf2688_strikethrough_text_formatting_demo_id_paraid_ove	clean	75.05	61.14	1	1	1	0
180	with_comments_clean__527ec4ed07_strict01_sdt_controls_strict01_word_redline_acce	with_comments_clean	75.38	44.64	13	13	13	0
181	with_comments_tracking__ef1e1c68e9_super_editor__basic_paragraph_1774f4e4__vs__08286ffbfb_super_editor__basic_resolved_comment_cac5a1b0_redline_603ef0419b	with_comments_tracking	75.4	43.27	1	1	1	0
182	with_comments_tracking__f43929f70c_verdana_bold_large_font_id_paraid_overflow__vs__3413da1703_verdana_font_demo_id_paraid_overflow_2_redline_7da45f822a	with_comments_tracking	75.56	46.26	1	1	1	0
183	with_comments_tracking__e70f1134dd_super_editor__diff_before8_ba5faa9e__vs__420a528aa0_super_editor__instrtext_angled_brackets_bug_ed56_redline_dc9bcfd88b	with_comments_tracking	75.77	43.92	1	1	1	0
184	with_comments_clean__8c3923e914_numwords_fldsimple_ole_object_word_redline_accep	with_comments_clean	75.87	36.66	14	14	13	0
185	tracking_without_comments__a9e2f2c9c6_03db4d3e4022d9613a4bbbb7f7b4bc98bed915d4491cb897__vs__c1cedb8036_69a2a8e394a84cca8e1967d25209161383ea946367eb075a_redline_00896f454e	tracking_without_comments	76.05	43.81	4	4	4	0
186	with_comments_clean__8061e5912f_file_159	with_comments_clean	76.13	48.01	1	1	1	0
187	tracking_without_comments__0b5f1f7cad_003ca0a88e8358b347e771feb6970ff773753fad85416364__vs__a5f2b9318d_002aa60c2ae1187417b4b157c5ec6450324cc056ec551a12_redline_2b03bf1e4a	tracking_without_comments	76.21	61.06	6	6	6	0
188	clean__2a5302627e_file_109	clean	76.22	62.04	1	1	1	0
189	tracking_without_comments__7c574c6405_75ec25360b1ad076f683dc85c01cb39e1c1a73264f48f966__vs__0623cf25e8_fbd9a532ec1595761c8da6dc475ac9154c1d81c002e99cf5_redline_6fe4ab13ba	tracking_without_comments	76.39	55.61	5	5	5	0
190	tracking_without_comments__b8b44bb609_52ee8bfbc7_rejected_tracking	tracking_without_comments	76.54	64.98	1	1	1	0
191	clean__c52c06ab28_superscript_demo_id_paraid_overflow	clean	76.68	59.86	1	1	1	0
192	tracking_without_comments__63f2ae8323_00d7e931786f09113a59daafeb4c51113fbd97f3f09d93c2__vs__342f364d46_001342333d45627868f4dc5282abbba4598a91b4a7584b08_redline_6f561090f4	tracking_without_comments	76.7	60.04	5	5	5	0
193	with_comments_clean__a4793465bd_9e3417adee_accepted_tracking	with_comments_clean	76.96	48.11	1	1	1	0
194	with_comments_tracking__838af02d11_file_173__vs__13ea153d22_file_174_redline_79f93926e2	with_comments_tracking	77.04	49.02	1	1	1	0
195	clean__d8a845238d_56a26572796fbc6d2df49d9b938ef980a763b004e1afff57	clean	77.05	70.05	4	4	5	0
196	tracking_without_comments__53de8de92b_file_183__vs__abd0b75d88_file_184_redline_d40e4d812a	tracking_without_comments	77.18	65.67	1	1	1	0
197	with_comments_tracking__84f5fb598b_super_editor__diff_before11_1b953eaf__vs__7962b06671_super_editor__bookmark_use_cases_d20f31f6_redline_2e61a08273	with_comments_tracking	77.41	49.39	1	1	1	0
198	clean__4778a1a764_e20d987733a84f9080f6a514f74423bf5e3362681249ddcc	clean	77.46	53.55	3	3	3	0
199	tracking_without_comments__1f22b7b009_153542e701bb134da7aee3bb1c4be1f1458fb401ed835378__vs__524cd290f3_f6e23a442c10a2b2645a49855e3bcb779b2d7bf34b37e612_redline_a7fa1e6bff	tracking_without_comments	77.73	49.14	2	2	2	0
200	with_comments_tracking__9f6091a4ac_super_editor__threaded_comment_27bda0ba__vs__5fa01813d3_super_editor__basic_table_shading_d3212ffd_redline_67d0b6f3e8	with_comments_tracking	77.8	43.35	1	1	1	0
201	with_comments_clean__1ff409b837_r5_07_start_body	with_comments_clean	77.88	48.05	1	1	1	0
202	with_comments_clean__3a3bc1c83f_r5_00_one_para	with_comments_clean	77.88	48.05	1	1	1	0
203	with_comments_clean__69b325a8cd_r5_01_end_p1_ref_p2_start	with_comments_clean	77.88	48.05	1	1	1	0
204	with_comments_clean__8ee3977725_r5_06_end_p1_ref_p2_end	with_comments_clean	77.88	48.05	1	1	1	0
205	with_comments_tracking__799980e6af_file_12__vs__2bd5ae6064_file_13_redline_612a3c24fa	with_comments_tracking	77.89	48.24	1	1	1	0
206	with_comments_clean__29e129626a_s21_sandwich_p_l_p	with_comments_clean	77.97	37.68	19	19	18	0
207	with_comments_tracking__64bdd3aded_footnotes_sample__vs__a0738533be_gdocs_comments_export_redline_75ff938b20	with_comments_tracking	78.0	47.44	1	1	1	0
208	with_comments_clean__2dcc8240a1_2e3f1e261d_accepted_tracking	with_comments_clean	78.1	43.37	9	9	9	0
209	with_comments_tracking__799980e6af_file_12__vs__2bd5ae6064_file_13_redline_e212b559b2	with_comments_tracking	78.16	48.2	1	1	1	0
210	clean__fba040ceb5_822f13252f95988184e7649eef5602a140d69cd09436e59b	clean	78.16	52.4	4	4	5	0
211	with_comments_tracking__a0738533be_gdocs_comments_export__vs__d5a56cdeb3_super_editor__gdocs_single_comment_ac5db87f_redline_745218f254	with_comments_tracking	78.28	47.74	1	1	1	0
212	clean__9dae9e9b72_000791b1b7deeceae0aa74c4622c158acece69ace93f2b38	clean	78.29	63.95	1	1	1	0
213	with_comments_tracking__a0e6a09304_super_editor__diff_after11_1d5b767f__vs__3e50084c2e_super_editor__diff_after16_2a48697a_redline_9ee52e15be	with_comments_tracking	78.56	46.25	1	1	1	0
214	with_comments_clean__5685031fef_69a4d71d6f_rejected_tracking	with_comments_clean	78.56	45.72	1	1	1	0
215	clean__c7f95cb37a_0192c1b380b2699613b4c4047b248e03a3748ad4682226f2	clean	78.57	52.88	2	2	2	0
216	with_comments_tracking__dccd972179_file_142__vs__0483e899af_file_143_redline_4dc72c3d9f	with_comments_tracking	78.57	39.51	5	5	5	0
217	with_comments_tracking__b389f55091_super_editor__comment_23ee5ec1__vs__3e50084c2e_super_editor__diff_after16_2a48697a_redline_eb468b0385	with_comments_tracking	78.66	46.28	1	1	1	0
218	with_comments_tracking__adc9f524d1_comments__vs__5d17fd43a9_complex_style_attr_redline_2061218d44	with_comments_tracking	78.67	46.56	1	1	1	0
219	with_comments_tracking__2bd5ae6064_file_13__vs__836d7aa3c4_file_14_redline_259023733f	with_comments_tracking	78.85	39.58	5	5	5	0
220	with_comments_tracking__eb714d5f76_evals__blank_bc294b57__vs__bb35ae41ba_evals__comments_doc_79800b37_redline_58a2de4812	with_comments_tracking	78.87	47.37	1	1	1	0
221	with_comments_tracking__812c0181d7_file_68__vs__4304570867_file_69_redline_b83c047cac	with_comments_tracking	78.88	39.59	5	5	5	0
222	with_comments_tracking__2c0a2ac35f_double_spacing_bold_demo_id_paraid_overflow__vs__90cef57bac_eigenpal_docx_editor_suggesting_mixed_edits_redline_5d3a04d9a6	with_comments_tracking	78.9	39.76	5	5	5	0
223	with_comments_tracking__3faf9e000d_super_editor__text_color_highlight_36cb4c90__vs__9f6091a4ac_super_editor__threaded_comment_27bda0ba_redline_64e3ba9c22	with_comments_tracking	78.91	45.97	1	1	1	0
224	tracking_without_comments__a378be6fbe_file_103__vs__a83d3922a8_file_104_redline_01549caf3b	tracking_without_comments	78.92	62.7	1	1	1	0
225	with_comments_clean__ef0c9ed68a_2061218d44_rejected_tracking	with_comments_clean	78.93	44.51	1	1	1	0
226	with_comments_tracking__36fbd8c734_sales_report_january_2026_suggesting_insertions__vs__81158d928d_sample_document_afterword_repaired_word_repaired_redline_46247b70dc	with_comments_tracking	78.93	39.8	5	5	5	0
227	with_comments_tracking__2bd5ae6064_file_13__vs__836d7aa3c4_file_14_redline_01ffe97a5e	with_comments_tracking	78.93	39.57	5	5	5	0
228	tracking_without_comments__277b6145d6_italic_and_underline_combo_style_default_missing__vs__e1201c51d4_italic_subscript_demo_style_default_missing_redline_eb9f33dadd	tracking_without_comments	78.97	68.37	1	1	1	0
229	with_comments_tracking__812c0181d7_file_68__vs__4304570867_file_69_redline_dd2370e500	with_comments_tracking	78.99	39.61	5	5	5	0
230	tracking_without_comments__fe56cf6167_108f7099011f37945d9dbedca4d1bb0bceca12f388dea92d__vs__2fd5e4820a_1173e1c5df6f7197eebd8a9f2603347549bf5d33409e347c_redline_5d431c38ff	tracking_without_comments	79.03	64.9	3	3	3	0
231	with_comments_clean__9f6091a4ac_super_editor__threaded_comment_27bda0ba	with_comments_clean	79.19	47.55	1	1	1	0
232	with_comments_tracking__b389f55091_super_editor__comment_23ee5ec1__vs__ea7427b18a_super_editor__complex_list_def_issue_326369f9_redline_4e153e7d8c	with_comments_tracking	79.25	46.93	1	1	1	0
233	with_comments_tracking__830eb0f0a2_file_169__vs__bc85714262_file_170_redline_b9beefb7de	with_comments_tracking	79.26	42.17	4	4	4	0
234	tracking_without_comments__b6dd0b6ae8_015a4f5a16a110026418c0a7f5eefa69ce6d5f9bcfc2d955__vs__333bfe069a_003416d620331122b93b434dad901db5836f60d2cad4b533_redline_59dbbc9d85	tracking_without_comments	79.27	44.76	6	6	6	0
235	with_comments_clean__882e251894_c41a01217b430717fbacf9cd114aed87b99db718803e1801	with_comments_clean	79.34	38.2	4	4	4	0
236	clean__1d6aaded23_96817b4d3631f78007ec8404ade5ef288b61af0d66770002	clean	79.39	74.58	6	6	6	0
237	with_comments_tracking__382497a0a8_super_editor__python_docx_comment_test_501f21cb__vs__bcc7379f64_super_editor__paragraph_spacing_missing_de418c38_redline_b37d04ac06	with_comments_tracking	79.48	45.48	1	1	1	0
238	with_comments_tracking__836d7aa3c4_file_14__vs__70a28a8258_file_15_redline_25f1d6ecc3	with_comments_tracking	79.55	40.99	3	3	3	0
239	with_comments_tracking__830eb0f0a2_file_169__vs__bc85714262_file_170_redline_10358095a4	with_comments_tracking	79.57	42.13	4	4	4	0
240	with_comments_tracking__92589c3e37_super_editor__pre_separated_list_bd330d28__vs__382497a0a8_super_editor__python_docx_comment_test_501f21cb_redline_f72e40955d	with_comments_tracking	79.61	47.33	1	1	1	0
241	with_comments_clean__bb35ae41ba_evals__comments_doc_79800b37	with_comments_clean	79.63	47.59	1	1	1	0
242	tracking_without_comments__a291bf4a73_behavior__rtl_header_footer_e1ac81f6__vs__7c87c9cd93_super_editor__complex_list_def_short_fde20a67_redline_a3d368c883	tracking_without_comments	79.72	76.19	1	1	1	0
243	tracking_without_comments__74afe04686_000416d5ee481974205314977bda4d0b297b97cf56f55f5a__vs__aa5340125d_00a4b0b91e9b5b072dc3771391c2d608518690eccf44eae8_redline_c0ccf8398d	tracking_without_comments	79.74	37.04	3	3	2	0
244	with_comments_tracking__eb2f3c86b5_vfdsdfcacawesd_suggesting_mixed_edits	with_comments_tracking	79.85	47.37	2	2	2	0
245	with_comments_tracking__4f0a3847e3_verdana_italic_centered_demo_id_paraid_overflow__vs__eb2f3c86b5_vfdsdfcacawesd_suggesting_mixed_edits_redline_5af67335fe	with_comments_tracking	79.91	48.03	2	2	2	0
246	with_comments_tracking__e9d5410452_file_191	with_comments_tracking	79.91	47.35	2	2	2	0
247	with_comments_tracking__84f5fb598b_super_editor__diff_before11_1b953eaf__vs__d6a1c42901_super_editor__diff_before16_f518c031_redline_eef71e03e0	with_comments_tracking	79.94	48.24	1	1	1	0
248	tracking_without_comments__563331c6f3_super_editor__broken_complex_list_293fda86__vs__ad43500302_super_editor__list_numbering_reimport_d788d573_redline_f6ab1636eb	tracking_without_comments	79.98	62.79	1	1	1	0
249	with_comments_tracking__cbb3bab843_word_tolerated_orphan_comment__vs__cefef4e4f5_yellow_highlight_demo_id_paraid_overflow_redline_3796807136	with_comments_tracking	80.01	47.1	1	1	1	0
250	with_comments_tracking__1fda7fa6e2_file_187__vs__66e70631fb_file_188_redline_92ec8417eb	with_comments_tracking	80.07	42.07	5	5	5	0
251	with_comments_clean__d5a56cdeb3_super_editor__gdocs_single_comment_ac5db87f	with_comments_clean	80.07	48.28	1	1	1	0
252	tracking_without_comments__36c5050fba_super_editor__list_with_indents_efc7d4f5__vs__d0281643d2_super_editor__hello_docx_world_12f11074_redline_5b4a8e06a2	tracking_without_comments	80.09	76.6	1	1	1	0
253	tracking_without_comments__b27bda87ed_0023f7c421a05af9c44fb4ff9ef1bce46c53a081779b1e72__vs__deff0e697a_00b5defcad6e58038eac35472a2d48c89905068e5ece0cc3_redline_84af8aeb48	tracking_without_comments	80.14	49.96	4	4	4	0
254	with_comments_tracking__0483e899af_file_143__vs__cc82deb093_file_144_redline_428f3f3022	with_comments_tracking	80.15	41.75	3	3	3	0
255	clean__99c11b7d8e_f518c13245b2fdb7c69dc16a268913a43656a97451645fbe	clean	80.16	46.37	4	4	4	0
256	clean__135cc33d36_roboto_font_demo_id_paraid_overflow_2_roboto_fon	clean	80.21	69.33	1	1	1	0
257	clean__80c61daaae_roboto_font_demo_id_paraid_overflow	clean	80.21	69.33	1	1	1	0
258	with_comments_tracking__9f6091a4ac_super_editor__threaded_comment_27bda0ba__vs__5fa01813d3_super_editor__basic_table_shading_d3212ffd_redline_a5450b8b72	with_comments_tracking	80.24	43.42	1	1	1	0
259	with_comments_tracking__66dcec3e49_file_175__vs__8f47b1dc90_file_176_redline_acccebf575	with_comments_tracking	80.26	41.34	7	7	7	0
260	tracking_without_comments__fdaf71bd6b_file_38__vs__d62983b275_file_39_redline_618d22429e	tracking_without_comments	80.3	79.25	1	1	1	0
261	tracking_without_comments__0bf5192ed0_00afb3e6b2bb1a5ab1e1770ba41f6f455f87472d24ab2767	tracking_without_comments	80.31	60.77	2	2	2	0
262	with_comments_tracking__4304570867_file_69__vs__af2bb3fa96_file_70_redline_3dac82f40a	with_comments_tracking	80.35	42.54	3	3	3	0
263	clean__f235c0d3f7_ad2add2aad4f07a8bab66ba9df06bac74d5dd077c6809d37	clean	80.35	49.59	24	24	23	0
264	with_comments_tracking__382497a0a8_super_editor__python_docx_comment_test_501f21cb__vs__3d8acd6139_super_editor__restart_numbering_sub_list_85ddcb7_redline_67c6a3bca6	with_comments_tracking	80.35	47.73	1	1	1	0
265	with_comments_tracking__b389f55091_super_editor__comment_23ee5ec1__vs__ea7427b18a_super_editor__complex_list_def_issue_326369f9_redline_108332354e	with_comments_tracking	80.37	47.01	1	1	1	0
266	with_comments_tracking__68526de79b_file_77__vs__7476f5fbb1_file_78_redline_7cc19c9376	with_comments_tracking	80.4	40.87	3	3	3	0
267	with_comments_tracking__66dcec3e49_file_175__vs__8f47b1dc90_file_176_redline_485599b4e9	with_comments_tracking	80.45	41.3	7	7	7	0
268	tracking_without_comments__eb82ad6df1_heading_1_bold_demo_id_paraid_overflow__vs__f6bf50a9ee_heading_1_style_demo_id_paraid_overflow_redline_4fcfb3e558	tracking_without_comments	80.47	79.21	1	1	1	0
269	with_comments_tracking__1e212fbfdc_file_122__vs__85692b483f_file_123_redline_2ba84d60d1	with_comments_tracking	80.47	47.03	1	1	1	0
270	with_comments_tracking__8ef32902e8_file_158__vs__8061e5912f_file_159_redline_c0a3ea22ca	with_comments_tracking	80.5	46.88	1	1	1	0
271	with_comments_tracking__ac0bcc10fe_file_146__vs__9c0dd6b3f6_file_147_redline_ee80941306	with_comments_tracking	80.55	42.0	6	6	6	0
272	with_comments_clean__bffb81f86c_file_192	with_comments_clean	80.56	48.19	1	1	1	0
273	tracking_without_comments__7098537b0d_super_editor__base_custom_544164f9__vs__ee61fb4ab3_super_editor__base_ordered_fdff1fb2_redline_75bb11cb8b	tracking_without_comments	80.58	69.91	1	1	1	0
274	with_comments_tracking__f529133cd5_super_editor__basic_comment_d3ba5f1e__vs__3b639ef236_super_editor__sdpr_8cc15994_redline_62f0f8ee91	with_comments_tracking	80.58	42.0	2	2	2	0
275	with_comments_clean__3413da1703_verdana_font_demo_id_paraid_overflow_2__vs__ac4b41aa8e_verdana_font_demo_id_paraid_overflow_redline_d5efaa5b6d	with_comments_clean	80.7	47.89	1	1	1	0
276	with_comments_clean__db841a5ac1_yellow_highlight_italic_demo_style_default_missi	with_comments_clean	80.71	47.7	1	1	1	0
277	tracking_without_comments__d6229441a5_0022208cff905cd74261067032c22afa148e0f63496c7f66__vs__deff0e697a_00b5defcad6e58038eac35472a2d48c89905068e5ece0cc3_redline_668dfd16e6	tracking_without_comments	80.75	55.87	5	5	5	0
278	tracking_without_comments__2ad8d15e88_00e901c5aa86bd93002ce801375c57e44c2c78a0e5b308d3__vs__1424386e9b_017447de83753a0e3b7afc659df038ef56972925336c6a5b_redline_37a937b13b	tracking_without_comments	80.81	63.22	4	4	4	0
279	tracking_without_comments__9e80f22c51_behavior__word_native_bullet_circle_80d6f323__vs__79cb6b6c0f_behavior__word_native_bullet_disc_bfbeb2dd_redline_d520bb823d	tracking_without_comments	80.82	64.71	1	1	1	0
280	tracking_without_comments__75aeff4f58_super_editor__diff_after9_a9d4b4b0__vs__b5a6dd6c66_super_editor__diff_before_019353a2_redline_9df1aeb177	tracking_without_comments	80.84	47.76	1	1	1	0
281	with_comments_tracking__08286ffbfb_super_editor__basic_resolved_comment_cac5a1b0__vs__5fa01813d3_super_editor__basic_table_shading_d3212ffd_redline_e89c50b8fe	with_comments_tracking	80.85	43.39	1	1	1	0
282	with_comments_clean__85692b483f_file_123	with_comments_clean	80.99	47.74	1	1	1	0
283	with_comments_tracking__ac4b41aa8e_verdana_font_demo_id_paraid_overflow__vs__4f0a3847e3_verdana_italic_centered_demo_id_paraid_overflow_redline_30d1cde0ac	with_comments_tracking	81.01	46.64	1	1	1	0
284	with_comments_tracking__3e43d24c46_clear_formatting_demo_id_paraid_overflow__vs__adc9f524d1_comments_redline_d484b575c0	with_comments_tracking	81.01	46.63	1	1	1	0
285	tracking_without_comments__29379c07bf_002adf0715eed4d213774c26c60c78624c2a3cbb3d0397d2__vs__5203829c7a_001cc92b88566d5f930fe57f25813c0bf52a7bdc72c217d0_redline_3f1f7e911f	tracking_without_comments	81.06	47.57	4	4	4	0
286	with_comments_clean__ed6c82cead_word_tolerated_broken_media_rel	with_comments_clean	81.07	48.3	1	1	1	0
287	with_comments_clean__409867707c_61a16c9bdc534801a19fcf808fdddd50a7cd74d1efd6113e	with_comments_clean	81.13	41.93	15	15	15	0
288	with_comments_tracking__13fe9e77fd_r4_02_all_in_cell	with_comments_tracking	81.14	45.96	2	2	2	0
289	with_comments_tracking__bffb81f86c_file_192__vs__878549f8f2_file_193_redline_11675a8de2	with_comments_tracking	81.17	48.47	1	1	1	0
290	tracking_without_comments__0048ba31dd_000be19a055234f8e79ec0baadc41d2a49050b2ea0a60654__vs__bd3824dd1e_000ee64ef7226d353297888f59a251e24ce5d776fea000fa_redline_f852ffac2f	tracking_without_comments	81.19	64.77	3	3	3	0
291	with_comments_clean__cbb3bab843_word_tolerated_orphan_comment	with_comments_clean	81.22	40.02	1	1	1	0
292	with_comments_tracking__1e212fbfdc_file_122__vs__85692b483f_file_123_redline_71159007ab	with_comments_tracking	81.23	46.97	1	1	1	0
293	with_comments_tracking__d5a56cdeb3_super_editor__gdocs_single_comment_ac5db87f__vs__bc78614a22_super_editor__gdocs_tracked_changes_3c1de315_redline_99740a096f	with_comments_tracking	81.23	46.63	1	1	1	0
294	with_comments_tracking__9f6091a4ac_super_editor__threaded_comment_27bda0ba__vs__776a437291_behavior__two_column_simple_e77be963_redline_a954a57308	with_comments_tracking	81.3	39.58	17	17	17	0
295	with_comments_clean__2b6c7be6bd_super_editor__nested_comments_84f214bb	with_comments_clean	81.39	47.71	1	1	1	0
296	tracking_without_comments__dd6dbfb284_super_editor__diff_after2_fc1e0763__vs__14211b982b_super_editor__simple_ordered_list_8288421a_redline_6529d3bcd8	tracking_without_comments	81.39	52.74	1	1	1	0
297	with_comments_tracking__f529133cd5_super_editor__basic_comment_d3ba5f1e__vs__75aeff4f58_super_editor__diff_after9_a9d4b4b0_redline_8abeeabff4	with_comments_tracking	81.48	46.98	1	1	1	0
298	tracking_without_comments__421f2efe62_file_178__vs__e69c316f39_file_179_redline_69dadc11a4	tracking_without_comments	81.52	68.35	1	1	1	0
299	tracking_without_comments__3d8acd6139_super_editor__restart_numbering_sub_list_85ddcb7__vs__76827c9f6c_super_editor__sd_1480_two_col_index_0138dccc_redline_afbbc2af9f	tracking_without_comments	81.57	70.46	1	1	1	0
300	with_comments_tracking__52dab5bc1c_super_editor__sdt_node_comment_ec887683__vs__7367931dbf_super_editor__sdt_test_60079f08_redline_23e5ec96c0	with_comments_tracking	81.57	46.19	1	1	1	0
301	with_comments_tracking__3b639ef236_super_editor__sdpr_8cc15994__vs__52dab5bc1c_super_editor__sdt_node_comment_ec887683_redline_95072bfcd6	with_comments_tracking	81.59	40.97	2	2	2	0
302	with_comments_clean__f2ecba2e9a_bfff2b1ab0_accepted_tracking	with_comments_clean	81.62	48.17	1	1	1	0
303	tracking_without_comments__ecba8d5b3b_file_45__vs__b126641535_file_46_redline_ba99195c25	tracking_without_comments	81.65	62.69	1	1	1	0
304	with_comments_clean__ded7521c6f_verdana_italic_centered_demo_id_paraid_overflow	with_comments_clean	81.68	47.83	2	2	2	0
305	tracking_without_comments__a5eb266a1f_016236e3bf778292b45976ecd4a34b45d02104f47db7a3ca__vs__aa5340125d_00a4b0b91e9b5b072dc3771391c2d608518690eccf44eae8_redline_9a2234ae00	tracking_without_comments	81.69	48.33	2	2	2	0
306	tracking_without_comments__9af9772ce2_font_family_demo_id_paraid_overflow__vs__7cf8462738_font_size_12_demo_id_paraid_overflow_redline_3100fbed33	tracking_without_comments	81.75	73.82	1	1	1	0
307	tracking_without_comments__d6229441a5_0022208cff905cd74261067032c22afa148e0f63496c7f66__vs__bd3824dd1e_000ee64ef7226d353297888f59a251e24ce5d776fea000fa_redline_d1ee2400d5	tracking_without_comments	81.76	67.98	5	5	5	0
308	clean__a4642f7f90_mcdoc	clean	81.78	40.39	1	1	1	0
309	with_comments_tracking__2b6c7be6bd_super_editor__nested_comments_84f214bb__vs__18eb110b3b_numwords_fldsimple_redline_4a8b3c676a	with_comments_tracking	81.8	46.5	3	3	3	0
310	tracking_without_comments__c20e9b2d21_font_size_24_demo_id_paraid_overflow__vs__f8ecf81d8b_font_size_demo_id_paraid_overflow_redline_c58edd95f2	tracking_without_comments	81.81	65.36	1	1	1	0
311	with_comments_tracking__bc85714262_file_170__vs__15b6035cc0_file_171_redline_c9fc2e8899	with_comments_tracking	81.84	43.18	4	4	4	0
312	with_comments_tracking__7367931dbf_super_editor__sdt_test_60079f08__vs__b389f55091_super_editor__comment_23ee5ec1_redline_541790cd56	with_comments_tracking	81.85	49.99	1	1	1	0
313	tracking_without_comments__12941c2a77_0023298b011b45232675215822f0f728678a238756d763c8__vs__bd3824dd1e_000ee64ef7226d353297888f59a251e24ce5d776fea000fa_redline_25f48c003d	tracking_without_comments	81.86	66.33	3	3	3	0
314	tracking_without_comments__ef1e1c68e9_super_editor__basic_paragraph_1774f4e4__vs__9e80f22c51_behavior__word_native_bullet_circle_80d6f323_redline_da59776388	tracking_without_comments	81.89	72.43	1	1	1	0
315	with_comments_tracking__8f47b1dc90_file_176	with_comments_tracking	81.91	41.81	7	7	7	0
316	tracking_without_comments__2936af4459_super_editor__sd_1480_two_col_tab_positions_0095__vs__0a1badc333_super_editor__missing_sectpr_967a402d_redline_543fb8e4a7	tracking_without_comments	81.92	80.87	2	2	2	0
317	with_comments_clean__d03da97287_super_editor__nested_comments_gdocs_0c8668e1	with_comments_clean	81.99	45.51	1	1	1	0
318	tracking_without_comments__5add12cb1b_super_editor__msword_tracked_changes_4794adc4__vs__d776ad9be7_super_editor__multi_section_doc_080d2655_redline_72a7cae8b6	tracking_without_comments	82.01	77.06	4	4	4	0
319	with_comments_clean__3f4af3ab94_d20ada3e0a_rejected_tracking	with_comments_clean	82.01	48.45	1	1	1	0
320	with_comments_tracking__f529133cd5_super_editor__basic_comment_d3ba5f1e__vs__2dc3e97d2a_super_editor__hyperlink_node_52b7695b_redline_9c256f094c	with_comments_tracking	82.02	47.2	1	1	1	0
321	with_comments_tracking__e70f1134dd_super_editor__diff_before8_ba5faa9e__vs__f6e1c253ff_super_editor__diff_before9_9818a85f_redline_f831dd3821	with_comments_tracking	82.1	44.1	1	1	1	0
322	tracking_without_comments__fbe14959b0_000f5278175aa01c2b9517b07e8a087014e4a05ab3e24f41__vs__aa5340125d_00a4b0b91e9b5b072dc3771391c2d608518690eccf44eae8_redline_d6580e6209	tracking_without_comments	82.17	0.0	13	13		0
323	tracking_without_comments__7e0b49aa9d_heading_4_style_demo_id_paraid_overflow_2__vs__c71a7cc576_heading_4_style_demo_id_paraid_overflow_redline_5e300183fc	tracking_without_comments	82.26	80.61	1	1	1	0
324	tracking_without_comments__c500e0081f_file_101__vs__dd36ffac72_file_102_redline_cce9f0c028	tracking_without_comments	82.26	61.36	1	1	1	0
325	with_comments_tracking__cefef4e4f5_yellow_highlight_demo_id_paraid_overflow__vs__a391978591_yellow_highlight_italic_demo_style_default_missi_redline_aec80553e5	with_comments_tracking	82.28	46.51	1	1	1	0
326	with_comments_tracking__08286ffbfb_super_editor__basic_resolved_comment_cac5a1b0__vs__5fa01813d3_super_editor__basic_table_shading_d3212ffd_redline_3fdab4ace6	with_comments_tracking	82.33	43.41	1	1	1	0
327	tracking_without_comments__06a48012fc_file_166__vs__d60ccf445a_file_167_redline_b3aa42cfc7	tracking_without_comments	82.41	78.63	1	1	1	0
328	with_comments_tracking__0a1badc333_super_editor__missing_sectpr_967a402d__vs__84f5fb598b_super_editor__diff_before11_1b953eaf_redline_a78b94020d	with_comments_tracking	82.44	42.86	1	1	1	0
329	tracking_without_comments__42df4a13aa_file_41__vs__b31456961a_file_42_redline_ec2d1d0c78	tracking_without_comments	82.45	61.33	2	2	2	0
330	tracking_without_comments__23cdfeee74_0022d9b76a33e7bdcda8d38ec3c898364c578897fb55d462__vs__bd3824dd1e_000ee64ef7226d353297888f59a251e24ce5d776fea000fa_redline_546a6e0c15	tracking_without_comments	82.47	68.15	3	3	3	0
331	with_comments_clean__382497a0a8_super_editor__python_docx_comment_test_501f21cb	with_comments_clean	82.58	47.3	1	1	1	0
332	with_comments_tracking__f529133cd5_super_editor__basic_comment_d3ba5f1e__vs__5fa01813d3_super_editor__basic_table_shading_d3212ffd_redline_ef9fae71a2	with_comments_tracking	82.61	43.26	1	1	1	0
333	tracking_without_comments__8c79860f8d_file_75__vs__d87d0dd9a8_file_76_redline_c05f91326d	tracking_without_comments	82.62	66.11	1	1	1	0
334	tracking_without_comments__cdf27ad0d3_behavior__sd_2672_nested_table_dfac08bb__vs__18b8dd8ea3_behavior__sd_2672_plain_3x3_87943d5d_redline_46cccac5f4	tracking_without_comments	82.67	58.4	1	1	1	0
335	tracking_without_comments__8eef85ebbd_employee_directory_table__vs__e51fcdfdbe_employee_review_john_smith_suggesting_insertions_redline_32e4d51014	tracking_without_comments	82.71	71.05	1	1	1	0
336	tracking_without_comments__097371c227_inventory_list_suggesting_mixed_edits__vs__5d3a211e19_it_security_policy_v2_suggesting_insertions_redline_0138f8f26f	tracking_without_comments	82.77	74.99	1	1	1	0
337	clean__f435895080_f9a3b083d2ff2dd000f4daded647d16c9e0e8c466544c7ea	clean	82.85	50.05	12	12	12	0
338	tracking_without_comments__c7dbacb26a_file_37__vs__fdaf71bd6b_file_38_redline_135dfbf65a	tracking_without_comments	82.91	71.99	1	1	1	0
339	tracking_without_comments__c6f9b1571d_red_bold_heading_demo_style_default_missing__vs__0332219534_red_bold_text_demo_id_paraid_overflow_redline_6944078218	tracking_without_comments	82.99	79.48	1	1	1	0
340	with_comments_clean__39ecf7e0c7_79f93926e2_rejected_tracking	with_comments_clean	83.05	47.51	1	1	1	0
341	clean__0f6fab8e93_94a0820ba43ac9b10352df6f48bf66f8a7ba06e5b151765d	clean	83.06	45.4	14	14	12	0
342	with_comments_clean__653c23b71b_58c827e77a_rejected_tracking	with_comments_clean	83.1	41.35	11	11	11	0
343	tracking_without_comments__da2ab05f0b_file_50__vs__583fd6d9cb_file_51_redline_fa10b51c93	tracking_without_comments	83.16	71.36	1	1	1	0
344	with_comments_clean__6a2470aead_0f031c23c3_rejected_tracking	with_comments_clean	83.16	41.72	11	11	11	0
345	tracking_without_comments__f8f7ed1dc0_file_4__vs__82ee7342fd_file_5_redline_f0337eb8fa	tracking_without_comments	83.16	63.54	1	1	1	0
346	tracking_without_comments__e51fcdfdbe_employee_review_john_smith_suggesting_insertions__vs__b1564f6aaf_font_color_blue_demo_style_default_missing_redline_30eb0f2233	tracking_without_comments	83.16	79.52	1	1	1	0
347	tracking_without_comments__531cf3d312_00ce789bc3226c2a68967cc29792927c80b7f55d9b5267ad__vs__a5f2b9318d_002aa60c2ae1187417b4b157c5ec6450324cc056ec551a12_redline_e271e070c2	tracking_without_comments	83.17	44.73	8	8	8	0
348	with_comments_tracking__26ce1d6300_super_editor__diff_after5_9fb9d5b4__vs__b389f55091_super_editor__comment_23ee5ec1_redline_01fa32ec8b	with_comments_tracking	83.18	42.89	1	1	1	0
349	tracking_without_comments__d62736ce40_file_128__vs__f4faa3ad63_file_129_redline_95226ea1b7	tracking_without_comments	83.19	78.81	1	1	1	0
350	tracking_without_comments__8afae5a971_justified_underline_demo_id_paraid_overflow__vs__f83dd8794c_justify_alignment_demo_id_paraid_overflow_2_redline_a7fd3b1771	tracking_without_comments	83.19	80.3	1	1	1	0
351	tracking_without_comments__bdf199d4af_file_61__vs__2a9c68ed33_file_62_redline_c468945d63	tracking_without_comments	83.28	71.44	1	1	1	0
352	with_comments_clean__23278c1180_485b916ef9_accepted_tracking	with_comments_clean	83.47	47.45	1	1	1	0
353	with_comments_clean__df097720f7_file_131	with_comments_clean	83.48	42.69	9	9	9	0
354	with_comments_clean__6e2576a091_docx_lots_of_comments	with_comments_clean	83.56	42.62	9	9	9	0
355	with_comments_clean__7a40d95e81_db13a691da_rejected_tracking	with_comments_clean	83.57	36.66	11	11	10	0
356	with_comments_clean__87c27068db_cbf73c2d81_rejected_tracking	with_comments_clean	83.57	36.67	11	11	10	0
357	with_comments_tracking__bb35ae41ba_evals__comments_doc_79800b37__vs__9322444a3f_behavior__sd_2888_hyperlink_with_ampersand_aaaac_redline_e11f5f1915	with_comments_tracking	83.61	46.86	1	1	1	0
358	tracking_without_comments__a05927a875_track_changes_suggesting_bold_id_paraid_overflow__vs__cc0b2ff816_track_changes_suggesting_calibri_id_paraid_overf_redline_6ba19c43e4	tracking_without_comments	83.67	75.18	1	1	1	0
359	with_comments_tracking__323ed89e8c_a6aab38897_rejected_tracking	with_comments_tracking	83.69	42.81	9	9	9	0
360	with_comments_clean__56a27bcf76_92075b7449_accepted_tracking	with_comments_clean	83.69	42.61	9	9	9	0
361	tracking_without_comments__7e77c2f888_file_120__vs__525c779243_file_121_redline_ec35cc3904	tracking_without_comments	83.7	60.08	1	1	1	0
362	with_comments_clean__3e39fd5262_01f3deda92_accepted_tracking	with_comments_clean	83.71	47.85	2	2	2	0
363	with_comments_clean__3413da1703_verdana_font_demo_id_paraid_overflow_2	with_comments_clean	83.92	47.52	1	1	1	0
364	clean__c54c269d79_file_131	clean	84.01	42.89	9	9	9	0
365	clean__68fdec049c_docx_lots_of_comments	clean	84.09	42.82	9	9	9	0
366	with_comments_tracking__ced58cbf54_super_editor__sd_1494_table_left_indent_03277d35__vs__84f5fb598b_super_editor__diff_before11_1b953eaf_redline_e50d2db84c	with_comments_tracking	84.33	45.61	1	1	1	0
367	with_comments_clean__838af02d11_file_173	with_comments_clean	84.36	47.51	1	1	1	0
368	tracking_without_comments__19891583af_000f23dc2592a0044f1da2e4f2166c6b41e8fde6a66a1988__vs__333bfe069a_003416d620331122b93b434dad901db5836f60d2cad4b533_redline_556b3edd1a	tracking_without_comments	84.39	39.73	6	6	5	0
369	with_comments_clean__7f609d4854_strict01_strikethrough_and_italic_combo_id_parai	with_comments_clean	84.53	77.73	1	1	1	0
370	with_comments_clean__0f5a806b4c_file_141	with_comments_clean	84.57	47.47	1	1	1	0
371	tracking_without_comments__99ef9c7a7e_file_75__vs__c492c95bb9_file_76_redline_7810afa11e	tracking_without_comments	84.61	65.45	1	1	1	0
372	tracking_without_comments__a0d89c6069_205503ead9_rejected_tracking	tracking_without_comments	84.67	78.15	3	3	3	0
373	with_comments_tracking__b8eb0572ed_styles-changes-comments_converted	with_comments_tracking	84.68	40.09	3	3	3	0
374	with_comments_clean__f572255577_b3cc5c1abe_rejected_tracking	with_comments_clean	84.75	47.47	1	1	1	0
375	with_comments_clean__9fd8e8fc94_verdana_italic_centered_demo_id_paraid_overflow	with_comments_clean	84.77	47.59	1	1	1	0
376	tracking_without_comments__fdb2976d19_01415d08f6d1a428e6949533adcd6249cf25676d98d0b78c__vs__a5f2b9318d_002aa60c2ae1187417b4b157c5ec6450324cc056ec551a12_redline_76a536e0f9	tracking_without_comments	84.87	52.44	9	9	9	0
377	with_comments_tracking__970fd9303f_sample_document_word_repair_of_our_output_word_r__vs__e355cec096_small_font_size_demo_id_paraid_overflow_redline_e2b71d27e7	with_comments_tracking	84.96	42.16	3	3	3	0
378	tracking_without_comments__438e423482_track_changes_suggesting_italic_id_paraid_overfl__vs__9f56ca58a1_track_changes_suggesting_title_id_paraid_overflo_redline_860adc1e61	tracking_without_comments	85.11	75.1	1	1	1	0
379	tracking_without_comments__81f7cad226_009fa3f6b717df4d0e9371d67f305110d5096bc9178134b0__vs__bd3824dd1e_000ee64ef7226d353297888f59a251e24ce5d776fea000fa_redline_10c0151247	tracking_without_comments	85.22	55.64	7	7	7	0
380	clean__5a7af5153a_italic_underline_combined_demo_id_paraid_overflo	clean	85.23	82.43	1	1	1	0
381	tracking_without_comments__a2ae20465c_file_14	tracking_without_comments	85.48	54.12	3	3	3	0
382	tracking_without_comments__4fcecda2bb_file_42__vs__e791c4281b_file_43_redline_a95294100a	tracking_without_comments	85.57	80.24	1	1	1	0
383	tracking_without_comments__783b1628da_green_bold_text_demo_id_paraid_overflow__vs__307d9d0b0c_green_highlight_demo_id_paraid_overflow_redline_6a034c8279	tracking_without_comments	85.63	75.0	1	1	1	0
384	tracking_without_comments__617c1284c9_00feb732c2ef2b643a132e4305e16833fd047b46ca44b65b__vs__342f364d46_001342333d45627868f4dc5282abbba4598a91b4a7584b08_redline_34e4211b58	tracking_without_comments	85.76	74.33	3	3	3	0
385	with_comments_tracking__d93f1dafca_sample_document_word_repair_of_our_output_iter2__vs__970fd9303f_sample_document_word_repair_of_our_output_word_r_redline_e47152cecc	with_comments_tracking	85.97	40.28	3	3	3	0
386	clean__d36e22a134_bold_underline_highlight_demo_id_paraid_overflow	clean	86.08	83.86	1	1	1	0
387	clean__f94aeed5f5_001f4e98e9744f89b6f26b3741cb6439f8131bf89659230e	clean	86.32	79.94	2	2	2	0
388	with_comments_clean__37c6c62345_3f296ffac9c17a92962156ff41f2b079eb687cd440513fe3	with_comments_clean	86.56	40.59	3	3	3	0
389	with_comments_clean__1f3cb56b42_r4_07_simple_para	with_comments_clean	86.63	42.16	1	1	1	0
390	clean__12125c346d_92142a51af438576403a4226ac79f4fb87d91783b06ff63c	clean	86.68	44.16	4	4	4	0
391	with_comments_clean__115a9fa36c_00b0c1ee03bebb82d730a127b2dc2a13c07e5e98b98100d6	with_comments_clean	86.79	43.15	9	9	9	0
392	tracking_without_comments__667af231c2_behavior__sd_2672_rtl_table_63bd9d10__vs__cfd53bad25_behavior__sd_2672_sdt_table_fc038913_redline_81ff65985c	tracking_without_comments	86.84	64.83	1	1	1	0
393	clean__0fe46e33f7_664674359ac6798a3fe13805bc5137057d6c73b8da3910c9	clean	86.99	80.57	2	2	2	0
394	clean__268e8dc123_dc200f20c1e3dd27eac9a2d1f169b174b2da75ccd8dcfde8	clean	87.02	61.91	3	3	3	0
395	tracking_without_comments__91c68ac12f_jubarte_redline_t0	tracking_without_comments	87.08	31.16	13	13	9	0
396	with_comments_tracking__0483e899af_file_143	with_comments_tracking	87.1	42.82	3	3	3	0
397	with_comments_tracking__4304570867_file_69	with_comments_tracking	87.2	42.89	3	3	3	0
398	clean__070591c299_00239e1526890fe21b3ab79fe88751dd14242c84bdaade59	clean	87.28	75.47	5	5	5	0
399	with_comments_tracking__735c372b41_super_editor__diff_after8_58e5c288	with_comments_tracking	87.29	48.15	1	1	1	0
400	clean__4de4ec481f_9e30446cea_accepted_tracking	clean	87.36	82.95	1	1	1	0
401	tracking_without_comments__5d17fd43a9_complex_style_attr__vs__310c03f39c_super_editor__complexexport1_69441ab1_redline_133d880cce	tracking_without_comments	87.44	83.5	1	1	1	0
402	tracking_without_comments__4c4f8515c5_title_style_centered_demo_id_paraid_overflow__vs__f8f9857e80_title_style_demo_id_paraid_overflow_redline_fdc3d3f04f	tracking_without_comments	87.44	77.35	1	1	1	0
403	clean__bd386ff044_51ae5a28375c271d1238bf671ece74421eb9ccf840ccf5af	clean	87.53	77.16	1	1	1	0
404	with_comments_tracking__90cef57bac_eigenpal_docx_editor_suggesting_mixed_edits	with_comments_tracking	87.54	40.6	3	3	3	0
405	tracking_without_comments__f17e96512e_001cb345cc8d6b799aa725514eb368005048b80f4b4c07a5__vs__333bfe069a_003416d620331122b93b434dad901db5836f60d2cad4b533_redline_96442dbf47	tracking_without_comments	87.65	43.71	2	2	2	0
406	tracking_without_comments__c21d15c9e9_track_changes_suggesting_center_id_paraid_overfl__vs__e0e59cf962_track_changes_suggesting_heading_id_paraid_overf_redline_f137e740f1	tracking_without_comments	87.72	71.83	1	1	1	0
407	clean__58a23520d3_ea6cec4f88deb49a61a8dfe8c071976b697ef5e6b4e34668	clean	87.87	80.36	2	2	2	0
408	with_comments_clean__1672057675_485599b4e9_rejected_tracking	with_comments_clean	88.01	41.42	3	3	3	0
409	with_comments_tracking__d93f1dafca_sample_document_word_repair_of_our_output_iter2	with_comments_tracking	88.01	40.62	3	3	3	0
410	clean__dd9c48af48_2239b06c2a4d399cef8befe79b1fbea969cac79f1f994a24	clean	88.05	41.8	3	3	4	0
411	with_comments_tracking__81158d928d_sample_document_afterword_repaired_word_repaired__vs__ba3f04f252_sample_document_really_repaired_word_repaired_redline_2c123533f6	with_comments_tracking	88.1	40.12	3	3	3	0
412	with_comments_tracking__6bfcb50dd7_s11_sandwich_p_l_p	with_comments_tracking	88.17	41.45	12	12	12	0
413	with_comments_clean__71c67c168f_37d74eebe6fd69b7f6041f8ecda8e9857d885b23dab561b0	with_comments_clean	88.17	40.92	9	9	9	0
414	clean__182befa0d0_0009b43c59a5d179df297f29c762e02ea0516bfe534d09c5	clean	88.21	81.64	1	1	1	0
415	with_comments_clean__41f982920a_sample_document_word_repair_of_our_output_iter2	with_comments_clean	88.23	40.42	3	3	3	0
416	with_comments_clean__dc55d961ee_2c123533f6_rejected_tracking	with_comments_clean	88.23	40.41	3	3	3	0
417	with_comments_clean__e70f1134dd_super_editor__diff_before8_ba5faa9e	with_comments_clean	88.25	48.23	1	1	1	0
418	with_comments_clean__5542fbce1d_957168bc45_accepted_tracking	with_comments_clean	88.25	40.42	3	3	3	0
419	with_comments_clean__a9b9720c53_cbd854cb68_rejected_tracking	with_comments_clean	88.29	40.42	3	3	3	0
420	clean__19891583af_000f23dc2592a0044f1da2e4f2166c6b41e8fde6a66a1988	clean	88.43	80.66	5	5	5	0
421	with_comments_tracking__142c084a06_multiple_comments_multiple_pars	with_comments_tracking	88.47	47.72	3	3	3	0
422	clean__2313043a89_b0a82313e8665ba3ac7344d945f3b88054d5c8abe6de4127	clean	88.52	43.16	2	2	2	0
423	with_comments_tracking__e1771b0063_word_tolerated_misplaced_uipriority__vs__cbb3bab843_word_tolerated_orphan_comment_redline_b41b6b3dec	with_comments_tracking	88.54	42.35	2	2	2	0
424	clean__c27a450e5c_002379f73df8fdcf3e5962d717de4e8dc62d08dd08218ef5	clean	88.55	31.22	5	5	6	0
425	clean__25937ddb49_d45aa3d5fdc962c7ae968e4118ab0f865de156c0d720ac0d	clean	88.87	74.16	3	3	3	0
426	with_comments_clean__3e19d3e318_c0a3ea22ca_accepted_tracking	with_comments_clean	88.88	40.51	1	1	1	0
427	tracking_without_comments__f3b2e74e02_calibri_font_demo_id_paraid_overflow__vs__689563dec1_calibri_heading_2_right_id_paraid_overflow_redline_1c3952ed8e	tracking_without_comments	88.9	68.38	1	1	1	0
428	tracking_without_comments__dd85373a71_008b84e05498068c49efc5a0b73f9d5ae7992f045de8c514__vs__333bfe069a_003416d620331122b93b434dad901db5836f60d2cad4b533_redline_18b8ae1706	tracking_without_comments	88.91	36.1	3	3	2	0
429	with_comments_clean__65a16df852_145b9e67e2_accepted_tracking	with_comments_clean	88.93	48.89	1	1	1	0
430	with_comments_tracking__bf8e56b2fc_r3_keep_4_5_296_297	with_comments_tracking	89.03	59.77	2	2	2	0
431	clean__5d17fd43a9_complex_style_attr	clean	89.14	85.22	1	1	1	0
432	tracking_without_comments__09c4b04252_project_tasks_suggesting_insertions_2__vs__c40c88e402_project_tasks_suggesting_insertions_redline_e91e3ea7f6	tracking_without_comments	89.15	72.41	1	1	1	0
433	clean__380bb26c47_001acbf24916073ee0e626c28d400cfcdde4e57482b256ac	clean	89.22	70.13	1	1	1	0
434	tracking_without_comments__e84c305da3_23127ea8e1_rejected_tracking	tracking_without_comments	89.33	77.51	1	1	1	0
435	clean__1d4e0d1ca9_ca01c7dfa3fb10fdc8e889e8281cd8b589541bdc1d420eb3	clean	89.34	80.48	4	4	4	0
436	tracking_without_comments__5adc853144_insert_link_demo_id_paraid_overflow__vs__e615c89269_inventory_list_suggesting_deletions_redline_7fd2b78918	tracking_without_comments	89.35	73.64	1	1	1	0
437	with_comments_clean__6359a7e96a_gdocs_comments_export_green_bold_text_demo_id_pa	with_comments_clean	89.37	47.89	1	1	1	0
438	clean__0acde9d23e_50be95cde73c1d9b994d6c75c6d2f67f7b4c6cdf0e13ba30	clean	89.38	64.31	2	2	2	0
439	tracking_without_comments__860b6e457e_superscript_demo_id_paraid_overflow__vs__af458715aa_superscript_demo_style_default_missing_redline_894b1e6885	tracking_without_comments	89.49	72.92	1	1	1	0
440	clean__ee5340ce7b_eb4037d30b4ce8e20b38c3fe9dc5cd26497403eaf48a0720	clean	89.52	78.89	1	1	1	0
441	clean__4b03fba2ed_3ebc9f1f058f2c2a4df5058921d3eb9b0ecfa59a5ea55cb2	clean	89.53	78.54	3	3	3	0
442	tracking_without_comments__c40c88e402_project_tasks_suggesting_insertions__vs__d0a21b7c3c_q1_sales_summary_table_2_redline_f9d6035f66	tracking_without_comments	89.54	73.9	1	1	1	0
443	clean__9afcac2667_track_changes_editing_strikethrough_id_paraid_ov	clean	89.61	87.24	1	1	1	0
444	clean__42148810f2_72f824a7073c6729f8afd678daf0b9ee8944bd63b5bcdc87	clean	89.62	51.83	4	4	4	0
445	tracking_without_comments__e616ed8a32_file_180__vs__194f96511f_file_181_redline_c2e1ec13df	tracking_without_comments	89.74	65.36	1	1	1	0
446	tracking_without_comments__16100cd46d_behavior__sd_2323_image_resize_test_2b8a201a__vs__aa940255be_behavior__sd_2343_table_border_widths_b5148e83_redline_10cf6d1b1a	tracking_without_comments	89.76	60.7	4	4	4	0
447	with_comments_tracking__b6c53ac3a5_r4_03_unwrap_table	with_comments_tracking	89.76	59.39	2	2	2	0
448	tracking_without_comments__c90bde92a4_file_35__vs__47709fa472_file_36_redline_41fd707d15	tracking_without_comments	89.79	72.32	1	1	1	0
449	tracking_without_comments__991f6468eb_bold_italic_combined_demo_id_paraid_overflow__vs__5d5ca75f29_bold_italic_underline_demo_id_paraid_overflow_redline_ccf58e83e0	tracking_without_comments	89.86	80.63	1	1	1	0
450	with_comments_clean__d2b26d3d09_2e08021f1da5c44102c6290537cebdf19167b3b14d7b60fc	with_comments_clean	89.89	40.66	2	2	2	0
451	tracking_without_comments__27e6c1ad4a_quarterly_performance_report_table_2__vs__a54f205278_quarterly_performance_report_table_redline_4807c44bb2	tracking_without_comments	89.91	75.41	1	1	1	0
452	with_comments_tracking__b07ba468f1_r3_keep_4_5	with_comments_tracking	89.95	59.97	2	2	2	0
453	clean__fae8c0ee47_175ba7505f5edd149961c1898abc05deaaaf4ce91090ef50	clean	90.07	77.51	1	1	1	0
454	clean__2c0a2ac35f_double_spacing_bold_demo_id_paraid_overflow	clean	90.08	88.95	1	1	1	0
455	with_comments_clean__93d7373f57_r5_03_end_body_ref_own_para	with_comments_clean	90.15	65.5	1	1	1	0
456	with_comments_clean__dcb3759551_r5_04_end_ref_p2_start	with_comments_clean	90.15	70.85	1	1	1	0
457	tracking_without_comments__00da16e738_heading_4_style_demo_id_paraid_overflow_2__vs__82928b2e05_heading_4_style_demo_id_paraid_overflow_redline_9ec4fe3616	tracking_without_comments	90.19	80.4	1	1	1	0
458	tracking_without_comments__963d40d5f8_employee_review_john_smith_suggesting_insertions__vs__93485182eb_font_color_blue_demo_style_default_missing_redline_909ff013f1	tracking_without_comments	90.19	79.07	1	1	1	0
459	clean__e0c027b1ca_meeting_agenda_table	clean	90.24	74.37	1	1	1	0
460	tracking_without_comments__1dfdc7d8ec_super_editor__image_inline_and_block_ad6109b3__vs__96fa27757a_behavior__rtl_page_numpages_54739e26_redline_76f4a58792	tracking_without_comments	90.25	75.29	2	2	2	0
461	with_comments_clean__a4359e1158_r5_09_end_body_text_then_ref	with_comments_clean	90.29	67.95	1	1	1	0
462	clean__6dd44440f0_001f2ebdc5ade1e9dcee529e0dfef9dbc65f2d3f473c2c6e	clean	90.3	73.86	1	1	1	0
463	with_comments_clean__50763b9abc_vfdsdfcacawesd_suggesting_mixed_edits_yellow_hig	with_comments_clean	90.36	67.57	1	1	1	0
464	clean__c75371d0b0_000ea1e1ecd5b5c62e197ea9be9d62b2d5f8ae4625530f1d	clean	90.41	83.85	2	2	2	0
465	tracking_without_comments__93db7f65b3_project_plan_suggesting_insertions__vs__1558d2a6ec_project_proposal_id_paraid_overflow_redline_7d3f3e1a6d	tracking_without_comments	90.44	78.59	1	1	1	0
466	with_comments_clean__5ebd794800_ff27140d0a_accepted_tracking	with_comments_clean	90.44	47.45	1	1	1	0
467	with_comments_tracking__1e0eae0ce0_af90d4e258_accepted_tracking	with_comments_tracking	90.58	38.94	5	5	5	0
468	clean__16b3bdf24f_1a9cd33781356357316c3cb0c6eed3bad72d886ad1d68dbf	clean	90.58	76.85	3	3	3	0
469	clean__4e2622ab00_d7df3c54812c21c8a8cf88f1b1aca08b9709429bfbf6401b	clean	90.66	79.98	3	3	3	0
470	clean__1759f7c49e_306ec8f52c773e9b7ba8923d80987b9fa2f6415aa2e14765	clean	90.74	75.99	1	1	1	0
471	clean__33822e6e1c_381ca14cd2a65660af8edbab73edc6172c9b9a894e5a6074	clean	90.77	76.47	3	3	3	0
472	clean__f66a507ae8_0134526be26a9196c45fd5568e234a362a36131d78a43e69	clean	90.78	66.7	2	2	2	0
473	clean__bc84476b28_0008bdffdfe9b23070920bd2a4e5608bed33c221ea3d93e5	clean	90.81	56.67	1	1	1	0
474	clean__4ade5f9207_009df71a7ecb41f9da0135915e2e4d68176e296ff69c9af0	clean	90.97	39.55	8	8	10	0
475	clean__cf58803a5b_q1_sales_summary_table_quarterly_performance_rep	clean	91.0	77.88	1	1	1	0
476	clean__622bdcf414_employee-directory_table_shaded-cell	clean	91.01	75.11	1	1	1	0
477	clean__7cbc814bd0_01254bd7c9b378df5f85b98dcd9d84ea96fb6b7dab6c920c	clean	91.03	37.15	2	2	1	0
478	clean__0d6cc8a99c_file_101	clean	91.06	67.82	1	1	1	0
479	clean__82928b2e05_heading_4_style_demo_id_paraid_overflow	clean	91.12	82.29	1	1	1	0
480	tracking_without_comments__fd1d891f44_file_98__vs__c0723c2916_file_99_redline_0d06710c45	tracking_without_comments	91.14	73.66	1	1	1	0
481	clean__5396ca3671_helvetica_font_demo_style_default_missing	clean	91.16	57.9	1	1	1	0
482	clean__52545bbf00_c6209bb293e3d902b2de2e9b20a2e0e29d2f82dd7dab17df	clean	91.16	81.34	2	2	2	0
483	clean__3a79078768_heading_4_style_demo_id_paraid_overflow_helvetic	clean	91.16	57.86	1	1	1	0
484	clean__efc741a309_54597f58809936a0ba00d752365cc0f1f4ccbe8b9fba0d3a	clean	91.21	67.03	5	5	5	0
485	tracking_without_comments__24bd3ad29d_center_aligned_bold_text_id_paraid_overflow__vs__a98d0a8c12_center_alignment_demo_id_paraid_overflow_2_redline_c70f19a792	tracking_without_comments	91.29	78.17	1	1	1	0
486	tracking_without_comments__1e1a24aeab_right_align_bold_demo_id_paraid_overflow__vs__2b267ac531_right_aligned_italic_demo_id_paraid_overflow_redline_08050cf72c	tracking_without_comments	91.3	79.83	1	1	1	0
487	tracking_without_comments__1e1a24aeab_right_align_bold_demo_id_paraid_overflow__vs__2b267ac531_right_aligned_italic_demo_id_paraid_overflow_redline_b4a0b070fc	tracking_without_comments	91.3	79.83	1	1	1	0
488	clean__72956de30c_b6416f729015c6f0441e0f472adb6c4cba663dff0dd28d6b	clean	91.47	57.45	3	3	3	0
489	clean__b54f749123_369705862a264e4be962e05314dd3442d40d540e5bcee581	clean	91.72	83.97	2	2	2	0
490	clean__3139772de1_00db2d4016c78073cf41a04d131e121a1ce73eaa88afb101	clean	91.74	80.12	1	1	1	0
491	with_comments_tracking__a0e6a09304_super_editor__diff_after11_1d5b767f__vs__e844ea2053_evals__table_doc_4d728d83_redline_80e8acff6a	with_comments_tracking	91.83	42.27	1	1	1	0
492	clean__e981302151_0072d3b39f5edc624c79b5aa821d0e936fbae032f4b49990	clean	91.85	81.13	1	1	1	0
493	tracking_without_comments__296017bb6c_e50f81744ccce7418f6ea7874637338d569d6f4e44b35eb1	tracking_without_comments	91.9	66.65	2	2	2	0
494	clean__fd1d891f44_file_98	clean	91.91	76.3	1	1	1	0
495	clean__943e62959d_88646e9284c944b7dd39810ba5832dbf955c2892c6161f87	clean	91.99	75.05	3	3	3	0
496	clean__6dff70fa73_005df9de4a11e9d5e0809079fe33b4783538a96e645d8b42	clean	92.12	68.29	1	1	1	0
497	clean__8f53a13fd2_project_tasks_suggesting_insertions_2_project_ta	clean	92.16	76.53	1	1	1	0
498	with_comments_clean__fc66a925e1_c6d6371812_rejected_tracking	with_comments_clean	92.21	41.48	4	4	4	0
499	with_comments_tracking__2ad2fc5ab0_super_editor__diff_before10_2f84ca55__vs__84f5fb598b_super_editor__diff_before11_1b953eaf_redline_db73171e99	with_comments_tracking	92.47	43.04	1	1	1	0
500	tracking_without_comments__cb340e4c6a_center_alignment_demo_id_paraid_overflow__vs__8a7f242026_center_bold_demo_id_paraid_overflow_redline_64a9e685b5	tracking_without_comments	92.88	79.95	1	1	1	0
501	tracking_without_comments__f71a12ee23_super_editor__fields_attrs1_83837249__vs__f102bb2f46_super_editor__diff_before5_a5f60578_redline_803e72f691	tracking_without_comments	93.12	81.1	1	1	1	0
502	clean__d560bc7296_header_no_rels	clean	93.14	82.62	3	3	3	0
503	clean__46f52ad96b_49f41d220ad44fc32665ae6f2fd9c332d608b029edf2ba0b	clean	93.41	45.84	2	2	2	0
504	with_comments_clean__2a91f7d867_r4_09_unwrap_and_accept	with_comments_clean	93.63	58.37	2	2	2	0
505	clean__ce8491a639_845b0a2405a186d07d9148b63a3ce3f2e6f4a1591c73daa0	clean	93.65	70.27	5	5	5	0
506	clean__d06f02170c_914a656a272c07020597a26de1146332b876882074314111	clean	93.66	74.31	7	7	7	0
507	clean__e33fe5195e_39e6a7fc140be9556ffd3722005fce7d9d04970dee1dc785	clean	93.7	69.49	2	2	3	0
508	with_comments_clean__4b49484dcc_71159007ab_rejected_tracking	with_comments_clean	93.73	66.61	1	1	1	0
509	clean__12b7ee65cb_5b878b9756_accepted_tracking	clean	93.84	76.23	1	1	1	0
510	clean__25ed848ec0_75044418ff56083d58cd273fa0dd2272f8add205d2f52f9f	clean	94.0	77.38	1	1	1	0
511	with_comments_clean__fcd2a42b64_r4_04_accept_tracked	with_comments_clean	94.11	58.96	2	2	2	0
512	clean__fd6cfa9d8f_00df97e7f4171f47a3dc31ff76a0d50177e2bd8a01e080a9	clean	94.21	77.79	1	1	1	0
513	with_comments_clean__29d1e0cbd2_r5_05_span_end_ref_p2_end	with_comments_clean	94.3	43.92	1	1	1	0
514	clean__db5a90d753_1c521aea2a77a591a11c9fa7ed352309eb5bcdfb978a80cb	clean	94.41	67.16	3	3	3	0
515	clean__b0010cc041_2a068b16e5_rejected_tracking	clean	94.68	42.98	1	1	1	0
516	clean__56d80fab6a_justify_alignment_demo_id_paraid_overflow	clean	94.88	67.49	1	1	1	0
517	clean__eeddb2747d_title_style_demo_id_paraid_overflow_title_style	clean	94.89	88.27	1	1	1	0
518	tracking_without_comments__6cf5a39359_548d133393_accepted_tracking	tracking_without_comments	94.93	79.03	5	5	5	0
519	tracking_without_comments__2a69e1ce5c_green_bold_text_demo_id_paraid_overflow__vs__e1f631e28a_green_highlight_demo_id_paraid_overflow_redline_9d466d3cf5	tracking_without_comments	95.11	74.77	1	1	1	0
520	with_comments_clean__83a3c25275_7da45f822a_rejected_tracking	with_comments_clean	95.35	46.63	1	1	1	0
521	clean__09e44e8b4b_01219e2ad4d7c69071bcaf93d027828d36fd3e13c478dbac	clean	95.51	81.95	2	2	2	0
522	with_comments_clean__deb019d0c2_potpourritest_product_roadmap_2026_suggesting_in	with_comments_clean	95.54	44.01	2	2	2	0
523	clean__eb82ad6df1_heading_1_bold_demo_id_paraid_overflow	clean	95.66	77.93	1	1	1	0
524	clean__1c29559690_38cbf57ee790ac446ec8c957189574570b7ea5b0dae2fd15	clean	95.68	48.26	2	2	2	0
525	with_comments_clean__07fc895ed5_redline_cicerodo_v_plate_30_right_align_bold_dem	with_comments_clean	96.29	82.48	1	1	1	0
526	tracking_without_comments__c66a4f1b1a_a52462ea98_accepted_tracking	tracking_without_comments	96.47	51.45	2	2	2	0
527	clean__2e5e29fd1c_title_style_centered_demo_id_paraid_overflow_tit	clean	96.85	87.47	1	1	1	0
528	clean__e844ea2053_evals__table_doc_4d728d83	clean	96.94	77.75	1	1	1	0
529	clean__b1f84b92c7_003dd4974eda43f0c2d975276da3920fc151b012531ca4a4	clean	97.12	85.91	1	1	1	0
530	tracking_without_comments__3fc14675e5_italic_text_formatting_demo_id_paraid_overflow_2__vs__f26a5e4940_italic_text_formatting_demo_id_paraid_overflow_redline_9ee09a2c11	tracking_without_comments	97.14	63.26	1	1	1	0
531	clean__3d8acd6139_super_editor__restart_numbering_sub_list_85ddcb7	clean	97.49	85.43	1	1	1	0
532	clean__2c4e244c15_right_aligned_italic_demo_id_paraid_overflow	clean	97.65	83.34	1	1	1	0
533	clean__5900cc12ca_file_29	clean	98.23	69.3	1	1	1	0
534	clean__76bcbe9b26_f00b7032aa_accepted_tracking	clean	98.31	72.65	1	1	1	0
535	clean__46f65c358a_001f64a429d5dafc2087f7737e890403b31073f7d59d006a	clean	98.32	90.07	1	1	1	0
536	tracking_without_comments__f84571f3fc_bold_text_formatting_demo_id_paraid_overflow_2__vs__fdabb735ad_bold_text_formatting_demo_id_paraid_overflow_redline_fd025c2029	tracking_without_comments	98.44	60.97	1	1	1	0
537	clean__1558d2a6ec_project_proposal_id_paraid_overflow	clean	98.55	67.75	1	1	1	0
538	clean__8b3bfdf247_calibri_bold_italic_demo_id_paraid_overflow	clean	98.57	70.12	1	1	1	0
539	clean__53acee0b15_5f0fed8e2a_accepted_tracking	clean	98.58	76.22	1	1	1	0
540	clean__0935a8a24e_file_151	clean	98.6	67.54	1	1	1	0
541	clean__5584d8ea29_file_122	clean	98.75	89.15	1	1	1	0
542	clean__136f9f5ed4_1511c9537d_accepted_tracking	clean	98.82	84.27	1	1	1	0
543	clean__5674014cbb_file_186	clean	98.91	68.23	1	1	1	0
544	clean__cf50dbaf9b_strikethrough_bold_demo_id_paraid_overflow_strik	clean	98.93	83.6	1	1	1	0
545	clean__6c78111f6f_blue_underline_combo_demo_id_paraid_overflow_bol	clean	99.36	86.02	1	1	1	0
546	clean__600b8ca5d7_training_materials_onboarding_program_suggesting	clean	99.44	83.74	1	1	1	0
547	clean__8db63962d9_super_editor__fields_attrs2_fonts_ebd792fb	clean	99.44	77.54	1	1	1	0
548	clean__b3869d974a_file_158	clean	99.45	68.01	1	1	1	0
549	clean__a07a7e0dbd_numbered_list_demo_id_paraid_overflow_numbered_l	clean	99.57	67.73	1	1	1	0
550	clean__f8d6c495b6_font_color_blue_demo_style_default_missing_font	clean	99.72	89.4	1	1	1	0
551	clean__6a65e5219d_24_id_paraid_overflow	clean	100.0	85.29	1	1	1	0
