key,tool_version,docx_sha256,recorded
45c1c5abec_table_vmerge_colspan__vs__a94f4c516b_text_box_redline_54dd9bf0c3,Docxodus 12.6.5 (C#),61115ecf154eccac93af4394700c29dce6dc04197caf78ab84849533a3b7f4d9,2026-10-03
970fd9303f_sample_document_word_repair_of_our_output_word_r__vs__8441c4ae21_sd_2517_localized_heading_styles_redline_9c71031b8a,Docxodus 12.6.5 (C#),5662f9638d1671e0a079a9ce691a152d8b1721c3281755678a732f0af606c691,2026-10-03
a4642f7f90_mcdoc__vs__90e2c33814_meeting_agenda_table_2_redline_26c3aa16a6,Docxodus 12.6.5 (C#),d8d0e3b9e6d6ef44f9f6a68f91e9be07cc90e64ba19452c486c43067162ece39,2026-10-03
a4c38b1bf5_4c17189eb7a543ae96f42443a9f4001a3be8fec6e47f7481__vs__cd63d2dccf_3f2752287dacf8e3e52d649dc467cbab2214df665039ab15_redline_e9ef73a8e4,Docxodus 12.6.5 (C#),423d450cebc9941a8aabd7f53d5411a013781c70b942e7188b41517527460620,2026-10-03
a94f4c516b_text_box__vs__356b7a3629_text_highlight_demo_style_default_missing_redline_4300f2f735,Docxodus 12.6.5 (C#),455443b428a30dfd22ecd6f8e6575518c7feae39b26e31b27b9511565530f509,2026-10-03
cf02e0407e_file_26__vs__b175a00954_file_27_redline_cee8601521,Docxodus 12.6.5 (C#),0044a13c0a328de785e8a553e99375df8ba12bb2ddc548511b658d4ecac1b94f,2026-10-03
d7c6d7eb36_green_underline_bullet_list_id_paraid_overflow__vs__c5763a90ce_header_no_rels_redline_1b7bd516c0,Docxodus 12.6.5 (C#),e3d494c7165afff7a8c2d22e94ff34a1f3965abbbae07063a4d304ea8eb91708,2026-10-03
dc6cf74a76_hr_onboarding_checklist_table__vs__308862bb53_i_am_sharing_microsoft_word_vs_google_docs_compr_redline_e10275b787,Docxodus 12.6.5 (C#),43681e85cba9652af23a7f9b8e6ac6cb67747812508682d60712290ba6ac2151,2026-10-03
ee91b9e453_9385adbfd34ee40a4bd2429d7385293b31a127fc9e9208d1__vs__409867707c_61a16c9bdc534801a19fcf808fdddd50a7cd74d1efd6113e_redline_9f2ce6d6bb,Docxodus 12.6.5 (C#),81bb673c9b28473a8a0f0903c56ba11d30b68204545d7f30ac22157131646583,2026-10-03
