bucket,rank,key,source_score,docx,pdf
worst,1,tracking_without_comments__617c1284c9_00feb732c2ef2b643a132e4305e16833fd047b46ca44b65b__vs__2773adf157_0004c94ca2a8684d47449bb0e7abf87de1df71a7e6543252_redline_2ef6ed00b9,23.2834,corpus/word/tracking_without_comments/docx/617c1284c9_00feb732c2ef2b643a132e4305e16833fd047b46ca44b65b__vs__2773adf157_0004c94ca2a8684d47449bb0e7abf87de1df71a7e6543252_redline_2ef6ed00b9.docx,corpus/word/tracking_without_comments/pdf/617c1284c9_00feb732c2ef2b643a132e4305e16833fd047b46ca44b65b__vs__2773adf157_0004c94ca2a8684d47449bb0e7abf87de1df71a7e6543252_redline_2ef6ed00b9.pdf
worst,2,tracking_without_comments__61e3967518_0011e415331e3b2d8031efcfcfecbb68df0f0b73b26350ce__vs__1424386e9b_017447de83753a0e3b7afc659df038ef56972925336c6a5b_redline_d110c99d97,25.6326,corpus/word/tracking_without_comments/docx/61e3967518_0011e415331e3b2d8031efcfcfecbb68df0f0b73b26350ce__vs__1424386e9b_017447de83753a0e3b7afc659df038ef56972925336c6a5b_redline_d110c99d97.docx,corpus/word/tracking_without_comments/pdf/61e3967518_0011e415331e3b2d8031efcfcfecbb68df0f0b73b26350ce__vs__1424386e9b_017447de83753a0e3b7afc659df038ef56972925336c6a5b_redline_d110c99d97.pdf
worst,3,tracking_without_comments__6c2c8f1b79_4746195c006945f534b2c9ac444f038d071c9f4009b49e4a__vs__9696c5a86b_849ee788c6d02e66e3d5d037056f33907af76c092dbb5494_redline_acafcbe293,29.7932,corpus/word/tracking_without_comments/docx/6c2c8f1b79_4746195c006945f534b2c9ac444f038d071c9f4009b49e4a__vs__9696c5a86b_849ee788c6d02e66e3d5d037056f33907af76c092dbb5494_redline_acafcbe293.docx,corpus/word/tracking_without_comments/pdf/6c2c8f1b79_4746195c006945f534b2c9ac444f038d071c9f4009b49e4a__vs__9696c5a86b_849ee788c6d02e66e3d5d037056f33907af76c092dbb5494_redline_acafcbe293.pdf
worst,4,clean__4910ce2060_8cca05f3991d33efca1a8fc83122be4940de0d3743e04244,30.7053,corpus/word/clean/docx/4910ce2060_8cca05f3991d33efca1a8fc83122be4940de0d3743e04244.docx,corpus/word/clean/pdf/4910ce2060_8cca05f3991d33efca1a8fc83122be4940de0d3743e04244.pdf
worst,5,clean__2261da4dae_cda3ae3ebc9762a0f1f79fcc41fc2c5b21e21260d47f5b4a,32.9521,corpus/word/clean/docx/2261da4dae_cda3ae3ebc9762a0f1f79fcc41fc2c5b21e21260d47f5b4a.docx,corpus/word/clean/pdf/2261da4dae_cda3ae3ebc9762a0f1f79fcc41fc2c5b21e21260d47f5b4a.pdf
worst,6,tracking_without_comments__44b94a5161_167f0f7958593a10cdfcc151834f7e5836df2bfc866b93e3__vs__d2cec1018b_6781f0c4e2d2fbe62c8d5c8bf3fa3fa50bcf9d36a7d86b6e_redline_a33b3d7ea2,33.7894,corpus/word/tracking_without_comments/docx/44b94a5161_167f0f7958593a10cdfcc151834f7e5836df2bfc866b93e3__vs__d2cec1018b_6781f0c4e2d2fbe62c8d5c8bf3fa3fa50bcf9d36a7d86b6e_redline_a33b3d7ea2.docx,corpus/word/tracking_without_comments/pdf/44b94a5161_167f0f7958593a10cdfcc151834f7e5836df2bfc866b93e3__vs__d2cec1018b_6781f0c4e2d2fbe62c8d5c8bf3fa3fa50bcf9d36a7d86b6e_redline_a33b3d7ea2.pdf
worst,7,tracking_without_comments__29379c07bf_002adf0715eed4d213774c26c60c78624c2a3cbb3d0397d2__vs__1424386e9b_017447de83753a0e3b7afc659df038ef56972925336c6a5b_redline_0ac7a5904b,34.3485,corpus/word/tracking_without_comments/docx/29379c07bf_002adf0715eed4d213774c26c60c78624c2a3cbb3d0397d2__vs__1424386e9b_017447de83753a0e3b7afc659df038ef56972925336c6a5b_redline_0ac7a5904b.docx,corpus/word/tracking_without_comments/pdf/29379c07bf_002adf0715eed4d213774c26c60c78624c2a3cbb3d0397d2__vs__1424386e9b_017447de83753a0e3b7afc659df038ef56972925336c6a5b_redline_0ac7a5904b.pdf
worst,8,clean__0e65c38964_9617d33fa7e5b7872c02d159a597b41a437febd15fec7fca,34.6241,corpus/word/clean/docx/0e65c38964_9617d33fa7e5b7872c02d159a597b41a437febd15fec7fca.docx,corpus/word/clean/pdf/0e65c38964_9617d33fa7e5b7872c02d159a597b41a437febd15fec7fca.pdf
worst,9,clean__689964b1d8_fcb45876931e978ee2f9052da44fe1f763e4f0c1cb7b2279,35.0597,corpus/word/clean/docx/689964b1d8_fcb45876931e978ee2f9052da44fe1f763e4f0c1cb7b2279.docx,corpus/word/clean/pdf/689964b1d8_fcb45876931e978ee2f9052da44fe1f763e4f0c1cb7b2279.pdf
worst,10,tracking_without_comments__29379c07bf_002adf0715eed4d213774c26c60c78624c2a3cbb3d0397d2__vs__2e04202552_000e3e7bd2d6215fc7b469cc3e296c1b2a510bc1abc7e0fd_redline_329808a1dc,35.172,corpus/word/tracking_without_comments/docx/29379c07bf_002adf0715eed4d213774c26c60c78624c2a3cbb3d0397d2__vs__2e04202552_000e3e7bd2d6215fc7b469cc3e296c1b2a510bc1abc7e0fd_redline_329808a1dc.docx,corpus/word/tracking_without_comments/pdf/29379c07bf_002adf0715eed4d213774c26c60c78624c2a3cbb3d0397d2__vs__2e04202552_000e3e7bd2d6215fc7b469cc3e296c1b2a510bc1abc7e0fd_redline_329808a1dc.pdf
worst,11,tracking_without_comments__61e3967518_0011e415331e3b2d8031efcfcfecbb68df0f0b73b26350ce__vs__2e04202552_000e3e7bd2d6215fc7b469cc3e296c1b2a510bc1abc7e0fd_redline_335cc03b23,35.4774,corpus/word/tracking_without_comments/docx/61e3967518_0011e415331e3b2d8031efcfcfecbb68df0f0b73b26350ce__vs__2e04202552_000e3e7bd2d6215fc7b469cc3e296c1b2a510bc1abc7e0fd_redline_335cc03b23.docx,corpus/word/tracking_without_comments/pdf/61e3967518_0011e415331e3b2d8031efcfcfecbb68df0f0b73b26350ce__vs__2e04202552_000e3e7bd2d6215fc7b469cc3e296c1b2a510bc1abc7e0fd_redline_335cc03b23.pdf
worst,12,clean__9cab09c08d_75bc7006ba70183c4543590a4131ca692719a521bcd85ad7,38.1382,corpus/word/clean/docx/9cab09c08d_75bc7006ba70183c4543590a4131ca692719a521bcd85ad7.docx,corpus/word/clean/pdf/9cab09c08d_75bc7006ba70183c4543590a4131ca692719a521bcd85ad7.pdf
worst,13,tracking_without_comments__203c24d1e7_00cb988053156ab17763897a184a6655864f9c50f7ef2e53__vs__333bfe069a_003416d620331122b93b434dad901db5836f60d2cad4b533_redline_13a3fc553d,38.1629,corpus/word/tracking_without_comments/docx/203c24d1e7_00cb988053156ab17763897a184a6655864f9c50f7ef2e53__vs__333bfe069a_003416d620331122b93b434dad901db5836f60d2cad4b533_redline_13a3fc553d.docx,corpus/word/tracking_without_comments/pdf/203c24d1e7_00cb988053156ab17763897a184a6655864f9c50f7ef2e53__vs__333bfe069a_003416d620331122b93b434dad901db5836f60d2cad4b533_redline_13a3fc553d.pdf
worst,14,tracking_without_comments__725cdbebe3_0013892c946c551d309fcec9bb3f3500fc08bc77121a3849__vs__333bfe069a_003416d620331122b93b434dad901db5836f60d2cad4b533_redline_52ee8bfbc7,38.1865,corpus/word/tracking_without_comments/docx/725cdbebe3_0013892c946c551d309fcec9bb3f3500fc08bc77121a3849__vs__333bfe069a_003416d620331122b93b434dad901db5836f60d2cad4b533_redline_52ee8bfbc7.docx,corpus/word/tracking_without_comments/pdf/725cdbebe3_0013892c946c551d309fcec9bb3f3500fc08bc77121a3849__vs__333bfe069a_003416d620331122b93b434dad901db5836f60d2cad4b533_redline_52ee8bfbc7.pdf
worst,15,clean__ee79137dd5_8b4e4edc6932664b8d995be412fb392fe48caf5b3d6e6ee9,38.1888,corpus/word/clean/docx/ee79137dd5_8b4e4edc6932664b8d995be412fb392fe48caf5b3d6e6ee9.docx,corpus/word/clean/pdf/ee79137dd5_8b4e4edc6932664b8d995be412fb392fe48caf5b3d6e6ee9.pdf
worst,16,tracking_without_comments__617c1284c9_00feb732c2ef2b643a132e4305e16833fd047b46ca44b65b__vs__333bfe069a_003416d620331122b93b434dad901db5836f60d2cad4b533_redline_4cb34c212d,38.2507,corpus/word/tracking_without_comments/docx/617c1284c9_00feb732c2ef2b643a132e4305e16833fd047b46ca44b65b__vs__333bfe069a_003416d620331122b93b434dad901db5836f60d2cad4b533_redline_4cb34c212d.docx,corpus/word/tracking_without_comments/pdf/617c1284c9_00feb732c2ef2b643a132e4305e16833fd047b46ca44b65b__vs__333bfe069a_003416d620331122b93b434dad901db5836f60d2cad4b533_redline_4cb34c212d.pdf
worst,17,clean__0cb9291cb2_01904c0b9624e27188b4ca233ab7ca6268aa4e2563060c31,38.4103,corpus/word/clean/docx/0cb9291cb2_01904c0b9624e27188b4ca233ab7ca6268aa4e2563060c31.docx,corpus/word/clean/pdf/0cb9291cb2_01904c0b9624e27188b4ca233ab7ca6268aa4e2563060c31.pdf
worst,18,clean__214f17788e_019d9ee6b2fc3ec87ac9b742174d29787101464facdd6509,38.4493,corpus/word/clean/docx/214f17788e_019d9ee6b2fc3ec87ac9b742174d29787101464facdd6509.docx,corpus/word/clean/pdf/214f17788e_019d9ee6b2fc3ec87ac9b742174d29787101464facdd6509.pdf
worst,19,tracking_without_comments__83799a0610_00bced7d0ce7770362c5b667b5e92abefcbfcf5315a2bbf6__vs__333bfe069a_003416d620331122b93b434dad901db5836f60d2cad4b533_redline_2a068b16e5,38.7468,corpus/word/tracking_without_comments/docx/83799a0610_00bced7d0ce7770362c5b667b5e92abefcbfcf5315a2bbf6__vs__333bfe069a_003416d620331122b93b434dad901db5836f60d2cad4b533_redline_2a068b16e5.docx,corpus/word/tracking_without_comments/pdf/83799a0610_00bced7d0ce7770362c5b667b5e92abefcbfcf5315a2bbf6__vs__333bfe069a_003416d620331122b93b434dad901db5836f60d2cad4b533_redline_2a068b16e5.pdf
worst,20,clean__55fcbe9086_0003fc93d088dc4c17f3eabc859086df5cdac48fc1106b6e,38.8563,corpus/word/clean/docx/55fcbe9086_0003fc93d088dc4c17f3eabc859086df5cdac48fc1106b6e.docx,corpus/word/clean/pdf/55fcbe9086_0003fc93d088dc4c17f3eabc859086df5cdac48fc1106b6e.pdf
worst,21,tracking_without_comments__12941c2a77_0023298b011b45232675215822f0f728678a238756d763c8__vs__333bfe069a_003416d620331122b93b434dad901db5836f60d2cad4b533_redline_c48daf68b8,39.2403,corpus/word/tracking_without_comments/docx/12941c2a77_0023298b011b45232675215822f0f728678a238756d763c8__vs__333bfe069a_003416d620331122b93b434dad901db5836f60d2cad4b533_redline_c48daf68b8.docx,corpus/word/tracking_without_comments/pdf/12941c2a77_0023298b011b45232675215822f0f728678a238756d763c8__vs__333bfe069a_003416d620331122b93b434dad901db5836f60d2cad4b533_redline_c48daf68b8.pdf
worst,22,clean__942c4e928e_0220d390b233bb5fce23512533a30a14eeb1cf87c0e005c9,39.2813,corpus/word/clean/docx/942c4e928e_0220d390b233bb5fce23512533a30a14eeb1cf87c0e005c9.docx,corpus/word/clean/pdf/942c4e928e_0220d390b233bb5fce23512533a30a14eeb1cf87c0e005c9.pdf
worst,23,tracking_without_comments__75252a6bb0_015e4665fb2bcc025f24e7b451197933975b68ae37052ca7,39.4154,corpus/word/tracking_without_comments/docx/75252a6bb0_015e4665fb2bcc025f24e7b451197933975b68ae37052ca7.docx,corpus/word/tracking_without_comments/pdf/75252a6bb0_015e4665fb2bcc025f24e7b451197933975b68ae37052ca7.pdf
worst,24,tracking_without_comments__74afe04686_000416d5ee481974205314977bda4d0b297b97cf56f55f5a__vs__333bfe069a_003416d620331122b93b434dad901db5836f60d2cad4b533_redline_fd7dc3247c,39.5932,corpus/word/tracking_without_comments/docx/74afe04686_000416d5ee481974205314977bda4d0b297b97cf56f55f5a__vs__333bfe069a_003416d620331122b93b434dad901db5836f60d2cad4b533_redline_fd7dc3247c.docx,corpus/word/tracking_without_comments/pdf/74afe04686_000416d5ee481974205314977bda4d0b297b97cf56f55f5a__vs__333bfe069a_003416d620331122b93b434dad901db5836f60d2cad4b533_redline_fd7dc3247c.pdf
worst,25,tracking_without_comments__5c9b05a33e_00587c7398e1a788e79e8da144019f60214b4ac572ea28a3__vs__333bfe069a_003416d620331122b93b434dad901db5836f60d2cad4b533_redline_57ddc9f953,39.8453,corpus/word/tracking_without_comments/docx/5c9b05a33e_00587c7398e1a788e79e8da144019f60214b4ac572ea28a3__vs__333bfe069a_003416d620331122b93b434dad901db5836f60d2cad4b533_redline_57ddc9f953.docx,corpus/word/tracking_without_comments/pdf/5c9b05a33e_00587c7398e1a788e79e8da144019f60214b4ac572ea28a3__vs__333bfe069a_003416d620331122b93b434dad901db5836f60d2cad4b533_redline_57ddc9f953.pdf
worst,26,clean__03aa687c07_0fef17a42714273fc90f69ea4dc8d6b2028449267539750a,40.0291,corpus/word/clean/docx/03aa687c07_0fef17a42714273fc90f69ea4dc8d6b2028449267539750a.docx,corpus/word/clean/pdf/03aa687c07_0fef17a42714273fc90f69ea4dc8d6b2028449267539750a.pdf
worst,27,clean__e124592dd0_e8735707c6583763f32f7f53c7c73aaa1e555ea8afae61dc,40.1586,corpus/word/clean/docx/e124592dd0_e8735707c6583763f32f7f53c7c73aaa1e555ea8afae61dc.docx,corpus/word/clean/pdf/e124592dd0_e8735707c6583763f32f7f53c7c73aaa1e555ea8afae61dc.pdf
worst,28,tracking_without_comments__98c8b73841_0041d3944715c2fffc5929695f968e5f399e85b139fba063__vs__333bfe069a_003416d620331122b93b434dad901db5836f60d2cad4b533_redline_617e392832,40.4934,corpus/word/tracking_without_comments/docx/98c8b73841_0041d3944715c2fffc5929695f968e5f399e85b139fba063__vs__333bfe069a_003416d620331122b93b434dad901db5836f60d2cad4b533_redline_617e392832.docx,corpus/word/tracking_without_comments/pdf/98c8b73841_0041d3944715c2fffc5929695f968e5f399e85b139fba063__vs__333bfe069a_003416d620331122b93b434dad901db5836f60d2cad4b533_redline_617e392832.pdf
worst,29,tracking_without_comments__0800162a66_000799b53487acb327ccf0c0ab87fb14b9e8636346719296__vs__333bfe069a_003416d620331122b93b434dad901db5836f60d2cad4b533_redline_da2602b1c0,40.6834,corpus/word/tracking_without_comments/docx/0800162a66_000799b53487acb327ccf0c0ab87fb14b9e8636346719296__vs__333bfe069a_003416d620331122b93b434dad901db5836f60d2cad4b533_redline_da2602b1c0.docx,corpus/word/tracking_without_comments/pdf/0800162a66_000799b53487acb327ccf0c0ab87fb14b9e8636346719296__vs__333bfe069a_003416d620331122b93b434dad901db5836f60d2cad4b533_redline_da2602b1c0.pdf
worst,30,clean__b50b23cc7c_00177a6001ce3df28759049baecced2e1804b7b336f0551a,40.745,corpus/word/clean/docx/b50b23cc7c_00177a6001ce3df28759049baecced2e1804b7b336f0551a.docx,corpus/word/clean/pdf/b50b23cc7c_00177a6001ce3df28759049baecced2e1804b7b336f0551a.pdf
worst,31,clean__f162fdb95f_b0347bad5793fe02b5d275a7d8e8620d44028811971b0f6d,41.3002,corpus/word/clean/docx/f162fdb95f_b0347bad5793fe02b5d275a7d8e8620d44028811971b0f6d.docx,corpus/word/clean/pdf/f162fdb95f_b0347bad5793fe02b5d275a7d8e8620d44028811971b0f6d.pdf
worst,32,clean__b6ba6a6fcf_7eb842c8b5bd1e2a6a3f0cf79b76c74f77da2897a7cb7add,41.4046,corpus/word/clean/docx/b6ba6a6fcf_7eb842c8b5bd1e2a6a3f0cf79b76c74f77da2897a7cb7add.docx,corpus/word/clean/pdf/b6ba6a6fcf_7eb842c8b5bd1e2a6a3f0cf79b76c74f77da2897a7cb7add.pdf
worst,33,clean__a4a4ad540d_e296110b14b9efb410f9521e5d7725611d22585187015eee,41.6156,corpus/word/clean/docx/a4a4ad540d_e296110b14b9efb410f9521e5d7725611d22585187015eee.docx,corpus/word/clean/pdf/a4a4ad540d_e296110b14b9efb410f9521e5d7725611d22585187015eee.pdf
worst,34,tracking_without_comments__61e3967518_0011e415331e3b2d8031efcfcfecbb68df0f0b73b26350ce__vs__2773adf157_0004c94ca2a8684d47449bb0e7abf87de1df71a7e6543252_redline_cc4c55c6f1,41.8213,corpus/word/tracking_without_comments/docx/61e3967518_0011e415331e3b2d8031efcfcfecbb68df0f0b73b26350ce__vs__2773adf157_0004c94ca2a8684d47449bb0e7abf87de1df71a7e6543252_redline_cc4c55c6f1.docx,corpus/word/tracking_without_comments/pdf/61e3967518_0011e415331e3b2d8031efcfcfecbb68df0f0b73b26350ce__vs__2773adf157_0004c94ca2a8684d47449bb0e7abf87de1df71a7e6543252_redline_cc4c55c6f1.pdf
worst,35,tracking_without_comments__aa58aada65_00160046fb2516a560a9681d7ae3e6f4659af57d19555d4e__vs__333bfe069a_003416d620331122b93b434dad901db5836f60d2cad4b533_redline_dd43ad9d3c,41.8352,corpus/word/tracking_without_comments/docx/aa58aada65_00160046fb2516a560a9681d7ae3e6f4659af57d19555d4e__vs__333bfe069a_003416d620331122b93b434dad901db5836f60d2cad4b533_redline_dd43ad9d3c.docx,corpus/word/tracking_without_comments/pdf/aa58aada65_00160046fb2516a560a9681d7ae3e6f4659af57d19555d4e__vs__333bfe069a_003416d620331122b93b434dad901db5836f60d2cad4b533_redline_dd43ad9d3c.pdf
worst,36,tracking_without_comments__29379c07bf_002adf0715eed4d213774c26c60c78624c2a3cbb3d0397d2__vs__2773adf157_0004c94ca2a8684d47449bb0e7abf87de1df71a7e6543252_redline_dfc890ebe7,42.1764,corpus/word/tracking_without_comments/docx/29379c07bf_002adf0715eed4d213774c26c60c78624c2a3cbb3d0397d2__vs__2773adf157_0004c94ca2a8684d47449bb0e7abf87de1df71a7e6543252_redline_dfc890ebe7.docx,corpus/word/tracking_without_comments/pdf/29379c07bf_002adf0715eed4d213774c26c60c78624c2a3cbb3d0397d2__vs__2773adf157_0004c94ca2a8684d47449bb0e7abf87de1df71a7e6543252_redline_dfc890ebe7.pdf
worst,37,clean__9a1c0cc482_00189bfa50665ef68d774f0fa46d3c42e2acc5de12083ae6,42.2934,corpus/word/clean/docx/9a1c0cc482_00189bfa50665ef68d774f0fa46d3c42e2acc5de12083ae6.docx,corpus/word/clean/pdf/9a1c0cc482_00189bfa50665ef68d774f0fa46d3c42e2acc5de12083ae6.pdf
worst,38,tracking_without_comments__4f1b13334b_0002768ad2e3174d9c557d30d4a7a8d70ae4062e52383747__vs__333bfe069a_003416d620331122b93b434dad901db5836f60d2cad4b533_redline_18481ea7f2,42.5228,corpus/word/tracking_without_comments/docx/4f1b13334b_0002768ad2e3174d9c557d30d4a7a8d70ae4062e52383747__vs__333bfe069a_003416d620331122b93b434dad901db5836f60d2cad4b533_redline_18481ea7f2.docx,corpus/word/tracking_without_comments/pdf/4f1b13334b_0002768ad2e3174d9c557d30d4a7a8d70ae4062e52383747__vs__333bfe069a_003416d620331122b93b434dad901db5836f60d2cad4b533_redline_18481ea7f2.pdf
worst,39,tracking_without_comments__5ad6e6d44f_0199027cbf967c88ab833b77e5bc5d629bacecbd40a87c26__vs__2773adf157_0004c94ca2a8684d47449bb0e7abf87de1df71a7e6543252_redline_99b69bb632,42.9121,corpus/word/tracking_without_comments/docx/5ad6e6d44f_0199027cbf967c88ab833b77e5bc5d629bacecbd40a87c26__vs__2773adf157_0004c94ca2a8684d47449bb0e7abf87de1df71a7e6543252_redline_99b69bb632.docx,corpus/word/tracking_without_comments/pdf/5ad6e6d44f_0199027cbf967c88ab833b77e5bc5d629bacecbd40a87c26__vs__2773adf157_0004c94ca2a8684d47449bb0e7abf87de1df71a7e6543252_redline_99b69bb632.pdf
worst,40,clean__c90997f73a_004599833e81f0e72deb9f04ed6c29b659db22561f65fe35,42.9609,corpus/word/clean/docx/c90997f73a_004599833e81f0e72deb9f04ed6c29b659db22561f65fe35.docx,corpus/word/clean/pdf/c90997f73a_004599833e81f0e72deb9f04ed6c29b659db22561f65fe35.pdf
worst,41,tracking_without_comments__cb4f8b4a43_a705aeb161204d5047c4d61ed25600bc39f07a24761c4b8c__vs__f162fdb95f_b0347bad5793fe02b5d275a7d8e8620d44028811971b0f6d_redline_f3f426dc89,43.0249,corpus/word/tracking_without_comments/docx/cb4f8b4a43_a705aeb161204d5047c4d61ed25600bc39f07a24761c4b8c__vs__f162fdb95f_b0347bad5793fe02b5d275a7d8e8620d44028811971b0f6d_redline_f3f426dc89.docx,corpus/word/tracking_without_comments/pdf/cb4f8b4a43_a705aeb161204d5047c4d61ed25600bc39f07a24761c4b8c__vs__f162fdb95f_b0347bad5793fe02b5d275a7d8e8620d44028811971b0f6d_redline_f3f426dc89.pdf
worst,42,clean__3cccdeb956_338ed100b8c726655e68862a5b4584feb59583a37fa3b69d,43.1342,corpus/word/clean/docx/3cccdeb956_338ed100b8c726655e68862a5b4584feb59583a37fa3b69d.docx,corpus/word/clean/pdf/3cccdeb956_338ed100b8c726655e68862a5b4584feb59583a37fa3b69d.pdf
worst,43,tracking_without_comments__5d185fb0dd_006ab612b3ae2e0b1915746c660d9ea64842d89c434e0a09__vs__333bfe069a_003416d620331122b93b434dad901db5836f60d2cad4b533_redline_282a41181b,43.1609,corpus/word/tracking_without_comments/docx/5d185fb0dd_006ab612b3ae2e0b1915746c660d9ea64842d89c434e0a09__vs__333bfe069a_003416d620331122b93b434dad901db5836f60d2cad4b533_redline_282a41181b.docx,corpus/word/tracking_without_comments/pdf/5d185fb0dd_006ab612b3ae2e0b1915746c660d9ea64842d89c434e0a09__vs__333bfe069a_003416d620331122b93b434dad901db5836f60d2cad4b533_redline_282a41181b.pdf
worst,44,tracking_without_comments__60dfd517a9_00f0e7f365a34acc5911a38c89776a4bdd2ba1685edcd0cc__vs__333bfe069a_003416d620331122b93b434dad901db5836f60d2cad4b533_redline_a27125cb58,43.7477,corpus/word/tracking_without_comments/docx/60dfd517a9_00f0e7f365a34acc5911a38c89776a4bdd2ba1685edcd0cc__vs__333bfe069a_003416d620331122b93b434dad901db5836f60d2cad4b533_redline_a27125cb58.docx,corpus/word/tracking_without_comments/pdf/60dfd517a9_00f0e7f365a34acc5911a38c89776a4bdd2ba1685edcd0cc__vs__333bfe069a_003416d620331122b93b434dad901db5836f60d2cad4b533_redline_a27125cb58.pdf
worst,45,tracking_without_comments__0e6f813e69_00d2ca27359f3d1d5ee2c2904b48a3e4717faf7fdf6413f6__vs__333bfe069a_003416d620331122b93b434dad901db5836f60d2cad4b533_redline_0c84d75d3f,43.8671,corpus/word/tracking_without_comments/docx/0e6f813e69_00d2ca27359f3d1d5ee2c2904b48a3e4717faf7fdf6413f6__vs__333bfe069a_003416d620331122b93b434dad901db5836f60d2cad4b533_redline_0c84d75d3f.docx,corpus/word/tracking_without_comments/pdf/0e6f813e69_00d2ca27359f3d1d5ee2c2904b48a3e4717faf7fdf6413f6__vs__333bfe069a_003416d620331122b93b434dad901db5836f60d2cad4b533_redline_0c84d75d3f.pdf
worst,46,clean__49482a748b_44ed9426ac1847fd1d74df3e3982cb437c9658c49aead9c6,43.9897,corpus/word/clean/docx/49482a748b_44ed9426ac1847fd1d74df3e3982cb437c9658c49aead9c6.docx,corpus/word/clean/pdf/49482a748b_44ed9426ac1847fd1d74df3e3982cb437c9658c49aead9c6.pdf
worst,47,tracking_without_comments__048870ce18_014178090497722649b8e7aedf646339a3189ee7fe69a596__vs__333bfe069a_003416d620331122b93b434dad901db5836f60d2cad4b533_redline_77e4a6bed0,44.1313,corpus/word/tracking_without_comments/docx/048870ce18_014178090497722649b8e7aedf646339a3189ee7fe69a596__vs__333bfe069a_003416d620331122b93b434dad901db5836f60d2cad4b533_redline_77e4a6bed0.docx,corpus/word/tracking_without_comments/pdf/048870ce18_014178090497722649b8e7aedf646339a3189ee7fe69a596__vs__333bfe069a_003416d620331122b93b434dad901db5836f60d2cad4b533_redline_77e4a6bed0.pdf
worst,48,clean__1587a40694_4991382416adefef66b97f0a3efacf2c2a793a067541ad27,44.5487,corpus/word/clean/docx/1587a40694_4991382416adefef66b97f0a3efacf2c2a793a067541ad27.docx,corpus/word/clean/pdf/1587a40694_4991382416adefef66b97f0a3efacf2c2a793a067541ad27.pdf
worst,49,clean__60dfd517a9_00f0e7f365a34acc5911a38c89776a4bdd2ba1685edcd0cc,44.6383,corpus/word/clean/docx/60dfd517a9_00f0e7f365a34acc5911a38c89776a4bdd2ba1685edcd0cc.docx,corpus/word/clean/pdf/60dfd517a9_00f0e7f365a34acc5911a38c89776a4bdd2ba1685edcd0cc.pdf
worst,50,tracking_without_comments__61e3967518_0011e415331e3b2d8031efcfcfecbb68df0f0b73b26350ce__vs__333bfe069a_003416d620331122b93b434dad901db5836f60d2cad4b533_redline_be1cdf6d38,44.7112,corpus/word/tracking_without_comments/docx/61e3967518_0011e415331e3b2d8031efcfcfecbb68df0f0b73b26350ce__vs__333bfe069a_003416d620331122b93b434dad901db5836f60d2cad4b533_redline_be1cdf6d38.docx,corpus/word/tracking_without_comments/pdf/61e3967518_0011e415331e3b2d8031efcfcfecbb68df0f0b73b26350ce__vs__333bfe069a_003416d620331122b93b434dad901db5836f60d2cad4b533_redline_be1cdf6d38.pdf
worst,51,clean__b7f325bd51_6f884742d51e530f70c1c0c3d3d5892bb5c8fd96c5ecfb1e,44.7763,corpus/word/clean/docx/b7f325bd51_6f884742d51e530f70c1c0c3d3d5892bb5c8fd96c5ecfb1e.docx,corpus/word/clean/pdf/b7f325bd51_6f884742d51e530f70c1c0c3d3d5892bb5c8fd96c5ecfb1e.pdf
worst,52,clean__3fcd92b87b_30ff840c5280c4e754b1d6998d936bd6ae03c4cafe1dd5c9,44.9212,corpus/word/clean/docx/3fcd92b87b_30ff840c5280c4e754b1d6998d936bd6ae03c4cafe1dd5c9.docx,corpus/word/clean/pdf/3fcd92b87b_30ff840c5280c4e754b1d6998d936bd6ae03c4cafe1dd5c9.pdf
worst,53,clean__2da1da401d_3e30939b715361e07ea9407c76f254c9dfcc59a573f1356c,44.9595,corpus/word/clean/docx/2da1da401d_3e30939b715361e07ea9407c76f254c9dfcc59a573f1356c.docx,corpus/word/clean/pdf/2da1da401d_3e30939b715361e07ea9407c76f254c9dfcc59a573f1356c.pdf
worst,54,tracking_without_comments__a7bce539e1_c01d8d723db353c3d44bc000eef8cb64cf05710ff39e6263__vs__c03ff52e4d_e022c44716b9213b4aa69931b79685a1f711443b13ea8945_redline_cd49552c60,45.0346,corpus/word/tracking_without_comments/docx/a7bce539e1_c01d8d723db353c3d44bc000eef8cb64cf05710ff39e6263__vs__c03ff52e4d_e022c44716b9213b4aa69931b79685a1f711443b13ea8945_redline_cd49552c60.docx,corpus/word/tracking_without_comments/pdf/a7bce539e1_c01d8d723db353c3d44bc000eef8cb64cf05710ff39e6263__vs__c03ff52e4d_e022c44716b9213b4aa69931b79685a1f711443b13ea8945_redline_cd49552c60.pdf
worst,55,tracking_without_comments__29379c07bf_002adf0715eed4d213774c26c60c78624c2a3cbb3d0397d2__vs__333bfe069a_003416d620331122b93b434dad901db5836f60d2cad4b533_redline_2bb3a576ab,45.2176,corpus/word/tracking_without_comments/docx/29379c07bf_002adf0715eed4d213774c26c60c78624c2a3cbb3d0397d2__vs__333bfe069a_003416d620331122b93b434dad901db5836f60d2cad4b533_redline_2bb3a576ab.docx,corpus/word/tracking_without_comments/pdf/29379c07bf_002adf0715eed4d213774c26c60c78624c2a3cbb3d0397d2__vs__333bfe069a_003416d620331122b93b434dad901db5836f60d2cad4b533_redline_2bb3a576ab.pdf
worst,56,clean__b8eddffd09_010a2c9e894ae5cd795ff229cd191c78eec318c74c4ed15e,45.7388,corpus/word/clean/docx/b8eddffd09_010a2c9e894ae5cd795ff229cd191c78eec318c74c4ed15e.docx,corpus/word/clean/pdf/b8eddffd09_010a2c9e894ae5cd795ff229cd191c78eec318c74c4ed15e.pdf
worst,57,clean__2cf5d3545b_000f68169b4d165f0ae128cdbc6ace3a38d8d1fe1146bd8f,45.781,corpus/word/clean/docx/2cf5d3545b_000f68169b4d165f0ae128cdbc6ace3a38d8d1fe1146bd8f.docx,corpus/word/clean/pdf/2cf5d3545b_000f68169b4d165f0ae128cdbc6ace3a38d8d1fe1146bd8f.pdf
worst,58,tracking_without_comments__3cccdeb956_338ed100b8c726655e68862a5b4584feb59583a37fa3b69d__vs__acfb188cbe_da70fe22e2b96c62d0310d4eb7760cbac4c452a88bd62929_redline_17a4d897ce,45.8208,corpus/word/tracking_without_comments/docx/3cccdeb956_338ed100b8c726655e68862a5b4584feb59583a37fa3b69d__vs__acfb188cbe_da70fe22e2b96c62d0310d4eb7760cbac4c452a88bd62929_redline_17a4d897ce.docx,corpus/word/tracking_without_comments/pdf/3cccdeb956_338ed100b8c726655e68862a5b4584feb59583a37fa3b69d__vs__acfb188cbe_da70fe22e2b96c62d0310d4eb7760cbac4c452a88bd62929_redline_17a4d897ce.pdf
worst,59,clean__9ce84b16b6_8130ebf3e279cc2752198e46e0003239b9179f0cfc2b4f46,45.8895,corpus/word/clean/docx/9ce84b16b6_8130ebf3e279cc2752198e46e0003239b9179f0cfc2b4f46.docx,corpus/word/clean/pdf/9ce84b16b6_8130ebf3e279cc2752198e46e0003239b9179f0cfc2b4f46.pdf
worst,60,tracking_without_comments__a6bdad436b_00e1eabab4f0fdde08a033b7d3af988ce75f7e80207c9918__vs__333bfe069a_003416d620331122b93b434dad901db5836f60d2cad4b533_redline_189b6fe5e3,46.1131,corpus/word/tracking_without_comments/docx/a6bdad436b_00e1eabab4f0fdde08a033b7d3af988ce75f7e80207c9918__vs__333bfe069a_003416d620331122b93b434dad901db5836f60d2cad4b533_redline_189b6fe5e3.docx,corpus/word/tracking_without_comments/pdf/a6bdad436b_00e1eabab4f0fdde08a033b7d3af988ce75f7e80207c9918__vs__333bfe069a_003416d620331122b93b434dad901db5836f60d2cad4b533_redline_189b6fe5e3.pdf
worst,61,tracking_without_comments__27c9cbd809_b4b5463ef111d72dc319a5ccf52ae7b396c494e99b89c857__vs__7f90ff7f2c_d94124e867cf9e31389cfa780818a638161d676f6b79049f_redline_b14882f3e9,46.2908,corpus/word/tracking_without_comments/docx/27c9cbd809_b4b5463ef111d72dc319a5ccf52ae7b396c494e99b89c857__vs__7f90ff7f2c_d94124e867cf9e31389cfa780818a638161d676f6b79049f_redline_b14882f3e9.docx,corpus/word/tracking_without_comments/pdf/27c9cbd809_b4b5463ef111d72dc319a5ccf52ae7b396c494e99b89c857__vs__7f90ff7f2c_d94124e867cf9e31389cfa780818a638161d676f6b79049f_redline_b14882f3e9.pdf
worst,62,tracking_without_comments__19313bb0d2_013bfd9bed003f93622f5b45095bb7471499aea576b0e48e__vs__333bfe069a_003416d620331122b93b434dad901db5836f60d2cad4b533_redline_efa9bdd06a,46.4781,corpus/word/tracking_without_comments/docx/19313bb0d2_013bfd9bed003f93622f5b45095bb7471499aea576b0e48e__vs__333bfe069a_003416d620331122b93b434dad901db5836f60d2cad4b533_redline_efa9bdd06a.docx,corpus/word/tracking_without_comments/pdf/19313bb0d2_013bfd9bed003f93622f5b45095bb7471499aea576b0e48e__vs__333bfe069a_003416d620331122b93b434dad901db5836f60d2cad4b533_redline_efa9bdd06a.pdf
worst,63,tracking_without_comments__3fe23ce412_a5b49e91304cf881ab4b07cd810e62ed6f68ac9c0d529815,46.4914,corpus/word/tracking_without_comments/docx/3fe23ce412_a5b49e91304cf881ab4b07cd810e62ed6f68ac9c0d529815.docx,corpus/word/tracking_without_comments/pdf/3fe23ce412_a5b49e91304cf881ab4b07cd810e62ed6f68ac9c0d529815.pdf
worst,64,tracking_without_comments__628ec1cb76_00a9d81709806bc220522f9b062f226e19ba256e436493b1__vs__333bfe069a_003416d620331122b93b434dad901db5836f60d2cad4b533_redline_8eb0bcd9e2,46.5915,corpus/word/tracking_without_comments/docx/628ec1cb76_00a9d81709806bc220522f9b062f226e19ba256e436493b1__vs__333bfe069a_003416d620331122b93b434dad901db5836f60d2cad4b533_redline_8eb0bcd9e2.docx,corpus/word/tracking_without_comments/pdf/628ec1cb76_00a9d81709806bc220522f9b062f226e19ba256e436493b1__vs__333bfe069a_003416d620331122b93b434dad901db5836f60d2cad4b533_redline_8eb0bcd9e2.pdf
worst,65,clean__11860f2d78_c5c029926794053323667da4397833b447af8141ce9971f2,46.7095,corpus/word/clean/docx/11860f2d78_c5c029926794053323667da4397833b447af8141ce9971f2.docx,corpus/word/clean/pdf/11860f2d78_c5c029926794053323667da4397833b447af8141ce9971f2.pdf
worst,66,clean__5d848a2e1c_011402710324274d71d6d135d7359a0a1fd5b6e21500a58c,46.8386,corpus/word/clean/docx/5d848a2e1c_011402710324274d71d6d135d7359a0a1fd5b6e21500a58c.docx,corpus/word/clean/pdf/5d848a2e1c_011402710324274d71d6d135d7359a0a1fd5b6e21500a58c.pdf
worst,67,tracking_without_comments__acd3595c3a_0032221e68ad2a7986d1fe113eb1d46b5a7d1901b5aa9318__vs__333bfe069a_003416d620331122b93b434dad901db5836f60d2cad4b533_redline_8d61bf76a6,46.8687,corpus/word/tracking_without_comments/docx/acd3595c3a_0032221e68ad2a7986d1fe113eb1d46b5a7d1901b5aa9318__vs__333bfe069a_003416d620331122b93b434dad901db5836f60d2cad4b533_redline_8d61bf76a6.docx,corpus/word/tracking_without_comments/pdf/acd3595c3a_0032221e68ad2a7986d1fe113eb1d46b5a7d1901b5aa9318__vs__333bfe069a_003416d620331122b93b434dad901db5836f60d2cad4b533_redline_8d61bf76a6.pdf
worst,68,clean__8adb5d2b90_a5de68536253cfefa979b7c78ccbfd2f4d1316632aedf7c9,46.9562,corpus/word/clean/docx/8adb5d2b90_a5de68536253cfefa979b7c78ccbfd2f4d1316632aedf7c9.docx,corpus/word/clean/pdf/8adb5d2b90_a5de68536253cfefa979b7c78ccbfd2f4d1316632aedf7c9.pdf
worst,69,tracking_without_comments__38694026fb_0003b3ae2b115676d918e72f694790ddb64563721bb4a48d__vs__2773adf157_0004c94ca2a8684d47449bb0e7abf87de1df71a7e6543252_redline_e545a33fde,47.0496,corpus/word/tracking_without_comments/docx/38694026fb_0003b3ae2b115676d918e72f694790ddb64563721bb4a48d__vs__2773adf157_0004c94ca2a8684d47449bb0e7abf87de1df71a7e6543252_redline_e545a33fde.docx,corpus/word/tracking_without_comments/pdf/38694026fb_0003b3ae2b115676d918e72f694790ddb64563721bb4a48d__vs__2773adf157_0004c94ca2a8684d47449bb0e7abf87de1df71a7e6543252_redline_e545a33fde.pdf
worst,70,clean__5c93efd4e5_04a0ee2c71dffb920ca495151043e732d3cd072da4854ed8,47.1635,corpus/word/clean/docx/5c93efd4e5_04a0ee2c71dffb920ca495151043e732d3cd072da4854ed8.docx,corpus/word/clean/pdf/5c93efd4e5_04a0ee2c71dffb920ca495151043e732d3cd072da4854ed8.pdf
worst,71,clean__3f96a7ac81_80122bb2a76402060fc993788f57535ec2ab4f433a1bdda1,47.1987,corpus/word/clean/docx/3f96a7ac81_80122bb2a76402060fc993788f57535ec2ab4f433a1bdda1.docx,corpus/word/clean/pdf/3f96a7ac81_80122bb2a76402060fc993788f57535ec2ab4f433a1bdda1.pdf
worst,72,clean__35ce9aa3cc_00515f13495e5bf0867b319b035d4a83c7904b55056c38f8,47.2682,corpus/word/clean/docx/35ce9aa3cc_00515f13495e5bf0867b319b035d4a83c7904b55056c38f8.docx,corpus/word/clean/pdf/35ce9aa3cc_00515f13495e5bf0867b319b035d4a83c7904b55056c38f8.pdf
worst,73,clean__0796a8a2d6_449a3bc16d4c3f2f1c9d6bbac06f7ebbd864234fe008742f,47.2704,corpus/word/clean/docx/0796a8a2d6_449a3bc16d4c3f2f1c9d6bbac06f7ebbd864234fe008742f.docx,corpus/word/clean/pdf/0796a8a2d6_449a3bc16d4c3f2f1c9d6bbac06f7ebbd864234fe008742f.pdf
worst,74,clean__715d3d2b67_414e913bdcab4ac6cefcf85507ca910beead4a550959a564,47.3099,corpus/word/clean/docx/715d3d2b67_414e913bdcab4ac6cefcf85507ca910beead4a550959a564.docx,corpus/word/clean/pdf/715d3d2b67_414e913bdcab4ac6cefcf85507ca910beead4a550959a564.pdf
worst,75,clean__0fc80afa25_6c48d6e5a703fe986580f2da2dfb0a6b1147051c349357bb,47.3449,corpus/word/clean/docx/0fc80afa25_6c48d6e5a703fe986580f2da2dfb0a6b1147051c349357bb.docx,corpus/word/clean/pdf/0fc80afa25_6c48d6e5a703fe986580f2da2dfb0a6b1147051c349357bb.pdf
worst,76,clean__4e7bb2a1be_7695f5c28812587fab95312957ba9320966f8270ea3863b6,47.3809,corpus/word/clean/docx/4e7bb2a1be_7695f5c28812587fab95312957ba9320966f8270ea3863b6.docx,corpus/word/clean/pdf/4e7bb2a1be_7695f5c28812587fab95312957ba9320966f8270ea3863b6.pdf
worst,77,clean__5770da215a_0065c8734bc8a27255309fdcfd68b04992603f53b5dfc443,47.3873,corpus/word/clean/docx/5770da215a_0065c8734bc8a27255309fdcfd68b04992603f53b5dfc443.docx,corpus/word/clean/pdf/5770da215a_0065c8734bc8a27255309fdcfd68b04992603f53b5dfc443.pdf
worst,78,tracking_without_comments__51a47b843a_c301012f331e342fbe85a9424e9c5d8881777f6974f06500__vs__26fee646c1_bb776817d0c64eb0273772e8691cec3a2d766ecbc717b801_redline_16b2500a7b,47.6349,corpus/word/tracking_without_comments/docx/51a47b843a_c301012f331e342fbe85a9424e9c5d8881777f6974f06500__vs__26fee646c1_bb776817d0c64eb0273772e8691cec3a2d766ecbc717b801_redline_16b2500a7b.docx,corpus/word/tracking_without_comments/pdf/51a47b843a_c301012f331e342fbe85a9424e9c5d8881777f6974f06500__vs__26fee646c1_bb776817d0c64eb0273772e8691cec3a2d766ecbc717b801_redline_16b2500a7b.pdf
worst,79,clean__9e0fe37bd3_c5ddb65c304e51ee1968486ee5967cce78db93eece4177fe,47.8576,corpus/word/clean/docx/9e0fe37bd3_c5ddb65c304e51ee1968486ee5967cce78db93eece4177fe.docx,corpus/word/clean/pdf/9e0fe37bd3_c5ddb65c304e51ee1968486ee5967cce78db93eece4177fe.pdf
worst,80,clean__dfefb3f171_0062780dc733fbc5897a08e57692c6e608b680ab723f936a,48.0445,corpus/word/clean/docx/dfefb3f171_0062780dc733fbc5897a08e57692c6e608b680ab723f936a.docx,corpus/word/clean/pdf/dfefb3f171_0062780dc733fbc5897a08e57692c6e608b680ab723f936a.pdf
worst,81,clean__65c5a8779a_010b0689b6c5fff2c1e4d8c6e8062715acf9e19db91a758a,48.0943,corpus/word/clean/docx/65c5a8779a_010b0689b6c5fff2c1e4d8c6e8062715acf9e19db91a758a.docx,corpus/word/clean/pdf/65c5a8779a_010b0689b6c5fff2c1e4d8c6e8062715acf9e19db91a758a.pdf
worst,82,clean__bc514b554e_00d979c97e42f03faff5f49e2a7dfa9afd30996214602e19,48.0971,corpus/word/clean/docx/bc514b554e_00d979c97e42f03faff5f49e2a7dfa9afd30996214602e19.docx,corpus/word/clean/pdf/bc514b554e_00d979c97e42f03faff5f49e2a7dfa9afd30996214602e19.pdf
worst,83,tracking_without_comments__98c8b73841_0041d3944715c2fffc5929695f968e5f399e85b139fba063__vs__2773adf157_0004c94ca2a8684d47449bb0e7abf87de1df71a7e6543252_redline_8194fae646,48.1782,corpus/word/tracking_without_comments/docx/98c8b73841_0041d3944715c2fffc5929695f968e5f399e85b139fba063__vs__2773adf157_0004c94ca2a8684d47449bb0e7abf87de1df71a7e6543252_redline_8194fae646.docx,corpus/word/tracking_without_comments/pdf/98c8b73841_0041d3944715c2fffc5929695f968e5f399e85b139fba063__vs__2773adf157_0004c94ca2a8684d47449bb0e7abf87de1df71a7e6543252_redline_8194fae646.pdf
worst,84,clean__899ef4306e_0017891576e438292c35db3155e97d16ec0d68144e21bfc3,48.1876,corpus/word/clean/docx/899ef4306e_0017891576e438292c35db3155e97d16ec0d68144e21bfc3.docx,corpus/word/clean/pdf/899ef4306e_0017891576e438292c35db3155e97d16ec0d68144e21bfc3.pdf
worst,85,clean__c07f221713_eb9634eee0b2ef1acef7efc1e0f68f9956208e077be4e02e,48.2815,corpus/word/clean/docx/c07f221713_eb9634eee0b2ef1acef7efc1e0f68f9956208e077be4e02e.docx,corpus/word/clean/pdf/c07f221713_eb9634eee0b2ef1acef7efc1e0f68f9956208e077be4e02e.pdf
worst,86,clean__a235512ec1_52e271cce0b9c44c3e6ac4e2a9bc20c2df9584fe5aff46e5,48.3671,corpus/word/clean/docx/a235512ec1_52e271cce0b9c44c3e6ac4e2a9bc20c2df9584fe5aff46e5.docx,corpus/word/clean/pdf/a235512ec1_52e271cce0b9c44c3e6ac4e2a9bc20c2df9584fe5aff46e5.pdf
worst,87,tracking_without_comments__2ad8d15e88_00e901c5aa86bd93002ce801375c57e44c2c78a0e5b308d3__vs__2e04202552_000e3e7bd2d6215fc7b469cc3e296c1b2a510bc1abc7e0fd_redline_9ea8efb431,48.4188,corpus/word/tracking_without_comments/docx/2ad8d15e88_00e901c5aa86bd93002ce801375c57e44c2c78a0e5b308d3__vs__2e04202552_000e3e7bd2d6215fc7b469cc3e296c1b2a510bc1abc7e0fd_redline_9ea8efb431.docx,corpus/word/tracking_without_comments/pdf/2ad8d15e88_00e901c5aa86bd93002ce801375c57e44c2c78a0e5b308d3__vs__2e04202552_000e3e7bd2d6215fc7b469cc3e296c1b2a510bc1abc7e0fd_redline_9ea8efb431.pdf
worst,88,clean__d4f0fde34b_000e00360e892ca3edf264068631e045129c1f3f08145a8a,48.4369,corpus/word/clean/docx/d4f0fde34b_000e00360e892ca3edf264068631e045129c1f3f08145a8a.docx,corpus/word/clean/pdf/d4f0fde34b_000e00360e892ca3edf264068631e045129c1f3f08145a8a.pdf
worst,89,clean__2a46ae8292_645e030516242bdc8544fb5f1b3c12c59d77060f15dc2afa,48.4643,corpus/word/clean/docx/2a46ae8292_645e030516242bdc8544fb5f1b3c12c59d77060f15dc2afa.docx,corpus/word/clean/pdf/2a46ae8292_645e030516242bdc8544fb5f1b3c12c59d77060f15dc2afa.pdf
worst,90,tracking_without_comments__048870ce18_014178090497722649b8e7aedf646339a3189ee7fe69a596__vs__2e04202552_000e3e7bd2d6215fc7b469cc3e296c1b2a510bc1abc7e0fd_redline_670204a885,48.5312,corpus/word/tracking_without_comments/docx/048870ce18_014178090497722649b8e7aedf646339a3189ee7fe69a596__vs__2e04202552_000e3e7bd2d6215fc7b469cc3e296c1b2a510bc1abc7e0fd_redline_670204a885.docx,corpus/word/tracking_without_comments/pdf/048870ce18_014178090497722649b8e7aedf646339a3189ee7fe69a596__vs__2e04202552_000e3e7bd2d6215fc7b469cc3e296c1b2a510bc1abc7e0fd_redline_670204a885.pdf
worst,91,tracking_without_comments__23cdfeee74_0022d9b76a33e7bdcda8d38ec3c898364c578897fb55d462__vs__333bfe069a_003416d620331122b93b434dad901db5836f60d2cad4b533_redline_743b484b69,48.5374,corpus/word/tracking_without_comments/docx/23cdfeee74_0022d9b76a33e7bdcda8d38ec3c898364c578897fb55d462__vs__333bfe069a_003416d620331122b93b434dad901db5836f60d2cad4b533_redline_743b484b69.docx,corpus/word/tracking_without_comments/pdf/23cdfeee74_0022d9b76a33e7bdcda8d38ec3c898364c578897fb55d462__vs__333bfe069a_003416d620331122b93b434dad901db5836f60d2cad4b533_redline_743b484b69.pdf
worst,92,clean__a4ebc0e89c_0016d88a731db087feb2e28e8bfc163c1fe94df0ee048d55,48.6108,corpus/word/clean/docx/a4ebc0e89c_0016d88a731db087feb2e28e8bfc163c1fe94df0ee048d55.docx,corpus/word/clean/pdf/a4ebc0e89c_0016d88a731db087feb2e28e8bfc163c1fe94df0ee048d55.pdf
worst,93,clean__83a0cec5ca_cc594ee0903acbfa9207a40e3f40a94e75a31b6cdedde4a2,48.6932,corpus/word/clean/docx/83a0cec5ca_cc594ee0903acbfa9207a40e3f40a94e75a31b6cdedde4a2.docx,corpus/word/clean/pdf/83a0cec5ca_cc594ee0903acbfa9207a40e3f40a94e75a31b6cdedde4a2.pdf
worst,94,clean__3ec631ca50_00da7db6735b17da80d85373a7cde4ba91bcc84d9bfde972,48.8194,corpus/word/clean/docx/3ec631ca50_00da7db6735b17da80d85373a7cde4ba91bcc84d9bfde972.docx,corpus/word/clean/pdf/3ec631ca50_00da7db6735b17da80d85373a7cde4ba91bcc84d9bfde972.pdf
worst,95,tracking_without_comments__3f5209785f_c405690532b8164445c4ef36520e25c360527bb0b152e800__vs__bb248c1757_be8ee0b53234a1f931fe02d91dc18938960e4eea05ad606f_redline_a2c9c7b925,48.8885,corpus/word/tracking_without_comments/docx/3f5209785f_c405690532b8164445c4ef36520e25c360527bb0b152e800__vs__bb248c1757_be8ee0b53234a1f931fe02d91dc18938960e4eea05ad606f_redline_a2c9c7b925.docx,corpus/word/tracking_without_comments/pdf/3f5209785f_c405690532b8164445c4ef36520e25c360527bb0b152e800__vs__bb248c1757_be8ee0b53234a1f931fe02d91dc18938960e4eea05ad606f_redline_a2c9c7b925.pdf
worst,96,tracking_without_comments__01d1b3da75_table_bookmark_end__vs__45c1c5abec_table_vmerge_colspan_redline_dc2cb3c667,48.8921,corpus/word/tracking_without_comments/docx/01d1b3da75_table_bookmark_end__vs__45c1c5abec_table_vmerge_colspan_redline_dc2cb3c667.docx,corpus/word/tracking_without_comments/pdf/01d1b3da75_table_bookmark_end__vs__45c1c5abec_table_vmerge_colspan_redline_dc2cb3c667.pdf
worst,97,tracking_without_comments__b714686939_9a41506d7fbb0d63da9941d021ec014c45154207904d708b__vs__0630fbac1b_abc1353804be504974138bfa1aca9f7f51124fbc7ba89b92_redline_cb17103a0f,48.9285,corpus/word/tracking_without_comments/docx/b714686939_9a41506d7fbb0d63da9941d021ec014c45154207904d708b__vs__0630fbac1b_abc1353804be504974138bfa1aca9f7f51124fbc7ba89b92_redline_cb17103a0f.docx,corpus/word/tracking_without_comments/pdf/b714686939_9a41506d7fbb0d63da9941d021ec014c45154207904d708b__vs__0630fbac1b_abc1353804be504974138bfa1aca9f7f51124fbc7ba89b92_redline_cb17103a0f.pdf
worst,98,tracking_without_comments__6683d1be44_table_bookmark_end__vs__9cef43609a_table_vmerge_colspan_redline_fdde57a985,48.9422,corpus/word/tracking_without_comments/docx/6683d1be44_table_bookmark_end__vs__9cef43609a_table_vmerge_colspan_redline_fdde57a985.docx,corpus/word/tracking_without_comments/pdf/6683d1be44_table_bookmark_end__vs__9cef43609a_table_vmerge_colspan_redline_fdde57a985.pdf
worst,99,tracking_without_comments__45e6f5a2e1_00077bf334f45f6bc64fb5b73e579587002b3ccb55de03f8__vs__333bfe069a_003416d620331122b93b434dad901db5836f60d2cad4b533_redline_221997f1c7,48.9519,corpus/word/tracking_without_comments/docx/45e6f5a2e1_00077bf334f45f6bc64fb5b73e579587002b3ccb55de03f8__vs__333bfe069a_003416d620331122b93b434dad901db5836f60d2cad4b533_redline_221997f1c7.docx,corpus/word/tracking_without_comments/pdf/45e6f5a2e1_00077bf334f45f6bc64fb5b73e579587002b3ccb55de03f8__vs__333bfe069a_003416d620331122b93b434dad901db5836f60d2cad4b533_redline_221997f1c7.pdf
worst,100,tracking_without_comments__01d1b3da75_table_bookmark_end__vs__45c1c5abec_table_vmerge_colspan_redline_6e159e8a9b,48.9524,corpus/word/tracking_without_comments/docx/01d1b3da75_table_bookmark_end__vs__45c1c5abec_table_vmerge_colspan_redline_6e159e8a9b.docx,corpus/word/tracking_without_comments/pdf/01d1b3da75_table_bookmark_end__vs__45c1c5abec_table_vmerge_colspan_redline_6e159e8a9b.pdf
worst,101,tracking_without_comments__3ee2d0ceda_00026ef6a227eca724d9cd35f12e3065557a9ef0dc7ee295__vs__2e04202552_000e3e7bd2d6215fc7b469cc3e296c1b2a510bc1abc7e0fd_redline_e0cb8553a6,49.0025,corpus/word/tracking_without_comments/docx/3ee2d0ceda_00026ef6a227eca724d9cd35f12e3065557a9ef0dc7ee295__vs__2e04202552_000e3e7bd2d6215fc7b469cc3e296c1b2a510bc1abc7e0fd_redline_e0cb8553a6.docx,corpus/word/tracking_without_comments/pdf/3ee2d0ceda_00026ef6a227eca724d9cd35f12e3065557a9ef0dc7ee295__vs__2e04202552_000e3e7bd2d6215fc7b469cc3e296c1b2a510bc1abc7e0fd_redline_e0cb8553a6.pdf
worst,102,tracking_without_comments__95c855b9a0_001671bbb68c5b9ebebebfc8be69252ccc195babb3129278__vs__333bfe069a_003416d620331122b93b434dad901db5836f60d2cad4b533_redline_70375949bd,49.0567,corpus/word/tracking_without_comments/docx/95c855b9a0_001671bbb68c5b9ebebebfc8be69252ccc195babb3129278__vs__333bfe069a_003416d620331122b93b434dad901db5836f60d2cad4b533_redline_70375949bd.docx,corpus/word/tracking_without_comments/pdf/95c855b9a0_001671bbb68c5b9ebebebfc8be69252ccc195babb3129278__vs__333bfe069a_003416d620331122b93b434dad901db5836f60d2cad4b533_redline_70375949bd.pdf
worst,103,clean__8f05cb9991_993974b1b002c578bf35a3ded864a397a20d2e562360114e,49.0723,corpus/word/clean/docx/8f05cb9991_993974b1b002c578bf35a3ded864a397a20d2e562360114e.docx,corpus/word/clean/pdf/8f05cb9991_993974b1b002c578bf35a3ded864a397a20d2e562360114e.pdf
worst,104,clean__95505e5cea_876134303c497ac4ec8cd8084f7098d889bc610b52d17afd,49.0794,corpus/word/clean/docx/95505e5cea_876134303c497ac4ec8cd8084f7098d889bc610b52d17afd.docx,corpus/word/clean/pdf/95505e5cea_876134303c497ac4ec8cd8084f7098d889bc610b52d17afd.pdf
worst,105,clean__c05043adc7_c237f28127c24437bbb8b4a83965a9db2c996d272f8e7736,49.0909,corpus/word/clean/docx/c05043adc7_c237f28127c24437bbb8b4a83965a9db2c996d272f8e7736.docx,corpus/word/clean/pdf/c05043adc7_c237f28127c24437bbb8b4a83965a9db2c996d272f8e7736.pdf
worst,106,tracking_without_comments__dd0740a46d_f4b0f5de2361f5c7c4f1255df6c880c566d5739593fb71ad__vs__8a18def1d8_f357e874a1271b31697d8e291fdb56d6696ead9465213720_redline_8fd645df6f,49.1382,corpus/word/tracking_without_comments/docx/dd0740a46d_f4b0f5de2361f5c7c4f1255df6c880c566d5739593fb71ad__vs__8a18def1d8_f357e874a1271b31697d8e291fdb56d6696ead9465213720_redline_8fd645df6f.docx,corpus/word/tracking_without_comments/pdf/dd0740a46d_f4b0f5de2361f5c7c4f1255df6c880c566d5739593fb71ad__vs__8a18def1d8_f357e874a1271b31697d8e291fdb56d6696ead9465213720_redline_8fd645df6f.pdf
worst,107,with_comments_clean__37c6c62345_3f296ffac9c17a92962156ff41f2b079eb687cd440513fe3,49.1988,corpus/word/with_comments_clean/docx/37c6c62345_3f296ffac9c17a92962156ff41f2b079eb687cd440513fe3.docx,corpus/word/with_comments_clean/pdf/37c6c62345_3f296ffac9c17a92962156ff41f2b079eb687cd440513fe3.pdf
worst,108,clean__9cef43609a_table_vmerge_colspan,49.235,corpus/word/clean/docx/9cef43609a_table_vmerge_colspan.docx,corpus/word/clean/pdf/9cef43609a_table_vmerge_colspan.pdf
worst,109,tracking_without_comments__3ee2d0ceda_00026ef6a227eca724d9cd35f12e3065557a9ef0dc7ee295__vs__333bfe069a_003416d620331122b93b434dad901db5836f60d2cad4b533_redline_8c8fd2dfe6,49.239,corpus/word/tracking_without_comments/docx/3ee2d0ceda_00026ef6a227eca724d9cd35f12e3065557a9ef0dc7ee295__vs__333bfe069a_003416d620331122b93b434dad901db5836f60d2cad4b533_redline_8c8fd2dfe6.docx,corpus/word/tracking_without_comments/pdf/3ee2d0ceda_00026ef6a227eca724d9cd35f12e3065557a9ef0dc7ee295__vs__333bfe069a_003416d620331122b93b434dad901db5836f60d2cad4b533_redline_8c8fd2dfe6.pdf
worst,110,clean__00163e55a0_7d35102e1569471281c726baa1f9e9cc31e56e839f337972,49.2991,corpus/word/clean/docx/00163e55a0_7d35102e1569471281c726baa1f9e9cc31e56e839f337972.docx,corpus/word/clean/pdf/00163e55a0_7d35102e1569471281c726baa1f9e9cc31e56e839f337972.pdf
worst,111,clean__1e7b61c72c_26374192eb4b1f9f9f99fd5bbb0999bb076fb04586371978,49.3335,corpus/word/clean/docx/1e7b61c72c_26374192eb4b1f9f9f99fd5bbb0999bb076fb04586371978.docx,corpus/word/clean/pdf/1e7b61c72c_26374192eb4b1f9f9f99fd5bbb0999bb076fb04586371978.pdf
worst,112,tracking_without_comments__cc901c34fc_004028ecdee3787e97aed9dafb5feb104b20ab5540af6e39__vs__333bfe069a_003416d620331122b93b434dad901db5836f60d2cad4b533_redline_a0aea3161b,49.3454,corpus/word/tracking_without_comments/docx/cc901c34fc_004028ecdee3787e97aed9dafb5feb104b20ab5540af6e39__vs__333bfe069a_003416d620331122b93b434dad901db5836f60d2cad4b533_redline_a0aea3161b.docx,corpus/word/tracking_without_comments/pdf/cc901c34fc_004028ecdee3787e97aed9dafb5feb104b20ab5540af6e39__vs__333bfe069a_003416d620331122b93b434dad901db5836f60d2cad4b533_redline_a0aea3161b.pdf
worst,113,clean__812f9a84da_00ac06fef95cc36c8559ec486c7822d97e29002456b38066,49.3472,corpus/word/clean/docx/812f9a84da_00ac06fef95cc36c8559ec486c7822d97e29002456b38066.docx,corpus/word/clean/pdf/812f9a84da_00ac06fef95cc36c8559ec486c7822d97e29002456b38066.pdf
worst,114,clean__c28aafcf60_4e3bc5acd19c432f43ad0adb3fb56f5739bcbe6cd8e9bcb4,49.3758,corpus/word/clean/docx/c28aafcf60_4e3bc5acd19c432f43ad0adb3fb56f5739bcbe6cd8e9bcb4.docx,corpus/word/clean/pdf/c28aafcf60_4e3bc5acd19c432f43ad0adb3fb56f5739bcbe6cd8e9bcb4.pdf
worst,115,clean__ce824b5617_013d00cf04ed22d029972ba818f7523584b85f5c9ee3fd1c,49.8686,corpus/word/clean/docx/ce824b5617_013d00cf04ed22d029972ba818f7523584b85f5c9ee3fd1c.docx,corpus/word/clean/pdf/ce824b5617_013d00cf04ed22d029972ba818f7523584b85f5c9ee3fd1c.pdf
worst,116,tracking_without_comments__0bf5192ed0_00afb3e6b2bb1a5ab1e1770ba41f6f455f87472d24ab2767__vs__2773adf157_0004c94ca2a8684d47449bb0e7abf87de1df71a7e6543252_redline_eabf2cede7,49.8784,corpus/word/tracking_without_comments/docx/0bf5192ed0_00afb3e6b2bb1a5ab1e1770ba41f6f455f87472d24ab2767__vs__2773adf157_0004c94ca2a8684d47449bb0e7abf87de1df71a7e6543252_redline_eabf2cede7.docx,corpus/word/tracking_without_comments/pdf/0bf5192ed0_00afb3e6b2bb1a5ab1e1770ba41f6f455f87472d24ab2767__vs__2773adf157_0004c94ca2a8684d47449bb0e7abf87de1df71a7e6543252_redline_eabf2cede7.pdf
worst,117,clean__f5a2874f01_014b42f2b871a56421fcacd3fab65aa3f69a6c5332eee715,49.9732,corpus/word/clean/docx/f5a2874f01_014b42f2b871a56421fcacd3fab65aa3f69a6c5332eee715.docx,corpus/word/clean/pdf/f5a2874f01_014b42f2b871a56421fcacd3fab65aa3f69a6c5332eee715.pdf
worst,118,clean__ee4ff8d8f5_bd110c8e0c9f08e58245a69f559faf4f7397e25c1d234163,50.0703,corpus/word/clean/docx/ee4ff8d8f5_bd110c8e0c9f08e58245a69f559faf4f7397e25c1d234163.docx,corpus/word/clean/pdf/ee4ff8d8f5_bd110c8e0c9f08e58245a69f559faf4f7397e25c1d234163.pdf
worst,119,clean__854e54d0d4_b5a14ebdbbd67607b97eb464dd41ab98caafcc07fbf9b705,50.1132,corpus/word/clean/docx/854e54d0d4_b5a14ebdbbd67607b97eb464dd41ab98caafcc07fbf9b705.docx,corpus/word/clean/pdf/854e54d0d4_b5a14ebdbbd67607b97eb464dd41ab98caafcc07fbf9b705.pdf
worst,120,clean__237068ab02_000b5cd5204d0b48651ae9a139ddf697c68276d1701567dc,50.1284,corpus/word/clean/docx/237068ab02_000b5cd5204d0b48651ae9a139ddf697c68276d1701567dc.docx,corpus/word/clean/pdf/237068ab02_000b5cd5204d0b48651ae9a139ddf697c68276d1701567dc.pdf
worst,121,tracking_without_comments__5fe95eef15_ef8fe9466d7bdfcbb305b135138e8fb395ceceb10148015b__vs__685c8e4972_c8760b450ac4721d3acc8948a7755ac5d14f55d62483a8d9_redline_9494f2e92a,50.465,corpus/word/tracking_without_comments/docx/5fe95eef15_ef8fe9466d7bdfcbb305b135138e8fb395ceceb10148015b__vs__685c8e4972_c8760b450ac4721d3acc8948a7755ac5d14f55d62483a8d9_redline_9494f2e92a.docx,corpus/word/tracking_without_comments/pdf/5fe95eef15_ef8fe9466d7bdfcbb305b135138e8fb395ceceb10148015b__vs__685c8e4972_c8760b450ac4721d3acc8948a7755ac5d14f55d62483a8d9_redline_9494f2e92a.pdf
worst,122,clean__6fd0bcf742_4d924bef342148e103a8bd4cc7e318ca54c332845ae0d45f,50.4939,corpus/word/clean/docx/6fd0bcf742_4d924bef342148e103a8bd4cc7e318ca54c332845ae0d45f.docx,corpus/word/clean/pdf/6fd0bcf742_4d924bef342148e103a8bd4cc7e318ca54c332845ae0d45f.pdf
worst,123,tracking_without_comments__bd386ff044_51ae5a28375c271d1238bf671ece74421eb9ccf840ccf5af__vs__3b6b7312de_7d4bf96c3fc438f9ea5c94331aa2e2586fbb2ae5a4162075_redline_962c107d2e,50.6082,corpus/word/tracking_without_comments/docx/bd386ff044_51ae5a28375c271d1238bf671ece74421eb9ccf840ccf5af__vs__3b6b7312de_7d4bf96c3fc438f9ea5c94331aa2e2586fbb2ae5a4162075_redline_962c107d2e.docx,corpus/word/tracking_without_comments/pdf/bd386ff044_51ae5a28375c271d1238bf671ece74421eb9ccf840ccf5af__vs__3b6b7312de_7d4bf96c3fc438f9ea5c94331aa2e2586fbb2ae5a4162075_redline_962c107d2e.pdf
worst,124,clean__21c5c99769_0019efa67e126ef79e898fc6abea0b2e41194001abe70f7a,50.6317,corpus/word/clean/docx/21c5c99769_0019efa67e126ef79e898fc6abea0b2e41194001abe70f7a.docx,corpus/word/clean/pdf/21c5c99769_0019efa67e126ef79e898fc6abea0b2e41194001abe70f7a.pdf
worst,125,tracking_without_comments__5ad6e6d44f_0199027cbf967c88ab833b77e5bc5d629bacecbd40a87c26__vs__2e04202552_000e3e7bd2d6215fc7b469cc3e296c1b2a510bc1abc7e0fd_redline_ba0ce6cf52,50.65,corpus/word/tracking_without_comments/docx/5ad6e6d44f_0199027cbf967c88ab833b77e5bc5d629bacecbd40a87c26__vs__2e04202552_000e3e7bd2d6215fc7b469cc3e296c1b2a510bc1abc7e0fd_redline_ba0ce6cf52.docx,corpus/word/tracking_without_comments/pdf/5ad6e6d44f_0199027cbf967c88ab833b77e5bc5d629bacecbd40a87c26__vs__2e04202552_000e3e7bd2d6215fc7b469cc3e296c1b2a510bc1abc7e0fd_redline_ba0ce6cf52.pdf
worst,126,tracking_without_comments__76a40d9ffd_000e618d79bf03ff1783da81e6c34b7ad651896dd56e75a4__vs__333bfe069a_003416d620331122b93b434dad901db5836f60d2cad4b533_redline_d4a0dd0a2f,50.7279,corpus/word/tracking_without_comments/docx/76a40d9ffd_000e618d79bf03ff1783da81e6c34b7ad651896dd56e75a4__vs__333bfe069a_003416d620331122b93b434dad901db5836f60d2cad4b533_redline_d4a0dd0a2f.docx,corpus/word/tracking_without_comments/pdf/76a40d9ffd_000e618d79bf03ff1783da81e6c34b7ad651896dd56e75a4__vs__333bfe069a_003416d620331122b93b434dad901db5836f60d2cad4b533_redline_d4a0dd0a2f.pdf
worst,127,clean__dead097f08_0021132515efd99e444680de3ff6ff1edd71f99599e8d18a,50.7391,corpus/word/clean/docx/dead097f08_0021132515efd99e444680de3ff6ff1edd71f99599e8d18a.docx,corpus/word/clean/pdf/dead097f08_0021132515efd99e444680de3ff6ff1edd71f99599e8d18a.pdf
worst,128,clean__92c32065fc_6768c9be0e1ad3a614793bcdfe18d0fc3ddde7aa6a53ea07,50.7415,corpus/word/clean/docx/92c32065fc_6768c9be0e1ad3a614793bcdfe18d0fc3ddde7aa6a53ea07.docx,corpus/word/clean/pdf/92c32065fc_6768c9be0e1ad3a614793bcdfe18d0fc3ddde7aa6a53ea07.pdf
worst,129,clean__a9799c1c12_c60edb38d05ffa6f106d048d8a07e3ec1f6134ec7c64b515,50.7591,corpus/word/clean/docx/a9799c1c12_c60edb38d05ffa6f106d048d8a07e3ec1f6134ec7c64b515.docx,corpus/word/clean/pdf/a9799c1c12_c60edb38d05ffa6f106d048d8a07e3ec1f6134ec7c64b515.pdf
worst,130,tracking_without_comments__60c3c050c6_c00fe1f6d7c5c568751881299d78a69acc28e9d91e359c17,51.1892,corpus/word/tracking_without_comments/docx/60c3c050c6_c00fe1f6d7c5c568751881299d78a69acc28e9d91e359c17.docx,corpus/word/tracking_without_comments/pdf/60c3c050c6_c00fe1f6d7c5c568751881299d78a69acc28e9d91e359c17.pdf
worst,131,clean__b379ce8f6a_000aba3877dd802d7e03b0e689ba2483ba2b4185ce89efcc,51.2047,corpus/word/clean/docx/b379ce8f6a_000aba3877dd802d7e03b0e689ba2483ba2b4185ce89efcc.docx,corpus/word/clean/pdf/b379ce8f6a_000aba3877dd802d7e03b0e689ba2483ba2b4185ce89efcc.pdf
worst,132,clean__14f06affbf_30d707ed0c807a2118b37014c5b1ae48bc042da6310c6e07,51.2339,corpus/word/clean/docx/14f06affbf_30d707ed0c807a2118b37014c5b1ae48bc042da6310c6e07.docx,corpus/word/clean/pdf/14f06affbf_30d707ed0c807a2118b37014c5b1ae48bc042da6310c6e07.pdf
worst,133,tracking_without_comments__1aa7a03758_004c43cb816aed2ca4b0d0adf6e2bb8f115182135f2b4b42__vs__333bfe069a_003416d620331122b93b434dad901db5836f60d2cad4b533_redline_6e72a9fd74,51.2425,corpus/word/tracking_without_comments/docx/1aa7a03758_004c43cb816aed2ca4b0d0adf6e2bb8f115182135f2b4b42__vs__333bfe069a_003416d620331122b93b434dad901db5836f60d2cad4b533_redline_6e72a9fd74.docx,corpus/word/tracking_without_comments/pdf/1aa7a03758_004c43cb816aed2ca4b0d0adf6e2bb8f115182135f2b4b42__vs__333bfe069a_003416d620331122b93b434dad901db5836f60d2cad4b533_redline_6e72a9fd74.pdf
worst,134,tracking_without_comments__1b9445becb_000516b844a100814a91ff4628bfc37fed6090074bfa22e1__vs__333bfe069a_003416d620331122b93b434dad901db5836f60d2cad4b533_redline_bf0f18053e,51.2746,corpus/word/tracking_without_comments/docx/1b9445becb_000516b844a100814a91ff4628bfc37fed6090074bfa22e1__vs__333bfe069a_003416d620331122b93b434dad901db5836f60d2cad4b533_redline_bf0f18053e.docx,corpus/word/tracking_without_comments/pdf/1b9445becb_000516b844a100814a91ff4628bfc37fed6090074bfa22e1__vs__333bfe069a_003416d620331122b93b434dad901db5836f60d2cad4b533_redline_bf0f18053e.pdf
worst,135,clean__30731b76ac_edbbb194342aa8f4533e356b28cceba2f0631c4b718f7700,51.3114,corpus/word/clean/docx/30731b76ac_edbbb194342aa8f4533e356b28cceba2f0631c4b718f7700.docx,corpus/word/clean/pdf/30731b76ac_edbbb194342aa8f4533e356b28cceba2f0631c4b718f7700.pdf
worst,136,tracking_without_comments__2e7f1e6637_0120556a0553eb1ba39978d5911b7ce62be10a9bdc7c9191__vs__333bfe069a_003416d620331122b93b434dad901db5836f60d2cad4b533_redline_d562e60f4a,51.3782,corpus/word/tracking_without_comments/docx/2e7f1e6637_0120556a0553eb1ba39978d5911b7ce62be10a9bdc7c9191__vs__333bfe069a_003416d620331122b93b434dad901db5836f60d2cad4b533_redline_d562e60f4a.docx,corpus/word/tracking_without_comments/pdf/2e7f1e6637_0120556a0553eb1ba39978d5911b7ce62be10a9bdc7c9191__vs__333bfe069a_003416d620331122b93b434dad901db5836f60d2cad4b533_redline_d562e60f4a.pdf
worst,137,tracking_without_comments__dd85373a71_008b84e05498068c49efc5a0b73f9d5ae7992f045de8c514__vs__333bfe069a_003416d620331122b93b434dad901db5836f60d2cad4b533_redline_18b8ae1706,51.4475,corpus/word/tracking_without_comments/docx/dd85373a71_008b84e05498068c49efc5a0b73f9d5ae7992f045de8c514__vs__333bfe069a_003416d620331122b93b434dad901db5836f60d2cad4b533_redline_18b8ae1706.docx,corpus/word/tracking_without_comments/pdf/dd85373a71_008b84e05498068c49efc5a0b73f9d5ae7992f045de8c514__vs__333bfe069a_003416d620331122b93b434dad901db5836f60d2cad4b533_redline_18b8ae1706.pdf
worst,138,tracking_without_comments__0bf5192ed0_00afb3e6b2bb1a5ab1e1770ba41f6f455f87472d24ab2767__vs__2e04202552_000e3e7bd2d6215fc7b469cc3e296c1b2a510bc1abc7e0fd_redline_1c4807e4d5,51.5014,corpus/word/tracking_without_comments/docx/0bf5192ed0_00afb3e6b2bb1a5ab1e1770ba41f6f455f87472d24ab2767__vs__2e04202552_000e3e7bd2d6215fc7b469cc3e296c1b2a510bc1abc7e0fd_redline_1c4807e4d5.docx,corpus/word/tracking_without_comments/pdf/0bf5192ed0_00afb3e6b2bb1a5ab1e1770ba41f6f455f87472d24ab2767__vs__2e04202552_000e3e7bd2d6215fc7b469cc3e296c1b2a510bc1abc7e0fd_redline_1c4807e4d5.pdf
worst,139,tracking_without_comments__f17e96512e_001cb345cc8d6b799aa725514eb368005048b80f4b4c07a5__vs__333bfe069a_003416d620331122b93b434dad901db5836f60d2cad4b533_redline_96442dbf47,51.626,corpus/word/tracking_without_comments/docx/f17e96512e_001cb345cc8d6b799aa725514eb368005048b80f4b4c07a5__vs__333bfe069a_003416d620331122b93b434dad901db5836f60d2cad4b533_redline_96442dbf47.docx,corpus/word/tracking_without_comments/pdf/f17e96512e_001cb345cc8d6b799aa725514eb368005048b80f4b4c07a5__vs__333bfe069a_003416d620331122b93b434dad901db5836f60d2cad4b533_redline_96442dbf47.pdf
worst,140,tracking_without_comments__8cd372b814_0193e5015be906eb45df5f7b3ceb682c7ff53cb52f15a0bf__vs__333bfe069a_003416d620331122b93b434dad901db5836f60d2cad4b533_redline_642d34f1f7,51.6366,corpus/word/tracking_without_comments/docx/8cd372b814_0193e5015be906eb45df5f7b3ceb682c7ff53cb52f15a0bf__vs__333bfe069a_003416d620331122b93b434dad901db5836f60d2cad4b533_redline_642d34f1f7.docx,corpus/word/tracking_without_comments/pdf/8cd372b814_0193e5015be906eb45df5f7b3ceb682c7ff53cb52f15a0bf__vs__333bfe069a_003416d620331122b93b434dad901db5836f60d2cad4b533_redline_642d34f1f7.pdf
worst,141,tracking_without_comments__286955227d_0134fe85fb88da2accd6637e1c44bdd4f8b7fbb533bd47ba__vs__333bfe069a_003416d620331122b93b434dad901db5836f60d2cad4b533_redline_6bf27a32db,51.7156,corpus/word/tracking_without_comments/docx/286955227d_0134fe85fb88da2accd6637e1c44bdd4f8b7fbb533bd47ba__vs__333bfe069a_003416d620331122b93b434dad901db5836f60d2cad4b533_redline_6bf27a32db.docx,corpus/word/tracking_without_comments/pdf/286955227d_0134fe85fb88da2accd6637e1c44bdd4f8b7fbb533bd47ba__vs__333bfe069a_003416d620331122b93b434dad901db5836f60d2cad4b533_redline_6bf27a32db.pdf
worst,142,clean__cb217f8c48_7f25d170776d38ec7f3f79952c02b497779bafdcdb38b234,51.7205,corpus/word/clean/docx/cb217f8c48_7f25d170776d38ec7f3f79952c02b497779bafdcdb38b234.docx,corpus/word/clean/pdf/cb217f8c48_7f25d170776d38ec7f3f79952c02b497779bafdcdb38b234.pdf
worst,143,tracking_without_comments__af540c50e4_00edeec4b73ab68a9a4e2b0281464f067656d89fc9969ab4__vs__2e04202552_000e3e7bd2d6215fc7b469cc3e296c1b2a510bc1abc7e0fd_redline_a702002b5b,51.7257,corpus/word/tracking_without_comments/docx/af540c50e4_00edeec4b73ab68a9a4e2b0281464f067656d89fc9969ab4__vs__2e04202552_000e3e7bd2d6215fc7b469cc3e296c1b2a510bc1abc7e0fd_redline_a702002b5b.docx,corpus/word/tracking_without_comments/pdf/af540c50e4_00edeec4b73ab68a9a4e2b0281464f067656d89fc9969ab4__vs__2e04202552_000e3e7bd2d6215fc7b469cc3e296c1b2a510bc1abc7e0fd_redline_a702002b5b.pdf
worst,144,clean__ebaa33a061_8bb9da44005409bff43941489bae3901d46da7cd661031d1,52.1963,corpus/word/clean/docx/ebaa33a061_8bb9da44005409bff43941489bae3901d46da7cd661031d1.docx,corpus/word/clean/pdf/ebaa33a061_8bb9da44005409bff43941489bae3901d46da7cd661031d1.pdf
worst,145,tracking_without_comments__2ad8d15e88_00e901c5aa86bd93002ce801375c57e44c2c78a0e5b308d3__vs__333bfe069a_003416d620331122b93b434dad901db5836f60d2cad4b533_redline_5666a8b6aa,52.3639,corpus/word/tracking_without_comments/docx/2ad8d15e88_00e901c5aa86bd93002ce801375c57e44c2c78a0e5b308d3__vs__333bfe069a_003416d620331122b93b434dad901db5836f60d2cad4b533_redline_5666a8b6aa.docx,corpus/word/tracking_without_comments/pdf/2ad8d15e88_00e901c5aa86bd93002ce801375c57e44c2c78a0e5b308d3__vs__333bfe069a_003416d620331122b93b434dad901db5836f60d2cad4b533_redline_5666a8b6aa.pdf
worst,146,clean__46f47ccfe2_46fc5c182dca5262909ec84931a23338aefc1f1032ee0de6,52.4878,corpus/word/clean/docx/46f47ccfe2_46fc5c182dca5262909ec84931a23338aefc1f1032ee0de6.docx,corpus/word/clean/pdf/46f47ccfe2_46fc5c182dca5262909ec84931a23338aefc1f1032ee0de6.pdf
worst,147,tracking_without_comments__ad80cf4457_file_46__vs__5a2663625f_file_47_redline_0dc864b6b3,52.4984,corpus/word/tracking_without_comments/docx/ad80cf4457_file_46__vs__5a2663625f_file_47_redline_0dc864b6b3.docx,corpus/word/tracking_without_comments/pdf/ad80cf4457_file_46__vs__5a2663625f_file_47_redline_0dc864b6b3.pdf
worst,148,tracking_without_comments__b126641535_file_46__vs__3b5c01bae4_file_47_redline_7aa5e9bc9a,52.5224,corpus/word/tracking_without_comments/docx/b126641535_file_46__vs__3b5c01bae4_file_47_redline_7aa5e9bc9a.docx,corpus/word/tracking_without_comments/pdf/b126641535_file_46__vs__3b5c01bae4_file_47_redline_7aa5e9bc9a.pdf
worst,149,tracking_without_comments__b126641535_file_46__vs__3b5c01bae4_file_47_redline_0244dddfe6,52.5248,corpus/word/tracking_without_comments/docx/b126641535_file_46__vs__3b5c01bae4_file_47_redline_0244dddfe6.docx,corpus/word/tracking_without_comments/pdf/b126641535_file_46__vs__3b5c01bae4_file_47_redline_0244dddfe6.pdf
worst,150,clean__887ab1b510_0023e437f8c28adfe624c06dc0226739f80bdbc2a09a7efe,52.567,corpus/word/clean/docx/887ab1b510_0023e437f8c28adfe624c06dc0226739f80bdbc2a09a7efe.docx,corpus/word/clean/pdf/887ab1b510_0023e437f8c28adfe624c06dc0226739f80bdbc2a09a7efe.pdf
worst,151,tracking_without_comments__55ff5d42f1_3b6d812d7355d9d6d283c1dc21bf720c0400ee2489163629__vs__6c6803d90c_6c5f51e3cc55db6e36baaff54fd97420720c3830d9908aae_redline_8fa02c7fe4,52.6129,corpus/word/tracking_without_comments/docx/55ff5d42f1_3b6d812d7355d9d6d283c1dc21bf720c0400ee2489163629__vs__6c6803d90c_6c5f51e3cc55db6e36baaff54fd97420720c3830d9908aae_redline_8fa02c7fe4.docx,corpus/word/tracking_without_comments/pdf/55ff5d42f1_3b6d812d7355d9d6d283c1dc21bf720c0400ee2489163629__vs__6c6803d90c_6c5f51e3cc55db6e36baaff54fd97420720c3830d9908aae_redline_8fa02c7fe4.pdf
worst,152,clean__4c13b4530d_c5a540d6b77685e0eb28f956cbf66cd8380de744447ab8f3,52.8474,corpus/word/clean/docx/4c13b4530d_c5a540d6b77685e0eb28f956cbf66cd8380de744447ab8f3.docx,corpus/word/clean/pdf/4c13b4530d_c5a540d6b77685e0eb28f956cbf66cd8380de744447ab8f3.pdf
worst,153,clean__f1372ad5b6_c8d1d38a8fcbfbeaae0f7f8cec424b65c5560a31b286edd6,52.9166,corpus/word/clean/docx/f1372ad5b6_c8d1d38a8fcbfbeaae0f7f8cec424b65c5560a31b286edd6.docx,corpus/word/clean/pdf/f1372ad5b6_c8d1d38a8fcbfbeaae0f7f8cec424b65c5560a31b286edd6.pdf
worst,154,clean__41164f20b4_001fe960bc70a499e6538af3a03c87616743e4e2ecfc23cb,52.9387,corpus/word/clean/docx/41164f20b4_001fe960bc70a499e6538af3a03c87616743e4e2ecfc23cb.docx,corpus/word/clean/pdf/41164f20b4_001fe960bc70a499e6538af3a03c87616743e4e2ecfc23cb.pdf
worst,155,clean__a67dcf9e05_000014a959f5225c658740fd7915cd50c5728c9cbe06c7d7,53.0071,corpus/word/clean/docx/a67dcf9e05_000014a959f5225c658740fd7915cd50c5728c9cbe06c7d7.docx,corpus/word/clean/pdf/a67dcf9e05_000014a959f5225c658740fd7915cd50c5728c9cbe06c7d7.pdf
worst,156,clean__366c01499c_4a5ea51e25a7689223e27af0f1191b5c443621ba21572343,53.0644,corpus/word/clean/docx/366c01499c_4a5ea51e25a7689223e27af0f1191b5c443621ba21572343.docx,corpus/word/clean/pdf/366c01499c_4a5ea51e25a7689223e27af0f1191b5c443621ba21572343.pdf
worst,157,clean__014f5b166b_0085209e9b3ab0868bc2f0148f1d27f12a95fa9a49727438,53.233,corpus/word/clean/docx/014f5b166b_0085209e9b3ab0868bc2f0148f1d27f12a95fa9a49727438.docx,corpus/word/clean/pdf/014f5b166b_0085209e9b3ab0868bc2f0148f1d27f12a95fa9a49727438.pdf
worst,158,clean__1fac2eb255_006ef799027b6e5b19b90f35d3bb888b5a0581fba9806128,53.3215,corpus/word/clean/docx/1fac2eb255_006ef799027b6e5b19b90f35d3bb888b5a0581fba9806128.docx,corpus/word/clean/pdf/1fac2eb255_006ef799027b6e5b19b90f35d3bb888b5a0581fba9806128.pdf
worst,159,tracking_without_comments__88e7b62a09_file_11__vs__a67044c7bd_file_12_redline_f123c56b64,53.6873,corpus/word/tracking_without_comments/docx/88e7b62a09_file_11__vs__a67044c7bd_file_12_redline_f123c56b64.docx,corpus/word/tracking_without_comments/pdf/88e7b62a09_file_11__vs__a67044c7bd_file_12_redline_f123c56b64.pdf
worst,160,tracking_without_comments__af540c50e4_00edeec4b73ab68a9a4e2b0281464f067656d89fc9969ab4__vs__333bfe069a_003416d620331122b93b434dad901db5836f60d2cad4b533_redline_fd9d6be0de,53.7137,corpus/word/tracking_without_comments/docx/af540c50e4_00edeec4b73ab68a9a4e2b0281464f067656d89fc9969ab4__vs__333bfe069a_003416d620331122b93b434dad901db5836f60d2cad4b533_redline_fd9d6be0de.docx,corpus/word/tracking_without_comments/pdf/af540c50e4_00edeec4b73ab68a9a4e2b0281464f067656d89fc9969ab4__vs__333bfe069a_003416d620331122b93b434dad901db5836f60d2cad4b533_redline_fd9d6be0de.pdf
worst,161,tracking_without_comments__2523714a7f_166230a5d0c1ffc0b39476f0358811a3ae000db31e399eeb__vs__fa99066c51_19d1ea39b560e3746c8fdebc84dfc3dfbb74c345dd5e3f35_redline_0f8eb45f51,53.7342,corpus/word/tracking_without_comments/docx/2523714a7f_166230a5d0c1ffc0b39476f0358811a3ae000db31e399eeb__vs__fa99066c51_19d1ea39b560e3746c8fdebc84dfc3dfbb74c345dd5e3f35_redline_0f8eb45f51.docx,corpus/word/tracking_without_comments/pdf/2523714a7f_166230a5d0c1ffc0b39476f0358811a3ae000db31e399eeb__vs__fa99066c51_19d1ea39b560e3746c8fdebc84dfc3dfbb74c345dd5e3f35_redline_0f8eb45f51.pdf
worst,162,clean__28edf41599_f7d1fb34700e0a929ebd0d75afa681a05584faaa13e059fa,53.8613,corpus/word/clean/docx/28edf41599_f7d1fb34700e0a929ebd0d75afa681a05584faaa13e059fa.docx,corpus/word/clean/pdf/28edf41599_f7d1fb34700e0a929ebd0d75afa681a05584faaa13e059fa.pdf
worst,163,tracking_without_comments__75b13139d1_01424129e67ac16566c504bbb091d985cb6316a08abf5730__vs__2e04202552_000e3e7bd2d6215fc7b469cc3e296c1b2a510bc1abc7e0fd_redline_4db23095b1,53.9433,corpus/word/tracking_without_comments/docx/75b13139d1_01424129e67ac16566c504bbb091d985cb6316a08abf5730__vs__2e04202552_000e3e7bd2d6215fc7b469cc3e296c1b2a510bc1abc7e0fd_redline_4db23095b1.docx,corpus/word/tracking_without_comments/pdf/75b13139d1_01424129e67ac16566c504bbb091d985cb6316a08abf5730__vs__2e04202552_000e3e7bd2d6215fc7b469cc3e296c1b2a510bc1abc7e0fd_redline_4db23095b1.pdf
worst,164,clean__b9dcab0309_542393d4842fda31b144a5073c88785d2cd62d857cc5679e,54.1872,corpus/word/clean/docx/b9dcab0309_542393d4842fda31b144a5073c88785d2cd62d857cc5679e.docx,corpus/word/clean/pdf/b9dcab0309_542393d4842fda31b144a5073c88785d2cd62d857cc5679e.pdf
worst,165,clean__65c088a664_a9e49146f324b0b21c2f41ba8db3de01d69da8b6caf8232b,54.212,corpus/word/clean/docx/65c088a664_a9e49146f324b0b21c2f41ba8db3de01d69da8b6caf8232b.docx,corpus/word/clean/pdf/65c088a664_a9e49146f324b0b21c2f41ba8db3de01d69da8b6caf8232b.pdf
worst,166,clean__1811a17455_015348d20af4b6360c5efc7cc2fc6a4326b3fae66e698f2a,54.4014,corpus/word/clean/docx/1811a17455_015348d20af4b6360c5efc7cc2fc6a4326b3fae66e698f2a.docx,corpus/word/clean/pdf/1811a17455_015348d20af4b6360c5efc7cc2fc6a4326b3fae66e698f2a.pdf
worst,167,clean__7f73d1af22_file_199,54.4694,corpus/word/clean/docx/7f73d1af22_file_199.docx,corpus/word/clean/pdf/7f73d1af22_file_199.pdf
worst,168,clean__9c058c0cbb_54da77dde64cea3aaa809634168cb71ef0fbf2e5b01cb79e,54.6008,corpus/word/clean/docx/9c058c0cbb_54da77dde64cea3aaa809634168cb71ef0fbf2e5b01cb79e.docx,corpus/word/clean/pdf/9c058c0cbb_54da77dde64cea3aaa809634168cb71ef0fbf2e5b01cb79e.pdf
worst,169,tracking_without_comments__acd3595c3a_0032221e68ad2a7986d1fe113eb1d46b5a7d1901b5aa9318__vs__2e04202552_000e3e7bd2d6215fc7b469cc3e296c1b2a510bc1abc7e0fd_redline_a2efa3a876,54.6989,corpus/word/tracking_without_comments/docx/acd3595c3a_0032221e68ad2a7986d1fe113eb1d46b5a7d1901b5aa9318__vs__2e04202552_000e3e7bd2d6215fc7b469cc3e296c1b2a510bc1abc7e0fd_redline_a2efa3a876.docx,corpus/word/tracking_without_comments/pdf/acd3595c3a_0032221e68ad2a7986d1fe113eb1d46b5a7d1901b5aa9318__vs__2e04202552_000e3e7bd2d6215fc7b469cc3e296c1b2a510bc1abc7e0fd_redline_a2efa3a876.pdf
worst,170,tracking_without_comments__0bf5192ed0_00afb3e6b2bb1a5ab1e1770ba41f6f455f87472d24ab2767__vs__333bfe069a_003416d620331122b93b434dad901db5836f60d2cad4b533_redline_7ea727b2af,54.7547,corpus/word/tracking_without_comments/docx/0bf5192ed0_00afb3e6b2bb1a5ab1e1770ba41f6f455f87472d24ab2767__vs__333bfe069a_003416d620331122b93b434dad901db5836f60d2cad4b533_redline_7ea727b2af.docx,corpus/word/tracking_without_comments/pdf/0bf5192ed0_00afb3e6b2bb1a5ab1e1770ba41f6f455f87472d24ab2767__vs__333bfe069a_003416d620331122b93b434dad901db5836f60d2cad4b533_redline_7ea727b2af.pdf
worst,171,with_comments_tracking__26ccb443f6_file_11__vs__799980e6af_file_12_redline_69e44ac125,54.8358,corpus/word/with_comments_tracking/docx/26ccb443f6_file_11__vs__799980e6af_file_12_redline_69e44ac125.docx,corpus/word/with_comments_tracking/pdf/26ccb443f6_file_11__vs__799980e6af_file_12_redline_69e44ac125.pdf
worst,172,tracking_without_comments__4db02133f5_0007ed60dbbc648e714534360ae72dd054c8322b82ac5609__vs__2773adf157_0004c94ca2a8684d47449bb0e7abf87de1df71a7e6543252_redline_b21b9663f3,54.8796,corpus/word/tracking_without_comments/docx/4db02133f5_0007ed60dbbc648e714534360ae72dd054c8322b82ac5609__vs__2773adf157_0004c94ca2a8684d47449bb0e7abf87de1df71a7e6543252_redline_b21b9663f3.docx,corpus/word/tracking_without_comments/pdf/4db02133f5_0007ed60dbbc648e714534360ae72dd054c8322b82ac5609__vs__2773adf157_0004c94ca2a8684d47449bb0e7abf87de1df71a7e6543252_redline_b21b9663f3.pdf
worst,173,clean__a67044c7bd_file_12,54.9166,corpus/word/clean/docx/a67044c7bd_file_12.docx,corpus/word/clean/pdf/a67044c7bd_file_12.pdf
worst,174,clean__851f0db23f_003df1e72a9f80cb2eeccc51cd6f81fdefde5d23a79a8f84,55.012,corpus/word/clean/docx/851f0db23f_003df1e72a9f80cb2eeccc51cd6f81fdefde5d23a79a8f84.docx,corpus/word/clean/pdf/851f0db23f_003df1e72a9f80cb2eeccc51cd6f81fdefde5d23a79a8f84.pdf
worst,175,tracking_without_comments__053db61e03_file_198__vs__bf1e40dbc1_file_199_redline_4e90d8893f,55.0232,corpus/word/tracking_without_comments/docx/053db61e03_file_198__vs__bf1e40dbc1_file_199_redline_4e90d8893f.docx,corpus/word/tracking_without_comments/pdf/053db61e03_file_198__vs__bf1e40dbc1_file_199_redline_4e90d8893f.pdf
worst,176,tracking_without_comments__053db61e03_file_198__vs__bf1e40dbc1_file_199_redline_323a1a1e2c,55.0288,corpus/word/tracking_without_comments/docx/053db61e03_file_198__vs__bf1e40dbc1_file_199_redline_323a1a1e2c.docx,corpus/word/tracking_without_comments/pdf/053db61e03_file_198__vs__bf1e40dbc1_file_199_redline_323a1a1e2c.pdf
worst,177,tracking_without_comments__b6bcd5d86d_file_198__vs__7f73d1af22_file_199_redline_619c44196e,55.1397,corpus/word/tracking_without_comments/docx/b6bcd5d86d_file_198__vs__7f73d1af22_file_199_redline_619c44196e.docx,corpus/word/tracking_without_comments/pdf/b6bcd5d86d_file_198__vs__7f73d1af22_file_199_redline_619c44196e.pdf
worst,178,tracking_without_comments__a6bdad436b_00e1eabab4f0fdde08a033b7d3af988ce75f7e80207c9918__vs__2e04202552_000e3e7bd2d6215fc7b469cc3e296c1b2a510bc1abc7e0fd_redline_cc7edf29ba,55.2792,corpus/word/tracking_without_comments/docx/a6bdad436b_00e1eabab4f0fdde08a033b7d3af988ce75f7e80207c9918__vs__2e04202552_000e3e7bd2d6215fc7b469cc3e296c1b2a510bc1abc7e0fd_redline_cc7edf29ba.docx,corpus/word/tracking_without_comments/pdf/a6bdad436b_00e1eabab4f0fdde08a033b7d3af988ce75f7e80207c9918__vs__2e04202552_000e3e7bd2d6215fc7b469cc3e296c1b2a510bc1abc7e0fd_redline_cc7edf29ba.pdf
worst,179,tracking_without_comments__9be7e36de4_00c3fd2d23e8acf016f9b2fb44f4ee84789abc39c820e7ab__vs__2e04202552_000e3e7bd2d6215fc7b469cc3e296c1b2a510bc1abc7e0fd_redline_9722936e52,55.3392,corpus/word/tracking_without_comments/docx/9be7e36de4_00c3fd2d23e8acf016f9b2fb44f4ee84789abc39c820e7ab__vs__2e04202552_000e3e7bd2d6215fc7b469cc3e296c1b2a510bc1abc7e0fd_redline_9722936e52.docx,corpus/word/tracking_without_comments/pdf/9be7e36de4_00c3fd2d23e8acf016f9b2fb44f4ee84789abc39c820e7ab__vs__2e04202552_000e3e7bd2d6215fc7b469cc3e296c1b2a510bc1abc7e0fd_redline_9722936e52.pdf
worst,180,tracking_without_comments__6dff70fa73_005df9de4a11e9d5e0809079fe33b4783538a96e645d8b42__vs__5203829c7a_001cc92b88566d5f930fe57f25813c0bf52a7bdc72c217d0_redline_823e29543e,55.6108,corpus/word/tracking_without_comments/docx/6dff70fa73_005df9de4a11e9d5e0809079fe33b4783538a96e645d8b42__vs__5203829c7a_001cc92b88566d5f930fe57f25813c0bf52a7bdc72c217d0_redline_823e29543e.docx,corpus/word/tracking_without_comments/pdf/6dff70fa73_005df9de4a11e9d5e0809079fe33b4783538a96e645d8b42__vs__5203829c7a_001cc92b88566d5f930fe57f25813c0bf52a7bdc72c217d0_redline_823e29543e.pdf
worst,181,with_comments_tracking__26ccb443f6_file_11__vs__799980e6af_file_12_redline_f64bfdeadc,55.71,corpus/word/with_comments_tracking/docx/26ccb443f6_file_11__vs__799980e6af_file_12_redline_f64bfdeadc.docx,corpus/word/with_comments_tracking/pdf/26ccb443f6_file_11__vs__799980e6af_file_12_redline_f64bfdeadc.pdf
worst,182,tracking_without_comments__ee79137dd5_8b4e4edc6932664b8d995be412fb392fe48caf5b3d6e6ee9__vs__ea7c0cc1c3_ea5833966c0bbeeee4f60026b68dd36e8660b1b5c5b79900_redline_554df0e56c,55.7985,corpus/word/tracking_without_comments/docx/ee79137dd5_8b4e4edc6932664b8d995be412fb392fe48caf5b3d6e6ee9__vs__ea7c0cc1c3_ea5833966c0bbeeee4f60026b68dd36e8660b1b5c5b79900_redline_554df0e56c.docx,corpus/word/tracking_without_comments/pdf/ee79137dd5_8b4e4edc6932664b8d995be412fb392fe48caf5b3d6e6ee9__vs__ea7c0cc1c3_ea5833966c0bbeeee4f60026b68dd36e8660b1b5c5b79900_redline_554df0e56c.pdf
worst,183,tracking_without_comments__4db02133f5_0007ed60dbbc648e714534360ae72dd054c8322b82ac5609__vs__333bfe069a_003416d620331122b93b434dad901db5836f60d2cad4b533_redline_e09413fc87,55.894,corpus/word/tracking_without_comments/docx/4db02133f5_0007ed60dbbc648e714534360ae72dd054c8322b82ac5609__vs__333bfe069a_003416d620331122b93b434dad901db5836f60d2cad4b533_redline_e09413fc87.docx,corpus/word/tracking_without_comments/pdf/4db02133f5_0007ed60dbbc648e714534360ae72dd054c8322b82ac5609__vs__333bfe069a_003416d620331122b93b434dad901db5836f60d2cad4b533_redline_e09413fc87.pdf
worst,184,clean__333bfe069a_003416d620331122b93b434dad901db5836f60d2cad4b533,56.1006,corpus/word/clean/docx/333bfe069a_003416d620331122b93b434dad901db5836f60d2cad4b533.docx,corpus/word/clean/pdf/333bfe069a_003416d620331122b93b434dad901db5836f60d2cad4b533.pdf
worst,185,tracking_without_comments__6dff70fa73_005df9de4a11e9d5e0809079fe33b4783538a96e645d8b42__vs__333bfe069a_003416d620331122b93b434dad901db5836f60d2cad4b533_redline_358234e61c,56.1809,corpus/word/tracking_without_comments/docx/6dff70fa73_005df9de4a11e9d5e0809079fe33b4783538a96e645d8b42__vs__333bfe069a_003416d620331122b93b434dad901db5836f60d2cad4b533_redline_358234e61c.docx,corpus/word/tracking_without_comments/pdf/6dff70fa73_005df9de4a11e9d5e0809079fe33b4783538a96e645d8b42__vs__333bfe069a_003416d620331122b93b434dad901db5836f60d2cad4b533_redline_358234e61c.pdf
worst,186,tracking_without_comments__0bf5192ed0_00afb3e6b2bb1a5ab1e1770ba41f6f455f87472d24ab2767__vs__bd3824dd1e_000ee64ef7226d353297888f59a251e24ce5d776fea000fa_redline_c8db65e1fd,56.4185,corpus/word/tracking_without_comments/docx/0bf5192ed0_00afb3e6b2bb1a5ab1e1770ba41f6f455f87472d24ab2767__vs__bd3824dd1e_000ee64ef7226d353297888f59a251e24ce5d776fea000fa_redline_c8db65e1fd.docx,corpus/word/tracking_without_comments/pdf/0bf5192ed0_00afb3e6b2bb1a5ab1e1770ba41f6f455f87472d24ab2767__vs__bd3824dd1e_000ee64ef7226d353297888f59a251e24ce5d776fea000fa_redline_c8db65e1fd.pdf
worst,187,clean__509174cb00_4dc2a0dc7286438f40da0bcc0be31afe83621d0fc6576159,56.5642,corpus/word/clean/docx/509174cb00_4dc2a0dc7286438f40da0bcc0be31afe83621d0fc6576159.docx,corpus/word/clean/pdf/509174cb00_4dc2a0dc7286438f40da0bcc0be31afe83621d0fc6576159.pdf
worst,188,clean__76c0f1a39c_b1e565871b53ce7b97fc2d3e4fdd2d8da17e067bc9b73400,56.6,corpus/word/clean/docx/76c0f1a39c_b1e565871b53ce7b97fc2d3e4fdd2d8da17e067bc9b73400.docx,corpus/word/clean/pdf/76c0f1a39c_b1e565871b53ce7b97fc2d3e4fdd2d8da17e067bc9b73400.pdf
worst,189,tracking_without_comments__531cf3d312_00ce789bc3226c2a68967cc29792927c80b7f55d9b5267ad__vs__2e04202552_000e3e7bd2d6215fc7b469cc3e296c1b2a510bc1abc7e0fd_redline_3c920d5996,56.8694,corpus/word/tracking_without_comments/docx/531cf3d312_00ce789bc3226c2a68967cc29792927c80b7f55d9b5267ad__vs__2e04202552_000e3e7bd2d6215fc7b469cc3e296c1b2a510bc1abc7e0fd_redline_3c920d5996.docx,corpus/word/tracking_without_comments/pdf/531cf3d312_00ce789bc3226c2a68967cc29792927c80b7f55d9b5267ad__vs__2e04202552_000e3e7bd2d6215fc7b469cc3e296c1b2a510bc1abc7e0fd_redline_3c920d5996.pdf
worst,190,clean__e6c6450977_01517928f575736a56608e7fb08681ef5e76cec5129abc38,56.879,corpus/word/clean/docx/e6c6450977_01517928f575736a56608e7fb08681ef5e76cec5129abc38.docx,corpus/word/clean/pdf/e6c6450977_01517928f575736a56608e7fb08681ef5e76cec5129abc38.pdf
worst,191,clean__a74c66473b_000b2ee56f39129227a43af36b4e266cbce158e1d96004a2,56.9501,corpus/word/clean/docx/a74c66473b_000b2ee56f39129227a43af36b4e266cbce158e1d96004a2.docx,corpus/word/clean/pdf/a74c66473b_000b2ee56f39129227a43af36b4e266cbce158e1d96004a2.pdf
worst,192,tracking_without_comments__1aa7a03758_004c43cb816aed2ca4b0d0adf6e2bb8f115182135f2b4b42__vs__bd3824dd1e_000ee64ef7226d353297888f59a251e24ce5d776fea000fa_redline_5620c6bac3,56.9741,corpus/word/tracking_without_comments/docx/1aa7a03758_004c43cb816aed2ca4b0d0adf6e2bb8f115182135f2b4b42__vs__bd3824dd1e_000ee64ef7226d353297888f59a251e24ce5d776fea000fa_redline_5620c6bac3.docx,corpus/word/tracking_without_comments/pdf/1aa7a03758_004c43cb816aed2ca4b0d0adf6e2bb8f115182135f2b4b42__vs__bd3824dd1e_000ee64ef7226d353297888f59a251e24ce5d776fea000fa_redline_5620c6bac3.pdf
worst,193,clean__1c1fc4a7d3_921a851075ff3eb89f6ca703f298e6504a0ab0c43507f650,57.1558,corpus/word/clean/docx/1c1fc4a7d3_921a851075ff3eb89f6ca703f298e6504a0ab0c43507f650.docx,corpus/word/clean/pdf/1c1fc4a7d3_921a851075ff3eb89f6ca703f298e6504a0ab0c43507f650.pdf
worst,194,with_comments_tracking__adc9f524d1_comments__vs__5d17fd43a9_complex_style_attr_redline_ffed78e6e8,57.1857,corpus/word/with_comments_tracking/docx/adc9f524d1_comments__vs__5d17fd43a9_complex_style_attr_redline_ffed78e6e8.docx,corpus/word/with_comments_tracking/pdf/adc9f524d1_comments__vs__5d17fd43a9_complex_style_attr_redline_ffed78e6e8.pdf
worst,195,with_comments_tracking__ed6c82cead_word_tolerated_broken_media_rel__vs__8fb278cb36_word_tolerated_duplicate_ppr_redline_2ebbfc18b4,57.2261,corpus/word/with_comments_tracking/docx/ed6c82cead_word_tolerated_broken_media_rel__vs__8fb278cb36_word_tolerated_duplicate_ppr_redline_2ebbfc18b4.docx,corpus/word/with_comments_tracking/pdf/ed6c82cead_word_tolerated_broken_media_rel__vs__8fb278cb36_word_tolerated_duplicate_ppr_redline_2ebbfc18b4.pdf
worst,196,with_comments_tracking__ed6c82cead_word_tolerated_broken_media_rel__vs__8fb278cb36_word_tolerated_duplicate_ppr_redline_750426b989,57.2286,corpus/word/with_comments_tracking/docx/ed6c82cead_word_tolerated_broken_media_rel__vs__8fb278cb36_word_tolerated_duplicate_ppr_redline_750426b989.docx,corpus/word/with_comments_tracking/pdf/ed6c82cead_word_tolerated_broken_media_rel__vs__8fb278cb36_word_tolerated_duplicate_ppr_redline_750426b989.pdf
worst,197,with_comments_tracking__adc9f524d1_comments__vs__5d17fd43a9_complex_style_attr_redline_2061218d44,57.2605,corpus/word/with_comments_tracking/docx/adc9f524d1_comments__vs__5d17fd43a9_complex_style_attr_redline_2061218d44.docx,corpus/word/with_comments_tracking/pdf/adc9f524d1_comments__vs__5d17fd43a9_complex_style_attr_redline_2061218d44.pdf
worst,198,clean__ce4c9d3b3d_7fa69790846ae2093b15137a907a6d257ba30150baeba42b,57.3992,corpus/word/clean/docx/ce4c9d3b3d_7fa69790846ae2093b15137a907a6d257ba30150baeba42b.docx,corpus/word/clean/pdf/ce4c9d3b3d_7fa69790846ae2093b15137a907a6d257ba30150baeba42b.pdf
worst,199,clean__7209f54d75_6c5db378781787f7200117e9f8fcb4ca177e6cb11c01bad7,57.4701,corpus/word/clean/docx/7209f54d75_6c5db378781787f7200117e9f8fcb4ca177e6cb11c01bad7.docx,corpus/word/clean/pdf/7209f54d75_6c5db378781787f7200117e9f8fcb4ca177e6cb11c01bad7.pdf
worst,200,with_comments_tracking__64bdd3aded_footnotes_sample__vs__a0738533be_gdocs_comments_export_redline_820ab5e086,57.5481,corpus/word/with_comments_tracking/docx/64bdd3aded_footnotes_sample__vs__a0738533be_gdocs_comments_export_redline_820ab5e086.docx,corpus/word/with_comments_tracking/pdf/64bdd3aded_footnotes_sample__vs__a0738533be_gdocs_comments_export_redline_820ab5e086.pdf
spread,225,clean__85dd326156_0331552025e2e125862e7037b6a403c89e80278e90344915,59.4894,corpus/word/clean/docx/85dd326156_0331552025e2e125862e7037b6a403c89e80278e90344915.docx,corpus/word/clean/pdf/85dd326156_0331552025e2e125862e7037b6a403c89e80278e90344915.pdf
spread,273,with_comments_tracking__e9d5410452_file_191__vs__bffb81f86c_file_192_redline_0cbac1d96f,62.3158,corpus/word/with_comments_tracking/docx/e9d5410452_file_191__vs__bffb81f86c_file_192_redline_0cbac1d96f.docx,corpus/word/with_comments_tracking/pdf/e9d5410452_file_191__vs__bffb81f86c_file_192_redline_0cbac1d96f.pdf
spread,322,tracking_without_comments__98c8b73841_0041d3944715c2fffc5929695f968e5f399e85b139fba063__vs__aa5340125d_00a4b0b91e9b5b072dc3771391c2d608518690eccf44eae8_redline_53b52b7b2d,64.8815,corpus/word/tracking_without_comments/docx/98c8b73841_0041d3944715c2fffc5929695f968e5f399e85b139fba063__vs__aa5340125d_00a4b0b91e9b5b072dc3771391c2d608518690eccf44eae8_redline_53b52b7b2d.docx,corpus/word/tracking_without_comments/pdf/98c8b73841_0041d3944715c2fffc5929695f968e5f399e85b139fba063__vs__aa5340125d_00a4b0b91e9b5b072dc3771391c2d608518690eccf44eae8_redline_53b52b7b2d.pdf
spread,370,clean__ff414aab54_19347b1070dc340b9b529b1d2c25367e8dfcee88e0b4d66f,68.1967,corpus/word/clean/docx/ff414aab54_19347b1070dc340b9b529b1d2c25367e8dfcee88e0b4d66f.docx,corpus/word/clean/pdf/ff414aab54_19347b1070dc340b9b529b1d2c25367e8dfcee88e0b4d66f.pdf
spread,419,clean__44c002ce3c_0ae6cecfd3bbc0271966316df350de5bd4a4c3f54eff5493,71.38,corpus/word/clean/docx/44c002ce3c_0ae6cecfd3bbc0271966316df350de5bd4a4c3f54eff5493.docx,corpus/word/clean/pdf/44c002ce3c_0ae6cecfd3bbc0271966316df350de5bd4a4c3f54eff5493.pdf
spread,467,clean__2319b00645_1c99b5cdb9c11cdf122e0b9d4b5c54c8e162dd4a809e0c88,72.9732,corpus/word/clean/docx/2319b00645_1c99b5cdb9c11cdf122e0b9d4b5c54c8e162dd4a809e0c88.docx,corpus/word/clean/pdf/2319b00645_1c99b5cdb9c11cdf122e0b9d4b5c54c8e162dd4a809e0c88.pdf
spread,516,clean__aa58aada65_00160046fb2516a560a9681d7ae3e6f4659af57d19555d4e,74.7334,corpus/word/clean/docx/aa58aada65_00160046fb2516a560a9681d7ae3e6f4659af57d19555d4e.docx,corpus/word/clean/pdf/aa58aada65_00160046fb2516a560a9681d7ae3e6f4659af57d19555d4e.pdf
spread,564,clean__c7f95cb37a_0192c1b380b2699613b4c4047b248e03a3748ad4682226f2,76.1455,corpus/word/clean/docx/c7f95cb37a_0192c1b380b2699613b4c4047b248e03a3748ad4682226f2.docx,corpus/word/clean/pdf/c7f95cb37a_0192c1b380b2699613b4c4047b248e03a3748ad4682226f2.pdf
spread,613,clean__102bad12a7_001f2a51facf718958540647554f58ad0e2539c077e9e10d,77.0276,corpus/word/clean/docx/102bad12a7_001f2a51facf718958540647554f58ad0e2539c077e9e10d.docx,corpus/word/clean/pdf/102bad12a7_001f2a51facf718958540647554f58ad0e2539c077e9e10d.pdf
spread,661,tracking_without_comments__66b0a9112c_file_165__vs__06a48012fc_file_166_redline_089f925c77,77.7442,corpus/word/tracking_without_comments/docx/66b0a9112c_file_165__vs__06a48012fc_file_166_redline_089f925c77.docx,corpus/word/tracking_without_comments/pdf/66b0a9112c_file_165__vs__06a48012fc_file_166_redline_089f925c77.pdf
spread,710,clean__048870ce18_014178090497722649b8e7aedf646339a3189ee7fe69a596,78.4964,corpus/word/clean/docx/048870ce18_014178090497722649b8e7aedf646339a3189ee7fe69a596.docx,corpus/word/clean/pdf/048870ce18_014178090497722649b8e7aedf646339a3189ee7fe69a596.pdf
spread,758,tracking_without_comments__3ad856ac79_file_39__vs__03c2173f9b_file_40_redline_1a5a8a93b8,79.0105,corpus/word/tracking_without_comments/docx/3ad856ac79_file_39__vs__03c2173f9b_file_40_redline_1a5a8a93b8.docx,corpus/word/tracking_without_comments/pdf/3ad856ac79_file_39__vs__03c2173f9b_file_40_redline_1a5a8a93b8.pdf
spread,807,tracking_without_comments__28a7b1d2bd_risk_assessment_product_launch_suggesting_insert__vs__8bf3c89c49_roboto_font_demo_id_paraid_overflow_2_redline_f903446fa2,79.5144,corpus/word/tracking_without_comments/docx/28a7b1d2bd_risk_assessment_product_launch_suggesting_insert__vs__8bf3c89c49_roboto_font_demo_id_paraid_overflow_2_redline_f903446fa2.docx,corpus/word/tracking_without_comments/pdf/28a7b1d2bd_risk_assessment_product_launch_suggesting_insert__vs__8bf3c89c49_roboto_font_demo_id_paraid_overflow_2_redline_f903446fa2.pdf
spread,856,tracking_without_comments__75b13139d1_01424129e67ac16566c504bbb091d985cb6316a08abf5730__vs__deff0e697a_00b5defcad6e58038eac35472a2d48c89905068e5ece0cc3_redline_7672fdf4c1,79.9118,corpus/word/tracking_without_comments/docx/75b13139d1_01424129e67ac16566c504bbb091d985cb6316a08abf5730__vs__deff0e697a_00b5defcad6e58038eac35472a2d48c89905068e5ece0cc3_redline_7672fdf4c1.docx,corpus/word/tracking_without_comments/pdf/75b13139d1_01424129e67ac16566c504bbb091d985cb6316a08abf5730__vs__deff0e697a_00b5defcad6e58038eac35472a2d48c89905068e5ece0cc3_redline_7672fdf4c1.pdf
spread,904,tracking_without_comments__a6bdad436b_00e1eabab4f0fdde08a033b7d3af988ce75f7e80207c9918__vs__deff0e697a_00b5defcad6e58038eac35472a2d48c89905068e5ece0cc3_redline_84974ba395,80.4355,corpus/word/tracking_without_comments/docx/a6bdad436b_00e1eabab4f0fdde08a033b7d3af988ce75f7e80207c9918__vs__deff0e697a_00b5defcad6e58038eac35472a2d48c89905068e5ece0cc3_redline_84974ba395.docx,corpus/word/tracking_without_comments/pdf/a6bdad436b_00e1eabab4f0fdde08a033b7d3af988ce75f7e80207c9918__vs__deff0e697a_00b5defcad6e58038eac35472a2d48c89905068e5ece0cc3_redline_84974ba395.pdf
spread,953,tracking_without_comments__c5b63f5273_bold_superscript_demo_style_default_missing__vs__dccd86b590_bold_text_formatting_demo_id_paraid_overflow_2_redline_0480d8c02b,80.983,corpus/word/tracking_without_comments/docx/c5b63f5273_bold_superscript_demo_style_default_missing__vs__dccd86b590_bold_text_formatting_demo_id_paraid_overflow_2_redline_0480d8c02b.docx,corpus/word/tracking_without_comments/pdf/c5b63f5273_bold_superscript_demo_style_default_missing__vs__dccd86b590_bold_text_formatting_demo_id_paraid_overflow_2_redline_0480d8c02b.pdf
spread,1001,tracking_without_comments__dc2d9eeccb_file_40__vs__42df4a13aa_file_41_redline_df8dd82375,81.3496,corpus/word/tracking_without_comments/docx/dc2d9eeccb_file_40__vs__42df4a13aa_file_41_redline_df8dd82375.docx,corpus/word/tracking_without_comments/pdf/dc2d9eeccb_file_40__vs__42df4a13aa_file_41_redline_df8dd82375.pdf
spread,1050,tracking_without_comments__e3c6e90478_file_43__vs__9960c72d3d_file_44_redline_8ab8d478ae,81.7027,corpus/word/tracking_without_comments/docx/e3c6e90478_file_43__vs__9960c72d3d_file_44_redline_8ab8d478ae.docx,corpus/word/tracking_without_comments/pdf/e3c6e90478_file_43__vs__9960c72d3d_file_44_redline_8ab8d478ae.pdf
spread,1098,tracking_without_comments__9149dccd33_file_113__vs__eeec3949fe_file_114_redline_4ed68831f1,82.0733,corpus/word/tracking_without_comments/docx/9149dccd33_file_113__vs__eeec3949fe_file_114_redline_4ed68831f1.docx,corpus/word/tracking_without_comments/pdf/9149dccd33_file_113__vs__eeec3949fe_file_114_redline_4ed68831f1.pdf
spread,1147,tracking_without_comments__dab313767f_red_heading_demo_id_paraid_overflow__vs__ba06c848cd_red_strikethrough_demo_style_default_missing_redline_645206eff8,82.4754,corpus/word/tracking_without_comments/docx/dab313767f_red_heading_demo_id_paraid_overflow__vs__ba06c848cd_red_strikethrough_demo_style_default_missing_redline_645206eff8.docx,corpus/word/tracking_without_comments/pdf/dab313767f_red_heading_demo_id_paraid_overflow__vs__ba06c848cd_red_strikethrough_demo_style_default_missing_redline_645206eff8.pdf
spread,1195,clean__8a5f60d75f_69a8faaa680238387ac0d4673db50c752141e49b8b18667a,82.6868,corpus/word/clean/docx/8a5f60d75f_69a8faaa680238387ac0d4673db50c752141e49b8b18667a.docx,corpus/word/clean/pdf/8a5f60d75f_69a8faaa680238387ac0d4673db50c752141e49b8b18667a.pdf
spread,1244,tracking_without_comments__23cdfeee74_0022d9b76a33e7bdcda8d38ec3c898364c578897fb55d462__vs__2773adf157_0004c94ca2a8684d47449bb0e7abf87de1df71a7e6543252_redline_8836f9bbdb,82.9429,corpus/word/tracking_without_comments/docx/23cdfeee74_0022d9b76a33e7bdcda8d38ec3c898364c578897fb55d462__vs__2773adf157_0004c94ca2a8684d47449bb0e7abf87de1df71a7e6543252_redline_8836f9bbdb.docx,corpus/word/tracking_without_comments/pdf/23cdfeee74_0022d9b76a33e7bdcda8d38ec3c898364c578897fb55d462__vs__2773adf157_0004c94ca2a8684d47449bb0e7abf87de1df71a7e6543252_redline_8836f9bbdb.pdf
spread,1292,tracking_without_comments__9de8d635f0_file_107__vs__cdb3618419_file_108_redline_2a1212cebe,83.0851,corpus/word/tracking_without_comments/docx/9de8d635f0_file_107__vs__cdb3618419_file_108_redline_2a1212cebe.docx,corpus/word/tracking_without_comments/pdf/9de8d635f0_file_107__vs__cdb3618419_file_108_redline_2a1212cebe.pdf
spread,1341,tracking_without_comments__e7f42d32bc_right_align_bold_demo_id_paraid_overflow__vs__2c4e244c15_right_aligned_italic_demo_id_paraid_overflow_redline_3faf6e148e,83.2114,corpus/word/tracking_without_comments/docx/e7f42d32bc_right_align_bold_demo_id_paraid_overflow__vs__2c4e244c15_right_aligned_italic_demo_id_paraid_overflow_redline_3faf6e148e.docx,corpus/word/tracking_without_comments/pdf/e7f42d32bc_right_align_bold_demo_id_paraid_overflow__vs__2c4e244c15_right_aligned_italic_demo_id_paraid_overflow_redline_3faf6e148e.pdf
spread,1389,tracking_without_comments__0619bc1b1d_file_84__vs__fad179ac0c_file_85_redline_7a9bcc2478,83.4106,corpus/word/tracking_without_comments/docx/0619bc1b1d_file_84__vs__fad179ac0c_file_85_redline_7a9bcc2478.docx,corpus/word/tracking_without_comments/pdf/0619bc1b1d_file_84__vs__fad179ac0c_file_85_redline_7a9bcc2478.pdf
spread,1438,tracking_without_comments__79c90a72d7_file_179__vs__e616ed8a32_file_180_redline_0e9d1c7ff5,83.7898,corpus/word/tracking_without_comments/docx/79c90a72d7_file_179__vs__e616ed8a32_file_180_redline_0e9d1c7ff5.docx,corpus/word/tracking_without_comments/pdf/79c90a72d7_file_179__vs__e616ed8a32_file_180_redline_0e9d1c7ff5.pdf
spread,1486,clean__b714686939_9a41506d7fbb0d63da9941d021ec014c45154207904d708b,84.6448,corpus/word/clean/docx/b714686939_9a41506d7fbb0d63da9941d021ec014c45154207904d708b.docx,corpus/word/clean/pdf/b714686939_9a41506d7fbb0d63da9941d021ec014c45154207904d708b.pdf
spread,1535,tracking_without_comments__617c1284c9_00feb732c2ef2b643a132e4305e16833fd047b46ca44b65b__vs__342f364d46_001342333d45627868f4dc5282abbba4598a91b4a7584b08_redline_34e4211b58,85.4414,corpus/word/tracking_without_comments/docx/617c1284c9_00feb732c2ef2b643a132e4305e16833fd047b46ca44b65b__vs__342f364d46_001342333d45627868f4dc5282abbba4598a91b4a7584b08_redline_34e4211b58.docx,corpus/word/tracking_without_comments/pdf/617c1284c9_00feb732c2ef2b643a132e4305e16833fd047b46ca44b65b__vs__342f364d46_001342333d45627868f4dc5282abbba4598a91b4a7584b08_redline_34e4211b58.pdf
spread,1583,tracking_without_comments__ec45d7fc58_subtitle_style_demo_id_paraid_overflow__vs__61eaede95c_subtitle_style_demo_style_default_missing_redline_a1ea159b8f,86.1677,corpus/word/tracking_without_comments/docx/ec45d7fc58_subtitle_style_demo_id_paraid_overflow__vs__61eaede95c_subtitle_style_demo_style_default_missing_redline_a1ea159b8f.docx,corpus/word/tracking_without_comments/pdf/ec45d7fc58_subtitle_style_demo_id_paraid_overflow__vs__61eaede95c_subtitle_style_demo_style_default_missing_redline_a1ea159b8f.pdf
spread,1632,clean__b72ad4f19a_a820a0da011e611146ee10c801a15125f3b3b0409b63bb83,87.0001,corpus/word/clean/docx/b72ad4f19a_a820a0da011e611146ee10c801a15125f3b3b0409b63bb83.docx,corpus/word/clean/pdf/b72ad4f19a_a820a0da011e611146ee10c801a15125f3b3b0409b63bb83.pdf
spread,1680,clean__a621244f47_bold_underline_combined_demo_id_paraid_overflow,87.5553,corpus/word/clean/docx/a621244f47_bold_underline_combined_demo_id_paraid_overflow.docx,corpus/word/clean/pdf/a621244f47_bold_underline_combined_demo_id_paraid_overflow.pdf
spread,1729,clean__3c1ec8dfd3_a561150e9c973ab5f22a1eaa541f739bb7683339375baf5f,88.0992,corpus/word/clean/docx/3c1ec8dfd3_a561150e9c973ab5f22a1eaa541f739bb7683339375baf5f.docx,corpus/word/clean/pdf/3c1ec8dfd3_a561150e9c973ab5f22a1eaa541f739bb7683339375baf5f.pdf
spread,1777,clean__b83d53a061_0b51577fe8f261b7bbd09d6bc4b4f11cf85cb1a18e9b6f33,88.6324,corpus/word/clean/docx/b83d53a061_0b51577fe8f261b7bbd09d6bc4b4f11cf85cb1a18e9b6f33.docx,corpus/word/clean/pdf/b83d53a061_0b51577fe8f261b7bbd09d6bc4b4f11cf85cb1a18e9b6f33.pdf
spread,1826,clean__2cf170f973_a44ffa364d7ae415d97c79da1cf954a8435bedfa165cb118,89.0391,corpus/word/clean/docx/2cf170f973_a44ffa364d7ae415d97c79da1cf954a8435bedfa165cb118.docx,corpus/word/clean/pdf/2cf170f973_a44ffa364d7ae415d97c79da1cf954a8435bedfa165cb118.pdf
spread,1874,tracking_without_comments__c40c88e402_project_tasks_suggesting_insertions__vs__d0a21b7c3c_q1_sales_summary_table_2_redline_f51f0a9928,89.5328,corpus/word/tracking_without_comments/docx/c40c88e402_project_tasks_suggesting_insertions__vs__d0a21b7c3c_q1_sales_summary_table_2_redline_f51f0a9928.docx,corpus/word/tracking_without_comments/pdf/c40c88e402_project_tasks_suggesting_insertions__vs__d0a21b7c3c_q1_sales_summary_table_2_redline_f51f0a9928.pdf
spread,1923,tracking_without_comments__f7d8cdf9a9_product_roadmap_2026_suggesting_insertions__vs__93db7f65b3_project_plan_suggesting_insertions_redline_218c9d60d5,89.8826,corpus/word/tracking_without_comments/docx/f7d8cdf9a9_product_roadmap_2026_suggesting_insertions__vs__93db7f65b3_project_plan_suggesting_insertions_redline_218c9d60d5.docx,corpus/word/tracking_without_comments/pdf/f7d8cdf9a9_product_roadmap_2026_suggesting_insertions__vs__93db7f65b3_project_plan_suggesting_insertions_redline_218c9d60d5.pdf
spread,1971,clean__a9e2f2c9c6_03db4d3e4022d9613a4bbbb7f7b4bc98bed915d4491cb897,90.2367,corpus/word/clean/docx/a9e2f2c9c6_03db4d3e4022d9613a4bbbb7f7b4bc98bed915d4491cb897.docx,corpus/word/clean/pdf/a9e2f2c9c6_03db4d3e4022d9613a4bbbb7f7b4bc98bed915d4491cb897.pdf
spread,2020,tracking_without_comments__fdabb735ad_bold_text_formatting_demo_id_paraid_overflow__vs__08e3f68925_bold_underline_combined_demo_id_paraid_overflow_redline_acd5cf3bf2,90.5277,corpus/word/tracking_without_comments/docx/fdabb735ad_bold_text_formatting_demo_id_paraid_overflow__vs__08e3f68925_bold_underline_combined_demo_id_paraid_overflow_redline_acd5cf3bf2.docx,corpus/word/tracking_without_comments/pdf/fdabb735ad_bold_text_formatting_demo_id_paraid_overflow__vs__08e3f68925_bold_underline_combined_demo_id_paraid_overflow_redline_acd5cf3bf2.pdf
spread,2069,tracking_without_comments__93485182eb_font_color_blue_demo_style_default_missing__vs__33e7d339be_font_color_demo_style_default_missing_redline_d1ba747797,91.0401,corpus/word/tracking_without_comments/docx/93485182eb_font_color_blue_demo_style_default_missing__vs__33e7d339be_font_color_demo_style_default_missing_redline_d1ba747797.docx,corpus/word/tracking_without_comments/pdf/93485182eb_font_color_blue_demo_style_default_missing__vs__33e7d339be_font_color_demo_style_default_missing_redline_d1ba747797.pdf
spread,2117,clean__ee7b597379_e1de10f3f4dde77b257e02a9bc77069e526976ce36a540ca,91.3833,corpus/word/clean/docx/ee7b597379_e1de10f3f4dde77b257e02a9bc77069e526976ce36a540ca.docx,corpus/word/clean/pdf/ee7b597379_e1de10f3f4dde77b257e02a9bc77069e526976ce36a540ca.pdf
spread,2166,clean__11de5a425f_subtitle_style_demo_style_default_missing,91.8538,corpus/word/clean/docx/11de5a425f_subtitle_style_demo_style_default_missing.docx,corpus/word/clean/pdf/11de5a425f_subtitle_style_demo_style_default_missing.pdf
spread,2214,clean__a6b430bba8_file_61,92.6062,corpus/word/clean/docx/a6b430bba8_file_61.docx,corpus/word/clean/pdf/a6b430bba8_file_61.pdf
spread,2263,tracking_without_comments__e1f631e28a_green_highlight_demo_id_paraid_overflow__vs__d7c6d7eb36_green_underline_bullet_list_id_paraid_overflow_redline_bbc6278567,93.1623,corpus/word/tracking_without_comments/docx/e1f631e28a_green_highlight_demo_id_paraid_overflow__vs__d7c6d7eb36_green_underline_bullet_list_id_paraid_overflow_redline_bbc6278567.docx,corpus/word/tracking_without_comments/pdf/e1f631e28a_green_highlight_demo_id_paraid_overflow__vs__d7c6d7eb36_green_underline_bullet_list_id_paraid_overflow_redline_bbc6278567.pdf
spread,2311,clean__acd3595c3a_0032221e68ad2a7986d1fe113eb1d46b5a7d1901b5aa9318,93.8711,corpus/word/clean/docx/acd3595c3a_0032221e68ad2a7986d1fe113eb1d46b5a7d1901b5aa9318.docx,corpus/word/clean/pdf/acd3595c3a_0032221e68ad2a7986d1fe113eb1d46b5a7d1901b5aa9318.pdf
spread,2360,clean__affe6c2bdb_000ff4412a9a24cdcfb8f0a3f8c5108de1cc4e4450134017,94.8116,corpus/word/clean/docx/affe6c2bdb_000ff4412a9a24cdcfb8f0a3f8c5108de1cc4e4450134017.docx,corpus/word/clean/pdf/affe6c2bdb_000ff4412a9a24cdcfb8f0a3f8c5108de1cc4e4450134017.pdf
spread,2408,tracking_without_comments__5d3a211e19_it_security_policy_v2_suggesting_insertions,95.7024,corpus/word/tracking_without_comments/docx/5d3a211e19_it_security_policy_v2_suggesting_insertions.docx,corpus/word/tracking_without_comments/pdf/5d3a211e19_it_security_policy_v2_suggesting_insertions.pdf
spread,2457,clean__7090bdab8a_00762acc0aca3d4d456c06fead59c7d1a849ffbe62546d43,97.1081,corpus/word/clean/docx/7090bdab8a_00762acc0aca3d4d456c06fead59c7d1a849ffbe62546d43.docx,corpus/word/clean/pdf/7090bdab8a_00762acc0aca3d4d456c06fead59c7d1a849ffbe62546d43.pdf
spread,2505,clean__2afd0d6f4b_open_sans_font_demo_id_paraid_overflow_2,98.1401,corpus/word/clean/docx/2afd0d6f4b_open_sans_font_demo_id_paraid_overflow_2.docx,corpus/word/clean/pdf/2afd0d6f4b_open_sans_font_demo_id_paraid_overflow_2.pdf
spread,2554,clean__54655f6dc4_bold_text_formatting_demo_id_paraid_overflow,98.892,corpus/word/clean/docx/54655f6dc4_bold_text_formatting_demo_id_paraid_overflow.docx,corpus/word/clean/pdf/54655f6dc4_bold_text_formatting_demo_id_paraid_overflow.pdf
spread,2602,clean__868b5e44f4_file_120,99.6433,corpus/word/clean/docx/868b5e44f4_file_120.docx,corpus/word/clean/pdf/868b5e44f4_file_120.pdf
