key,base,next,docx,pdf,state,id,sets,base_sha256,next_sha256,docx_sha256,pdf_sha256
45c1c5abec_table_vmerge_colspan__vs__a94f4c516b_text_box_redline_54dd9bf0c3,clean/docx/45c1c5abec_table_vmerge_colspan,clean/docx/a94f4c516b_text_box,tracking_without_comments/docx/45c1c5abec_table_vmerge_colspan__vs__a94f4c516b_text_box_redline_54dd9bf0c3.docx,tracking_without_comments/pdf/45c1c5abec_table_vmerge_colspan__vs__a94f4c516b_text_box_redline_54dd9bf0c3.pdf,tracking_without_comments,54dd9bf0c3,word_based_0926,45c1c5abecd57ac13ed2b101fe90e046a2e368364ddc301a7d977b407179a585,a94f4c516bec29b7c2e2e219ad1799700f0eecd0ebf25ef7f8fc59c14db8fdc9,54dd9bf0c36018d378ffc5a76b3f71151f43a7ad3784c6353f919eade64cd8be,24bff5bcd2a714fdd8c3171387768029adad2f60f55c5e9a736693bb9abc9e16
8e694101b9_469e571050275b57ed1836b4cc17f4d29e43eec925bdfad9__vs__37c6c62345_3f296ffac9c17a92962156ff41f2b079eb687cd440513fe3_redline_9a2af58d99,clean/docx/8e694101b9_469e571050275b57ed1836b4cc17f4d29e43eec925bdfad9,with_comments_clean/docx/37c6c62345_3f296ffac9c17a92962156ff41f2b079eb687cd440513fe3,with_comments_tracking/docx/8e694101b9_469e571050275b57ed1836b4cc17f4d29e43eec925bdfad9__vs__37c6c62345_3f296ffac9c17a92962156ff41f2b079eb687cd440513fe3_redline_9a2af58d99.docx,with_comments_tracking/pdf/8e694101b9_469e571050275b57ed1836b4cc17f4d29e43eec925bdfad9__vs__37c6c62345_3f296ffac9c17a92962156ff41f2b079eb687cd440513fe3_redline_9a2af58d99.pdf,with_comments_tracking,9a2af58d99,redlines_en_500,8e694101b983f28e166b0a2b6b96b3632ed7ec6c36b71224598b276a30e745c3,37c6c623452393a9e3e32ff48627f12ed2073afd4e23fb5ba8874e7ad6ea7ce9,9a2af58d9950178a75325dc319a782a65e841d3017c28fa9e15c1306d1df17d0,1f816939d610e29eda1fb1bb9360f37f2d6e02116aa1d12029dfcb5c62449874
a4642f7f90_mcdoc__vs__90e2c33814_meeting_agenda_table_2_redline_26c3aa16a6,clean/docx/a4642f7f90_mcdoc,clean/docx/90e2c33814_meeting_agenda_table_2,tracking_without_comments/docx/a4642f7f90_mcdoc__vs__90e2c33814_meeting_agenda_table_2_redline_26c3aa16a6.docx,tracking_without_comments/pdf/a4642f7f90_mcdoc__vs__90e2c33814_meeting_agenda_table_2_redline_26c3aa16a6.pdf,tracking_without_comments,26c3aa16a6,word_based;fixtures_word_compares,a4642f7f9006ee318439e53deb2635e62dc82551c1b6ad003fc3fdf0eba11c59,90e2c3381430f35fc5e78b7dee483575ad9b6f6cc7cdb6aab5fc6a9c808265b3,26c3aa16a6edacbca016396cd4017e3425492e1ce2b49dbbba71fd594d90f48d,8401a987911bee82922a3a622ee67d31da3f7110f5dfbc5ace151806d0dd588f
a4c38b1bf5_4c17189eb7a543ae96f42443a9f4001a3be8fec6e47f7481__vs__cd63d2dccf_3f2752287dacf8e3e52d649dc467cbab2214df665039ab15_redline_e9ef73a8e4,with_comments_tracking/docx/a4c38b1bf5_4c17189eb7a543ae96f42443a9f4001a3be8fec6e47f7481,clean/docx/cd63d2dccf_3f2752287dacf8e3e52d649dc467cbab2214df665039ab15,with_comments_tracking/docx/a4c38b1bf5_4c17189eb7a543ae96f42443a9f4001a3be8fec6e47f7481__vs__cd63d2dccf_3f2752287dacf8e3e52d649dc467cbab2214df665039ab15_redline_e9ef73a8e4.docx,with_comments_tracking/pdf/a4c38b1bf5_4c17189eb7a543ae96f42443a9f4001a3be8fec6e47f7481__vs__cd63d2dccf_3f2752287dacf8e3e52d649dc467cbab2214df665039ab15_redline_e9ef73a8e4.pdf,with_comments_tracking,e9ef73a8e4,redlines_en_500,a4c38b1bf51f685eb136c8ade8b6de68cb87dee1233f89a99648dc6416a38118,cd63d2dccf79cf493c8a5a4cf89f0e0940307c59e1fc88fb631a655746aa2f23,e9ef73a8e42f71d4e10d789a54b6b74a45156966e9cd04beecfd6065af90a98d,f821a5a96e9174f7ca79c9c2b5d014db8870e9146d7a955c30f2544c9b4bd5f5
a94f4c516b_text_box__vs__356b7a3629_text_highlight_demo_style_default_missing_redline_4300f2f735,clean/docx/a94f4c516b_text_box,clean/docx/356b7a3629_text_highlight_demo_style_default_missing,tracking_without_comments/docx/a94f4c516b_text_box__vs__356b7a3629_text_highlight_demo_style_default_missing_redline_4300f2f735.docx,tracking_without_comments/pdf/a94f4c516b_text_box__vs__356b7a3629_text_highlight_demo_style_default_missing_redline_4300f2f735.pdf,tracking_without_comments,4300f2f735,word_based;fixtures_word_compares,a94f4c516bec29b7c2e2e219ad1799700f0eecd0ebf25ef7f8fc59c14db8fdc9,356b7a36295ba9206740a98763c3ae736d68ed84c42ecf15ec2f0d248f06633b,4300f2f735d8e2e35c52e8f1c7d10a3ed70d1d37f37b7996b8955e522d43a2df,102cb65d4e6f8b7339c4f03c4ad9c677106d565ba3427d4d3dceee7d50e3d0a0
d7c6d7eb36_green_underline_bullet_list_id_paraid_overflow__vs__c5763a90ce_header_no_rels_redline_1b7bd516c0,clean/docx/d7c6d7eb36_green_underline_bullet_list_id_paraid_overflow,clean/docx/c5763a90ce_header_no_rels,tracking_without_comments/docx/d7c6d7eb36_green_underline_bullet_list_id_paraid_overflow__vs__c5763a90ce_header_no_rels_redline_1b7bd516c0.docx,tracking_without_comments/pdf/d7c6d7eb36_green_underline_bullet_list_id_paraid_overflow__vs__c5763a90ce_header_no_rels_redline_1b7bd516c0.pdf,tracking_without_comments,1b7bd516c0,word_based_0926,d7c6d7eb36da060fb7ed35fa23481cc8b2e53f06a800c58a35098ae6789d9328,c5763a90ceb7fff40387ee8b0af5c1f52b829fbaf252eadd4e28c4cd607d6be6,1b7bd516c0be8a4e0f94cc9cba1a3c8a1f4f8274ff4d9eb7b039a26fb0e342a6,0d66d1807fecf7693b6fa4f24efc10057109329d6e9413f38dc5e8ea5e48f5da
dc6cf74a76_hr_onboarding_checklist_table__vs__308862bb53_i_am_sharing_microsoft_word_vs_google_docs_compr_redline_e10275b787,clean/docx/dc6cf74a76_hr_onboarding_checklist_table,clean/docx/308862bb53_i_am_sharing_microsoft_word_vs_google_docs_compr,tracking_without_comments/docx/dc6cf74a76_hr_onboarding_checklist_table__vs__308862bb53_i_am_sharing_microsoft_word_vs_google_docs_compr_redline_e10275b787.docx,tracking_without_comments/pdf/dc6cf74a76_hr_onboarding_checklist_table__vs__308862bb53_i_am_sharing_microsoft_word_vs_google_docs_compr_redline_e10275b787.pdf,tracking_without_comments,e10275b787,nocomments,dc6cf74a76e19599037a1977e38f993df386aa03868bc64ccd0d100fb54fcf5d,308862bb531ae92ad468b2fe182f56f66052438c557ee1f217899111881ae6b4,e10275b7876282a64952187bf2cf39a80ac740ebbca834ebb2bf1677ea102816,e5bf2476eb1816daed1c8c4113ab13cbdcfc0c80bddfa74d5d618e9bfec72c41
e11fc429b2_29540ef11ec3fc04ba1bca353f5140559c4b03e76516c7a7__vs__0f6e71381a_7057d180ffd30c96a71aa95e32993d39bf2e59a1eff850b7_redline_b461d6f797,clean/docx/e11fc429b2_29540ef11ec3fc04ba1bca353f5140559c4b03e76516c7a7,with_comments_clean/docx/0f6e71381a_7057d180ffd30c96a71aa95e32993d39bf2e59a1eff850b7,with_comments_tracking/docx/e11fc429b2_29540ef11ec3fc04ba1bca353f5140559c4b03e76516c7a7__vs__0f6e71381a_7057d180ffd30c96a71aa95e32993d39bf2e59a1eff850b7_redline_b461d6f797.docx,with_comments_tracking/pdf/e11fc429b2_29540ef11ec3fc04ba1bca353f5140559c4b03e76516c7a7__vs__0f6e71381a_7057d180ffd30c96a71aa95e32993d39bf2e59a1eff850b7_redline_b461d6f797.pdf,with_comments_tracking,b461d6f797,redlines_en_500,e11fc429b29941ab9c941201770b96f6a32a71336b516219a7900200694fd67a,0f6e71381a18baecb76646252dc5daf30d88134702b8d89fff37fd2bf5050d9e,b461d6f797b9fadc873a021baea5801038fa99c3e2b1fda2ef4c1a42c08d2abb,aec603b1e88806e6eba507bb453d9d25044d23dd49449ccb4a9ba99f0914cd4e
e355cec096_small_font_size_demo_id_paraid_overflow__vs__60697d46b7_strict01_redline_0cd32d67b2,clean/docx/e355cec096_small_font_size_demo_id_paraid_overflow,with_comments_tracking/docx/60697d46b7_strict01,with_comments_tracking/docx/e355cec096_small_font_size_demo_id_paraid_overflow__vs__60697d46b7_strict01_redline_0cd32d67b2.docx,with_comments_tracking/pdf/e355cec096_small_font_size_demo_id_paraid_overflow__vs__60697d46b7_strict01_redline_0cd32d67b2.pdf,with_comments_tracking,0cd32d67b2,word_based;fixtures_word_compares;pdf_fill_0928,e355cec096dd1c799f1ebd35fe0c1df21d30d3a83e4f1098cf0c595b456b9585,60697d46b7ec6e23cd50cf63d66d6866c964453cb6962f729cebffca6d0b803f,0cd32d67b2f0043093e681ae64c48a22572af5cdfff6a7cd8fcd72fe3cb3262c,7ff531c4ef2244430704d182c6e9525010ffb1f2b07a9d9324b778a2c0735605
ee91b9e453_9385adbfd34ee40a4bd2429d7385293b31a127fc9e9208d1__vs__409867707c_61a16c9bdc534801a19fcf808fdddd50a7cd74d1efd6113e_redline_9f2ce6d6bb,clean/docx/ee91b9e453_9385adbfd34ee40a4bd2429d7385293b31a127fc9e9208d1,with_comments_clean/docx/409867707c_61a16c9bdc534801a19fcf808fdddd50a7cd74d1efd6113e,with_comments_tracking/docx/ee91b9e453_9385adbfd34ee40a4bd2429d7385293b31a127fc9e9208d1__vs__409867707c_61a16c9bdc534801a19fcf808fdddd50a7cd74d1efd6113e_redline_9f2ce6d6bb.docx,with_comments_tracking/pdf/ee91b9e453_9385adbfd34ee40a4bd2429d7385293b31a127fc9e9208d1__vs__409867707c_61a16c9bdc534801a19fcf808fdddd50a7cd74d1efd6113e_redline_9f2ce6d6bb.pdf,with_comments_tracking,9f2ce6d6bb,redlines_en_500,ee91b9e45364af5e570b4e9e22644cee1bc0b82909524d684459cf175b7344ba,409867707c974bb4dfe49307f647f7a245977126faff0bb828349f27da78ea92,9f2ce6d6bb1e605857ab54a9f460630c67cf2e60dcdc6234bedc9bd0a367e148,32bf463f83ca65ce07918798b2b136efd1830a11739b2924fb42154c242bae3d
60697d46b7_strict01__vs__a04e2d2749_ooxml_style_link_redline_6b74ac1ae6,with_comments_tracking/docx/60697d46b7_strict01,clean/docx/a04e2d2749_ooxml_style_link,with_comments_tracking/docx/60697d46b7_strict01__vs__a04e2d2749_ooxml_style_link_redline_6b74ac1ae6.docx,with_comments_tracking/pdf/60697d46b7_strict01__vs__a04e2d2749_ooxml_style_link_redline_6b74ac1ae6.pdf,with_comments_tracking,6b74ac1ae6,word_based;fixtures_word_compares;pdf_fill_0928,60697d46b7ec6e23cd50cf63d66d6866c964453cb6962f729cebffca6d0b803f,a04e2d2749b0c44d0f42f1af8d8a8207b998f00d729e138c60881bcc41f89dea,6b74ac1ae65b624629fd8f364979e93ea59d6f0ef7ac2479554d744d7382bc3d,382d386e0acc70b5080e9c108f5b2654c06a26c797f06f28aa173de0ed1d2b44
66dcec3e49_file_175__vs__8f47b1dc90_file_176_redline_485599b4e9,with_comments_tracking/docx/66dcec3e49_file_175,with_comments_tracking/docx/8f47b1dc90_file_176,with_comments_tracking/docx/66dcec3e49_file_175__vs__8f47b1dc90_file_176_redline_485599b4e9.docx,with_comments_tracking/pdf/66dcec3e49_file_175__vs__8f47b1dc90_file_176_redline_485599b4e9.pdf,with_comments_tracking,485599b4e9,word_based_randomized_0926,66dcec3e49fd6895457a4d2202b7024b8cc2e9bd93e227046c8d92c715cef301,8f47b1dc90965b29e321e8eb333c28d054cffbde20ab5a7e48e38c2a38f51ab2,485599b4e96070cd6cd80b47d1e455f78d32e113b98f7916fdf066d0bcaa52a9,e4dc38b749d84dafdd0919bc5f4170a8d6c87d72269777867a6e6250f8f33b31
970fd9303f_sample_document_word_repair_of_our_output_word_r__vs__8441c4ae21_sd_2517_localized_heading_styles_redline_9c71031b8a,with_comments_tracking/docx/970fd9303f_sample_document_word_repair_of_our_output_word_r,clean/docx/8441c4ae21_sd_2517_localized_heading_styles,with_comments_tracking/docx/970fd9303f_sample_document_word_repair_of_our_output_word_r__vs__8441c4ae21_sd_2517_localized_heading_styles_redline_9c71031b8a.docx,with_comments_tracking/pdf/970fd9303f_sample_document_word_repair_of_our_output_word_r__vs__8441c4ae21_sd_2517_localized_heading_styles_redline_9c71031b8a.pdf,with_comments_tracking,9c71031b8a,word_based;fixtures_word_compares;pdf_fill_0928,970fd9303fea9db53f7022fec1d758684df7f19f8d4230585664c620c53ed1fd,8441c4ae21d5c3fce51f5a8aae0d570291af2e0c40191280ad18b0fd371fa78e,9c71031b8a17fd88d68c3cc419d55b9a99a25d5868ff8b873ebe7f54436cf611,2c8a2edf187abe23ade4d1ed813070ae4920c86c71061d37260de70ed1e111e1
9c6ebd430d_file_185__vs__154fce3ec8_file_186_redline_4d40d1f136,with_comments_tracking/docx/9c6ebd430d_file_185,clean/docx/154fce3ec8_file_186,with_comments_tracking/docx/9c6ebd430d_file_185__vs__154fce3ec8_file_186_redline_4d40d1f136.docx,with_comments_tracking/pdf/9c6ebd430d_file_185__vs__154fce3ec8_file_186_redline_4d40d1f136.pdf,with_comments_tracking,4d40d1f136,word_based_randomized_0926,9c6ebd430d60629364475af37e1e76d497f18048c6bb12a671c07f9ee8fe2538,154fce3ec8823e76850dede511954a256330c52cd3b18733168143c9e02cbaf7,4d40d1f136f55e623ee06a753d582d7576e38f337f234aa965e252c9dc5b4c11,1bc7d59372bc4c664a85fbf5d33d3b5f23b46f19044927c0656ad3d2c61d03a9
ab85c77154_file_115__vs__b7219494de_file_116_redline_61959b1953,with_comments_tracking/docx/ab85c77154_file_115,clean/docx/b7219494de_file_116,with_comments_tracking/docx/ab85c77154_file_115__vs__b7219494de_file_116_redline_61959b1953.docx,with_comments_tracking/pdf/ab85c77154_file_115__vs__b7219494de_file_116_redline_61959b1953.pdf,with_comments_tracking,61959b1953,word_based_randomized,ab85c771544bc1d7f27f6bbee422fab5199ef7412cc16aab53d1ee3afd73569b,b7219494de412ec52c98eeda1f40269f95268fc2cf965f4b2882a861a041a354,61959b1953f9009c692aedf8f5b482c34d911ddff40318f6e4d39f2e7d5c12b7,ed507c04efcea0a3b73d66677dd198a9bf8c41c0405eb1daf11a76b1b07212cf
b8115d0dab_file_100__vs__c500e0081f_file_101_redline_ff24600d87,with_comments_tracking/docx/b8115d0dab_file_100,clean/docx/c500e0081f_file_101,with_comments_tracking/docx/b8115d0dab_file_100__vs__c500e0081f_file_101_redline_ff24600d87.docx,with_comments_tracking/pdf/b8115d0dab_file_100__vs__c500e0081f_file_101_redline_ff24600d87.pdf,with_comments_tracking,ff24600d87,word_based_randomized,b8115d0dab1bc47d6954e5e7115595962631ea16ecf7cf81a1d91c33e0e89eb4,c500e0081f8ef74e8e296a9e275226f82681f440b1181e85f9eaf55d47f83542,ff24600d87d14c9c41d261147f13e92fc571c7c55559e1e2d348f33325f331b0,538a42d925eebbd15be11265353d8e6e029628d3ce8689387a51bc938f5d5a3e
c090b9f082_file_8__vs__3f91c8f0cd_file_9_redline_bc6f8076f9,clean/docx/c090b9f082_file_8,with_comments_tracking/docx/3f91c8f0cd_file_9,with_comments_tracking/docx/c090b9f082_file_8__vs__3f91c8f0cd_file_9_redline_bc6f8076f9.docx,with_comments_tracking/pdf/c090b9f082_file_8__vs__3f91c8f0cd_file_9_redline_bc6f8076f9.pdf,with_comments_tracking,bc6f8076f9,word_based_randomized_0926,c090b9f08219ec08fbbbe65e4502f0d930ad953def4db78a88b6d6026b152666,3f91c8f0cd1aa05828012f1cff58d339b1bd9333828cb03a253bcd9fc12ca91e,bc6f8076f966777c6fa09312c8377202a3bc979fef7afbf975038de09a213215,45878a4f27e95d845dc99a8adcf2c2b18e492cc5cab24a82b2027980a46297ab
c09b14fcd7_file_196__vs__4e6a261969_file_197_redline_cfb0498eef,with_comments_tracking/docx/c09b14fcd7_file_196,clean/docx/4e6a261969_file_197,with_comments_tracking/docx/c09b14fcd7_file_196__vs__4e6a261969_file_197_redline_cfb0498eef.docx,with_comments_tracking/pdf/c09b14fcd7_file_196__vs__4e6a261969_file_197_redline_cfb0498eef.pdf,with_comments_tracking,cfb0498eef,word_based_randomized,c09b14fcd7b77d7df10cec2daf04a2541a69d32ef269111e1ac276523ddf411a,4e6a2619698975af0df5607e416d8e127761b8b87f1fc7b1a7368fd46ef3ce9b,cfb0498eefb3087563e445cc522a0ff47dfb907b8521291269aa0fe8e15b8526,dfc464cb7ce8436ee0a86f7d1b04ad4819437cb01c2f29cd616e8cd63db98d64
c2d49e9ede_super_editor__sd_978_remove_table_borders_47f7ed__vs__f782ae23ec_super_editor__wordoriginatedcomments_c146be65_redline_18380da4e0,clean/docx/c2d49e9ede_super_editor__sd_978_remove_table_borders_47f7ed,with_comments_tracking/docx/f782ae23ec_super_editor__wordoriginatedcomments_c146be65,with_comments_tracking/docx/c2d49e9ede_super_editor__sd_978_remove_table_borders_47f7ed__vs__f782ae23ec_super_editor__wordoriginatedcomments_c146be65_redline_18380da4e0.docx,with_comments_tracking/pdf/c2d49e9ede_super_editor__sd_978_remove_table_borders_47f7ed__vs__f782ae23ec_super_editor__wordoriginatedcomments_c146be65_redline_18380da4e0.pdf,with_comments_tracking,18380da4e0,word_redlines_superdoc_0926,c2d49e9edef3a02d99bca2d3ebb23915c9ee3d1f9083ba8693633001bae30817,f782ae23ecb0e21ba464df954db5f861774a2089c6682347071c1f56e104a4bf,18380da4e05c14d94566f974812a6fbf64b2042fa51852dc7211656d81d1fe20,e46a1c9a95d3c950bc080e5d4a3735d1e964d4c0fc6d9993788938f7cc0049e4
c9822f1008_docx_lots_of_comments_addition_redline__vs__32328b55db_docx_lots_of_comments_addition_removal_redline_r_redline_e6e61fc33f,tracking_without_comments/docx/c9822f1008_docx_lots_of_comments_addition_redline,tracking_without_comments/docx/32328b55db_docx_lots_of_comments_addition_removal_redline_r,clean/docx/c9822f1008_docx_lots_of_comments_addition_redline__vs__32328b55db_docx_lots_of_comments_addition_removal_redline_r_redline_e6e61fc33f.docx,clean/pdf/c9822f1008_docx_lots_of_comments_addition_redline__vs__32328b55db_docx_lots_of_comments_addition_removal_redline_r_redline_e6e61fc33f.pdf,clean,e6e61fc33f,nocomments,c9822f1008862a95f4e440e9536e4f4091662eebe39ccac80dacba404053b0b8,32328b55db8c13c39237fe133b68a885d771421e30d63922b186d8f235698328,e6e61fc33f70a18a4514c1cc0bf0f27dd31d102b54c3119fd45a2381da4fccb2,d5738259a2a7fd180c5c7961dc4ef60d792af8478d3e14173f5b12cfd2e1a4ca
cf02e0407e_file_26__vs__b175a00954_file_27_redline_cee8601521,tracking_without_comments/docx/cf02e0407e_file_26,with_comments_tracking/docx/b175a00954_file_27,with_comments_tracking/docx/cf02e0407e_file_26__vs__b175a00954_file_27_redline_cee8601521.docx,with_comments_tracking/pdf/cf02e0407e_file_26__vs__b175a00954_file_27_redline_cee8601521.pdf,with_comments_tracking,cee8601521,word_based_randomized_0926,cf02e0407ec65b14f7a9b37bb952ec95a2b90ccc2498a53bdb3b2345bcceadd0,b175a0095453a808cbd74507f04fdb1c71ceb6c88cea8e9d0bd005c2b4847e55,cee860152164151e0ef3e3510e7b7179a0603ecfa136a4b126abc6f00f118b3e,47d73915c31a1644e9fcd164a1371c267d3dcc8b1057fba7aeb179753ade2079
d03da97287_super_editor__nested_comments_gdocs_0c8668e1__vs__2b6c7be6bd_super_editor__nested_comments_84f214bb_redline_ba3b77bee3,with_comments_clean/docx/d03da97287_super_editor__nested_comments_gdocs_0c8668e1,with_comments_clean/docx/2b6c7be6bd_super_editor__nested_comments_84f214bb,with_comments_tracking/docx/d03da97287_super_editor__nested_comments_gdocs_0c8668e1__vs__2b6c7be6bd_super_editor__nested_comments_84f214bb_redline_ba3b77bee3.docx,with_comments_tracking/pdf/d03da97287_super_editor__nested_comments_gdocs_0c8668e1__vs__2b6c7be6bd_super_editor__nested_comments_84f214bb_redline_ba3b77bee3.pdf,with_comments_tracking,ba3b77bee3,word_redlines_superdoc,d03da97287bea1f595e41f80843f88e509fec5a0996ddbe09f710c7de590cdeb,2b6c7be6bd7c59810f8f68cc18c2335ccd5400e7147c703bc5ba5531f6a0a2e4,ba3b77bee39d47a75fb548172666208fca800f2085a7ddba7139128b808cd3c4,2ae2bdbb2916addb40a59337dfe0c040a87d647448e2c5a6d6f538ed7759bae1
d48e02b548_super_editor__google_docs_originated_comments__vs__d0281643d2_super_editor__hello_docx_world_12f11074_redline_37c978d405,with_comments_tracking/docx/d48e02b548_super_editor__google_docs_originated_comments,clean/docx/d0281643d2_super_editor__hello_docx_world_12f11074,with_comments_tracking/docx/d48e02b548_super_editor__google_docs_originated_comments__vs__d0281643d2_super_editor__hello_docx_world_12f11074_redline_37c978d405.docx,with_comments_tracking/pdf/d48e02b548_super_editor__google_docs_originated_comments__vs__d0281643d2_super_editor__hello_docx_world_12f11074_redline_37c978d405.pdf,with_comments_tracking,37c978d405,word_redlines_superdoc,d48e02b548312f45d43b7ab07263cfadb009db04eecceff495666f0b1509f944,d0281643d2dd5d1194350fe9e7a02e2194377d5dff13f4bb4afd8fe1e027727a,37c978d405f2bebb3f798c1deaf79fc84b07412a9a606f1dab964cbf22ec0fd0,f129eb6b7a127bd06b44973b8159af92476aaf600892a5045bb48ba259dea294
d48e02b548_super_editor__google_docs_originated_comments__vs__e70f1134dd_super_editor__diff_before8_ba5faa9e_redline_e4569d0756,with_comments_tracking/docx/d48e02b548_super_editor__google_docs_originated_comments,with_comments_clean/docx/e70f1134dd_super_editor__diff_before8_ba5faa9e,with_comments_tracking/docx/d48e02b548_super_editor__google_docs_originated_comments__vs__e70f1134dd_super_editor__diff_before8_ba5faa9e_redline_e4569d0756.docx,with_comments_tracking/pdf/d48e02b548_super_editor__google_docs_originated_comments__vs__e70f1134dd_super_editor__diff_before8_ba5faa9e_redline_e4569d0756.pdf,with_comments_tracking,e4569d0756,word_redlines_superdoc,d48e02b548312f45d43b7ab07263cfadb009db04eecceff495666f0b1509f944,e70f1134ddb017e5973f3615fa108aed06c327c5d1a71796c531174782f9a888,e4569d0756f347756f2f60ddff1e53941121e14bdd36e2cc97d1ebba7d4428eb,69cdacbc8dde9a07b92f2304fe7fca59991dfe705a1766197b1ea38b61288f82
d5a56cdeb3_super_editor__gdocs_single_comment_ac5db87f__vs__bc78614a22_super_editor__gdocs_tracked_changes_3c1de315_redline_99740a096f,with_comments_clean/docx/d5a56cdeb3_super_editor__gdocs_single_comment_ac5db87f,tracking_without_comments/docx/bc78614a22_super_editor__gdocs_tracked_changes_3c1de315,with_comments_tracking/docx/d5a56cdeb3_super_editor__gdocs_single_comment_ac5db87f__vs__bc78614a22_super_editor__gdocs_tracked_changes_3c1de315_redline_99740a096f.docx,with_comments_tracking/pdf/d5a56cdeb3_super_editor__gdocs_single_comment_ac5db87f__vs__bc78614a22_super_editor__gdocs_tracked_changes_3c1de315_redline_99740a096f.pdf,with_comments_tracking,99740a096f,word_redlines_superdoc,d5a56cdeb36f45c6c2ba42505eef5fcf33c9c1602ab7fb838fcac2306a6aa1e2,bc78614a2283fda73f7e866e3dae35cd0ad41bf27a9d52717f62e83dec8cf9d0,99740a096f66e45660a567e5db81a7814df56fe5d20fcd75222bd6e77e9a58d6,9a794a1b26fe25e12d3762628d7c42f6090c2c479c7d6e7c8733c181732c5270
dccd972179_file_142__vs__0483e899af_file_143_redline_0c5aa7e2b1,clean/docx/dccd972179_file_142,with_comments_tracking/docx/0483e899af_file_143,with_comments_tracking/docx/dccd972179_file_142__vs__0483e899af_file_143_redline_0c5aa7e2b1.docx,with_comments_tracking/pdf/dccd972179_file_142__vs__0483e899af_file_143_redline_0c5aa7e2b1.pdf,with_comments_tracking,0c5aa7e2b1,word_based_randomized_0926,dccd9721793dc60b12ebe1468e301380afd9f6aaeaecccfb37771558e6ec72be,0483e899affbc93c440cafad39ec23a409d3ed6d6fd88d036747b9a9434d4f33,0c5aa7e2b17380bafba41afa8b4abb14281eb16fefc2b1122f6baa3211b84092,a2c3f8f77d0a4b9f8868bfd239d7779ec2c35c0dfc0df26535d7db8c14641b0b
e1771b0063_word_tolerated_misplaced_uipriority__vs__cbb3bab843_word_tolerated_orphan_comment_redline_6532beda4d,clean/docx/e1771b0063_word_tolerated_misplaced_uipriority,with_comments_clean/docx/cbb3bab843_word_tolerated_orphan_comment,with_comments_tracking/docx/e1771b0063_word_tolerated_misplaced_uipriority__vs__cbb3bab843_word_tolerated_orphan_comment_redline_6532beda4d.docx,with_comments_tracking/pdf/e1771b0063_word_tolerated_misplaced_uipriority__vs__cbb3bab843_word_tolerated_orphan_comment_redline_6532beda4d.pdf,with_comments_tracking,6532beda4d,word_based_0926,e1771b00632c982e80b8f3b61891b596996cc1949d53ec8d5dcbb809f0428ebd,cbb3bab8439ed65ac8be9ff830da40e0b7394d40f7c080dd7bc83a7679f6cc34,6532beda4dc233e6c6b57d07bc7249e370affe2455c2dc8ecd0ebe17509ecd35,e553db772f0b578bea354b41e9402bb9eab0ca3ceab8b603ac45ee672aee47f3
e57ad0eaa4_docx_lots_of_comments_addition__vs__6e2576a091_docx_lots_of_comments_redline_92075b7449,with_comments_tracking/docx/e57ad0eaa4_docx_lots_of_comments_addition,with_comments_clean/docx/6e2576a091_docx_lots_of_comments,with_comments_tracking/docx/e57ad0eaa4_docx_lots_of_comments_addition__vs__6e2576a091_docx_lots_of_comments_redline_92075b7449.docx,with_comments_tracking/pdf/e57ad0eaa4_docx_lots_of_comments_addition__vs__6e2576a091_docx_lots_of_comments_redline_92075b7449.pdf,with_comments_tracking,92075b7449,word_based_0926,e57ad0eaa4217b8feb91c08a59368d265fddb6e3fc57d200ddbd19933d401ba4,6e2576a091e9b18094337d462ad92bf6f98bbb9c4d5c749a76d501323efe5632,92075b74498b292ba3baf6db1c5d65a92041bb030c40b987a68cd2535d5eef1e,f31f094ddee89b381034c59756ef504692a19516d24c161e796180885ed4217d
e70f1134dd_super_editor__diff_before8_ba5faa9e__vs__420a528aa0_super_editor__instrtext_angled_brackets_bug_ed56_redline_2200a538c5,with_comments_clean/docx/e70f1134dd_super_editor__diff_before8_ba5faa9e,clean/docx/420a528aa0_super_editor__instrtext_angled_brackets_bug_ed56,with_comments_tracking/docx/e70f1134dd_super_editor__diff_before8_ba5faa9e__vs__420a528aa0_super_editor__instrtext_angled_brackets_bug_ed56_redline_2200a538c5.docx,with_comments_tracking/pdf/e70f1134dd_super_editor__diff_before8_ba5faa9e__vs__420a528aa0_super_editor__instrtext_angled_brackets_bug_ed56_redline_2200a538c5.pdf,with_comments_tracking,2200a538c5,word_redlines_superdoc_0926,e70f1134ddb017e5973f3615fa108aed06c327c5d1a71796c531174782f9a888,420a528aa0503af1724a82e97bd006d87e1f72b7c22e7d6dab4033f7a3d3ba4c,2200a538c5b4c231f344c51f8df0b69d0eb57d3c7a489cb193162056160b3e8b,1075d57b02b6b51db0e50170d813c4e3e86831b906e37b4178d0c5f1aea3896c
e70f1134dd_super_editor__diff_before8_ba5faa9e__vs__671ff91b1d_behavior__sd_2750_borderbox_7cd3768d_redline_0e6cc23727,with_comments_clean/docx/e70f1134dd_super_editor__diff_before8_ba5faa9e,clean/docx/671ff91b1d_behavior__sd_2750_borderbox_7cd3768d,with_comments_tracking/docx/e70f1134dd_super_editor__diff_before8_ba5faa9e__vs__671ff91b1d_behavior__sd_2750_borderbox_7cd3768d_redline_0e6cc23727.docx,with_comments_tracking/pdf/e70f1134dd_super_editor__diff_before8_ba5faa9e__vs__671ff91b1d_behavior__sd_2750_borderbox_7cd3768d_redline_0e6cc23727.pdf,with_comments_tracking,0e6cc23727,word_redlines_superdoc,e70f1134ddb017e5973f3615fa108aed06c327c5d1a71796c531174782f9a888,671ff91b1dcc5bff3ca65864a602637ac987d95592569296f9c8399d85168b36,0e6cc237275d1d7b43dbbe6d66bdbd4000ecd2da6cf57470a3ec4be2299cbadd,838e84b67c0dcde5daac80a96011bc0cb7f300f121c7be54523b4311a4937536
e70f1134dd_super_editor__diff_before8_ba5faa9e__vs__f6e1c253ff_super_editor__diff_before9_9818a85f_redline_a33b8e810a,with_comments_clean/docx/e70f1134dd_super_editor__diff_before8_ba5faa9e,clean/docx/f6e1c253ff_super_editor__diff_before9_9818a85f,with_comments_tracking/docx/e70f1134dd_super_editor__diff_before8_ba5faa9e__vs__f6e1c253ff_super_editor__diff_before9_9818a85f_redline_a33b8e810a.docx,with_comments_tracking/pdf/e70f1134dd_super_editor__diff_before8_ba5faa9e__vs__f6e1c253ff_super_editor__diff_before9_9818a85f_redline_a33b8e810a.pdf,with_comments_tracking,a33b8e810a,word_redlines_superdoc,e70f1134ddb017e5973f3615fa108aed06c327c5d1a71796c531174782f9a888,f6e1c253ffb6a68b7629b65d004e5c647599aec51e88990bed3fe00083063870,a33b8e810a9dd1d046f486cbde19c3b26d3a6c319b5f5bdc553399f78abd8113,5fc2174b1080f6edc9511ff707dceb58e04c16246f3634978d370f01cb08514a
e9d5410452_file_191__vs__bffb81f86c_file_192_redline_0cbac1d96f,with_comments_tracking/docx/e9d5410452_file_191,with_comments_clean/docx/bffb81f86c_file_192,with_comments_tracking/docx/e9d5410452_file_191__vs__bffb81f86c_file_192_redline_0cbac1d96f.docx,with_comments_tracking/pdf/e9d5410452_file_191__vs__bffb81f86c_file_192_redline_0cbac1d96f.pdf,with_comments_tracking,0cbac1d96f,word_based_randomized,e9d5410452d31c4b28f3e1f09c438964ff3871e26741f2619fb709643514b5a9,bffb81f86c3cbe693b1c0b1dc84127af5537af9b34561b87ffda5aa052447815,0cbac1d96fea191e0bf33c74195c7f391e138553807c4d7858d2b8b141a2d0d3,910e65001a1de9064871bd6f2ddf0aaaeaf65e507cf06a38eddbfb111bb622e1
eb714d5f76_evals__blank_bc294b57__vs__bb35ae41ba_evals__comments_doc_79800b37_redline_04082a11bf,clean/docx/eb714d5f76_evals__blank_bc294b57,with_comments_clean/docx/bb35ae41ba_evals__comments_doc_79800b37,with_comments_tracking/docx/eb714d5f76_evals__blank_bc294b57__vs__bb35ae41ba_evals__comments_doc_79800b37_redline_04082a11bf.docx,with_comments_tracking/pdf/eb714d5f76_evals__blank_bc294b57__vs__bb35ae41ba_evals__comments_doc_79800b37_redline_04082a11bf.pdf,with_comments_tracking,04082a11bf,word_redlines_superdoc,eb714d5f76c1c5e732d2059e63a0cfff5ddccbf61eeb0fc1b9064599dbc20695,bb35ae41ba7e1d8bdb22022e20d36c2b6078598256395669dc178a8f5108cefc,04082a11bf0d52ea5be099ccc5ce9231a717848844a920ffb0cbe0af2bb9d4f9,db74189771f8460a66b0dfa0a864fb0d6787646916701c446d2e55ce6462312f
ec3dd0df69_file_53__vs__94ed0def64_file_54_redline_c2380a4677,with_comments_tracking/docx/ec3dd0df69_file_53,clean/docx/94ed0def64_file_54,with_comments_tracking/docx/ec3dd0df69_file_53__vs__94ed0def64_file_54_redline_c2380a4677.docx,with_comments_tracking/pdf/ec3dd0df69_file_53__vs__94ed0def64_file_54_redline_c2380a4677.pdf,with_comments_tracking,c2380a4677,word_based_randomized,ec3dd0df69be02a9e7045bee166ada93db9ebdb6105d96688bc8d19f7688feab,94ed0def644d31fda0f608c6310956f9fbbc35cfb13f4bbedcbe9ffaefea636f,c2380a4677be7e18345e2ebbfd3d2241706d3cb95724c5f9535a8553942cf65c,86c4ff0a1567e5de913e35e035090a3afeee80e268a4ca43538241d5a53432a8
ed6c82cead_word_tolerated_broken_media_rel__vs__8fb278cb36_word_tolerated_duplicate_ppr_redline_2ebbfc18b4,with_comments_clean/docx/ed6c82cead_word_tolerated_broken_media_rel,clean/docx/8fb278cb36_word_tolerated_duplicate_ppr,with_comments_tracking/docx/ed6c82cead_word_tolerated_broken_media_rel__vs__8fb278cb36_word_tolerated_duplicate_ppr_redline_2ebbfc18b4.docx,with_comments_tracking/pdf/ed6c82cead_word_tolerated_broken_media_rel__vs__8fb278cb36_word_tolerated_duplicate_ppr_redline_2ebbfc18b4.pdf,with_comments_tracking,2ebbfc18b4,word_based,ed6c82cead50fa2b390fdaf8853d70fd494270f15678f890d93d04dc3d963568,8fb278cb36c2a437dbae75013e516cd2cf30ff6aff3a69bf0e12a310977b940b,2ebbfc18b4c1045b0c59a487d56ea87181cb6f4c733b535a06dd57375f125674,ebddc43bb5ee410ae57a40c69fede09b97069fc427160c61910d505033796980
ef1e1c68e9_super_editor__basic_paragraph_1774f4e4__vs__08286ffbfb_super_editor__basic_resolved_comment_cac5a1b0_redline_603ef0419b,clean/docx/ef1e1c68e9_super_editor__basic_paragraph_1774f4e4,with_comments_clean/docx/08286ffbfb_super_editor__basic_resolved_comment_cac5a1b0,with_comments_tracking/docx/ef1e1c68e9_super_editor__basic_paragraph_1774f4e4__vs__08286ffbfb_super_editor__basic_resolved_comment_cac5a1b0_redline_603ef0419b.docx,with_comments_tracking/pdf/ef1e1c68e9_super_editor__basic_paragraph_1774f4e4__vs__08286ffbfb_super_editor__basic_resolved_comment_cac5a1b0_redline_603ef0419b.pdf,with_comments_tracking,603ef0419b,word_redlines_superdoc,ef1e1c68e9e0528520ea2c0d5c847f41e4b4b4bd0c5e792c130db639120c80c0,08286ffbfb7924b6ec91305f25af6e20205e9a3769c0313ba02fb29a579455a1,603ef0419b83e5ec28b99626c9e3f8f38f1acc89c007af551f6c557400102d6c,fbb591497a1c336692a178a7ca6c04349f5d597d026cc7000685e08513b5e2b0
f43929f70c_verdana_bold_large_font_id_paraid_overflow__vs__3413da1703_verdana_font_demo_id_paraid_overflow_2_redline_7da45f822a,clean/docx/f43929f70c_verdana_bold_large_font_id_paraid_overflow,with_comments_clean/docx/3413da1703_verdana_font_demo_id_paraid_overflow_2,with_comments_tracking/docx/f43929f70c_verdana_bold_large_font_id_paraid_overflow__vs__3413da1703_verdana_font_demo_id_paraid_overflow_2_redline_7da45f822a.docx,with_comments_tracking/pdf/f43929f70c_verdana_bold_large_font_id_paraid_overflow__vs__3413da1703_verdana_font_demo_id_paraid_overflow_2_redline_7da45f822a.pdf,with_comments_tracking,7da45f822a,word_based_0926,f43929f70c1780b461e9308878e42520e0db366082f362b3502bf72a47fc0ed2,3413da170371d0f4942c75ef6614179bb69ab0d7566b65472ace7555b002ea47,7da45f822a0574cbc0187e6bc86bba6895d2730c7bc70f2f6722ae318d311667,218171ce21953a70041af2b53752357682d64f6a2a9211f4e973332a6d69f92b
f49b3b0ec2_super_editor__sd_1919_word_table_74726d6c__vs__a0738533be_gdocs_comments_export_redline_515c0aa8ab,clean/docx/f49b3b0ec2_super_editor__sd_1919_word_table_74726d6c,with_comments_clean/docx/a0738533be_gdocs_comments_export,with_comments_tracking/docx/f49b3b0ec2_super_editor__sd_1919_word_table_74726d6c__vs__a0738533be_gdocs_comments_export_redline_515c0aa8ab.docx,with_comments_tracking/pdf/f49b3b0ec2_super_editor__sd_1919_word_table_74726d6c__vs__a0738533be_gdocs_comments_export_redline_515c0aa8ab.pdf,with_comments_tracking,515c0aa8ab,word_redlines_superdoc,f49b3b0ec226b1bf79fa14efdb7569a9f68d3d5925a31d533736eef42bd985c1,a0738533be8803c151b6b7c4ed4b01fc95568e638c3d23cf0ba527cd6e5a0290,515c0aa8ab02be4532b7d3b9d5c85652625e98417e3af6c806cbb0998efb9b43,337f4a50e55a33d22df41212d3ed1c835388491c4697cc1ff696328c7780d213
f529133cd5_super_editor__basic_comment_d3ba5f1e__vs__2dc3e97d2a_super_editor__hyperlink_node_52b7695b_redline_4ce07ffaec,with_comments_clean/docx/f529133cd5_super_editor__basic_comment_d3ba5f1e,clean/docx/2dc3e97d2a_super_editor__hyperlink_node_52b7695b,with_comments_tracking/docx/f529133cd5_super_editor__basic_comment_d3ba5f1e__vs__2dc3e97d2a_super_editor__hyperlink_node_52b7695b_redline_4ce07ffaec.docx,with_comments_tracking/pdf/f529133cd5_super_editor__basic_comment_d3ba5f1e__vs__2dc3e97d2a_super_editor__hyperlink_node_52b7695b_redline_4ce07ffaec.pdf,with_comments_tracking,4ce07ffaec,word_redlines_superdoc,f529133cd5ff5128ac1f8d66a06094eaf050f4a430ac839835ee151266cee291,2dc3e97d2a512c30464b5f0f3868c278afb606fa9e85763a7002c0ddbda43c8a,4ce07ffaecf14b40c8b48e801ad38838770dde7937ce97827fe5af18a1d86748,808ba57e0c2573defd719031c2d2d033303cf5b3bacf11190cba991e9c9b1330
f529133cd5_super_editor__basic_comment_d3ba5f1e__vs__3b639ef236_super_editor__sdpr_8cc15994_redline_62f0f8ee91,with_comments_clean/docx/f529133cd5_super_editor__basic_comment_d3ba5f1e,tracking_without_comments/docx/3b639ef236_super_editor__sdpr_8cc15994,with_comments_tracking/docx/f529133cd5_super_editor__basic_comment_d3ba5f1e__vs__3b639ef236_super_editor__sdpr_8cc15994_redline_62f0f8ee91.docx,with_comments_tracking/pdf/f529133cd5_super_editor__basic_comment_d3ba5f1e__vs__3b639ef236_super_editor__sdpr_8cc15994_redline_62f0f8ee91.pdf,with_comments_tracking,62f0f8ee91,word_redlines_superdoc_0926,f529133cd5ff5128ac1f8d66a06094eaf050f4a430ac839835ee151266cee291,3b639ef236c7bd2a5ebdd6dea1655e69aad72f2db5297cc4e3b64939889dca68,62f0f8ee91ebe6a3a1bdcdb8031ba880b86985af4e94dcbdff9d24d6a214323e,4a60153cb0a9fb797f8b34b35cf71cbbb4a572230b6908ef17d8d1f8d9e47cba
f529133cd5_super_editor__basic_comment_d3ba5f1e__vs__5fa01813d3_super_editor__basic_table_shading_d3212ffd_redline_b2704631d9,with_comments_clean/docx/f529133cd5_super_editor__basic_comment_d3ba5f1e,clean/docx/5fa01813d3_super_editor__basic_table_shading_d3212ffd,with_comments_tracking/docx/f529133cd5_super_editor__basic_comment_d3ba5f1e__vs__5fa01813d3_super_editor__basic_table_shading_d3212ffd_redline_b2704631d9.docx,with_comments_tracking/pdf/f529133cd5_super_editor__basic_comment_d3ba5f1e__vs__5fa01813d3_super_editor__basic_table_shading_d3212ffd_redline_b2704631d9.pdf,with_comments_tracking,b2704631d9,word_redlines_superdoc_0926,f529133cd5ff5128ac1f8d66a06094eaf050f4a430ac839835ee151266cee291,5fa01813d3e774758918c880bd1228e72a47d2a3ea575403007127afb07dee59,b2704631d99ca637bc6ffb0414da5e9dbd080bacf8e0841aaa65c35057b71331,1aadea42c50f40950fa443815c2964bd3420ba09ed88b14bcb7ff481b5acc98e
f529133cd5_super_editor__basic_comment_d3ba5f1e__vs__75aeff4f58_super_editor__diff_after9_a9d4b4b0_redline_2eb4edf103,with_comments_clean/docx/f529133cd5_super_editor__basic_comment_d3ba5f1e,clean/docx/75aeff4f58_super_editor__diff_after9_a9d4b4b0,with_comments_tracking/docx/f529133cd5_super_editor__basic_comment_d3ba5f1e__vs__75aeff4f58_super_editor__diff_after9_a9d4b4b0_redline_2eb4edf103.docx,with_comments_tracking/pdf/f529133cd5_super_editor__basic_comment_d3ba5f1e__vs__75aeff4f58_super_editor__diff_after9_a9d4b4b0_redline_2eb4edf103.pdf,with_comments_tracking,2eb4edf103,word_redlines_superdoc,f529133cd5ff5128ac1f8d66a06094eaf050f4a430ac839835ee151266cee291,75aeff4f58e78b972d5488a44aadd2c4c0704dd55013fba6dab164aca3716683,2eb4edf103176e77677f3de689c96ad718ba80cfe7f8123a350868e8b37b1f3a,03c7b360c5f3245de98a2aaa03d025f8cf873779861e257e711a5c9b398efb4c
f529133cd5_super_editor__basic_comment_d3ba5f1e__vs__8df6dfa8d7_alternate_content_redline_e8fafc3cba,with_comments_clean/docx/f529133cd5_super_editor__basic_comment_d3ba5f1e,clean/docx/8df6dfa8d7_alternate_content,with_comments_tracking/docx/f529133cd5_super_editor__basic_comment_d3ba5f1e__vs__8df6dfa8d7_alternate_content_redline_e8fafc3cba.docx,with_comments_tracking/pdf/f529133cd5_super_editor__basic_comment_d3ba5f1e__vs__8df6dfa8d7_alternate_content_redline_e8fafc3cba.pdf,with_comments_tracking,e8fafc3cba,word_redlines_superdoc_0926,f529133cd5ff5128ac1f8d66a06094eaf050f4a430ac839835ee151266cee291,8df6dfa8d7b6563889a88d2a4602001f68e2b4a21d257c173357759911036164,e8fafc3cba2cb72229c4ae39826794d6747b14c9589390b011dce8ecc601ed79,2f111359fd8f0065e9400e783025ebd98e14803e7e7e9f2312f7f4f2d09e971c
f782ae23ec_super_editor__wordoriginatedcomments_c146be65__vs__3539cf2404_cli_legacy__replace_test_0a793f01_redline_3303e707c8,with_comments_tracking/docx/f782ae23ec_super_editor__wordoriginatedcomments_c146be65,with_comments_tracking/docx/3539cf2404_cli_legacy__replace_test_0a793f01,with_comments_tracking/docx/f782ae23ec_super_editor__wordoriginatedcomments_c146be65__vs__3539cf2404_cli_legacy__replace_test_0a793f01_redline_3303e707c8.docx,with_comments_tracking/pdf/f782ae23ec_super_editor__wordoriginatedcomments_c146be65__vs__3539cf2404_cli_legacy__replace_test_0a793f01_redline_3303e707c8.pdf,with_comments_tracking,3303e707c8,word_redlines_superdoc_0926,f782ae23ecb0e21ba464df954db5f861774a2089c6682347071c1f56e104a4bf,3539cf24044e459a8ee7a22fc5c15e6dd79f6894a88d62b10773fc451b0695d8,3303e707c86d56d153d7319fd3e01ae2a79c8170e4d1ce3c25a0cad5d9a52687,bf7ccc7acf25b9162e3cc8c3e4d1b5c606faedb3b0835f50ae744fb38648ef57
faa7c6b110_file_88__vs__57ff9e1b30_file_89_redline_4319e3d7c7,clean/docx/faa7c6b110_file_88,with_comments_clean/docx/57ff9e1b30_file_89,with_comments_tracking/docx/faa7c6b110_file_88__vs__57ff9e1b30_file_89_redline_4319e3d7c7.docx,with_comments_tracking/pdf/faa7c6b110_file_88__vs__57ff9e1b30_file_89_redline_4319e3d7c7.pdf,with_comments_tracking,4319e3d7c7,word_based_randomized,faa7c6b1105cd981eca69f65a5f50b0608d3d8df0511f3191b1ec3d01ac77fdc,57ff9e1b303e478d46ff0f05d5066aed51a127da5ca462231b73530aadb4f2f9,4319e3d7c713eb5f040677fe4f7e7cd5929ae279c2d5dd6ebfac637e53faadcd,45ee9247b845c074695f7a30f712a5106d3600c89a25e669a97dbedc20dc88d7
