key,base,next,docx,pdf,state,id,sets
5fbd8a7228_39cd8347f53ac1b06a6eb59399aa12a9977b0233a38ddaff__vs__89d3a1c365_40d999f53c15fd5eb9e57ab8cf37f22f83d6823458897be1_redline_049d8405bc,tracking_without_comments/docx/5fbd8a7228_39cd8347f53ac1b06a6eb59399aa12a9977b0233a38ddaff,clean/docx/89d3a1c365_40d999f53c15fd5eb9e57ab8cf37f22f83d6823458897be1,tracking_without_comments/docx/5fbd8a7228_39cd8347f53ac1b06a6eb59399aa12a9977b0233a38ddaff__vs__89d3a1c365_40d999f53c15fd5eb9e57ab8cf37f22f83d6823458897be1_redline_049d8405bc.docx,tracking_without_comments/pdf/5fbd8a7228_39cd8347f53ac1b06a6eb59399aa12a9977b0233a38ddaff__vs__89d3a1c365_40d999f53c15fd5eb9e57ab8cf37f22f83d6823458897be1_redline_049d8405bc.pdf,tracking_without_comments,049d8405bc,redlines_en_500
e355cec096_small_font_size_demo_id_paraid_overflow__vs__60697d46b7_strict01_redline_0cd32d67b2,clean/docx/e355cec096_small_font_size_demo_id_paraid_overflow,with_comments_tracking/docx/60697d46b7_strict01,with_comments_tracking/docx/e355cec096_small_font_size_demo_id_paraid_overflow__vs__60697d46b7_strict01_redline_0cd32d67b2.docx,with_comments_tracking/pdf/e355cec096_small_font_size_demo_id_paraid_overflow__vs__60697d46b7_strict01_redline_0cd32d67b2.pdf,with_comments_tracking,0cd32d67b2,word_based;fixtures_word_compares;pdf_fill_0928
4f0a3847e3_verdana_italic_centered_demo_id_paraid_overflow__vs__60697d46b7_strict01_redline_0dfc906eb1,clean/docx/4f0a3847e3_verdana_italic_centered_demo_id_paraid_overflow,with_comments_tracking/docx/60697d46b7_strict01,with_comments_tracking/docx/4f0a3847e3_verdana_italic_centered_demo_id_paraid_overflow__vs__60697d46b7_strict01_redline_0dfc906eb1.docx,with_comments_tracking/pdf/4f0a3847e3_verdana_italic_centered_demo_id_paraid_overflow__vs__60697d46b7_strict01_redline_0dfc906eb1.pdf,with_comments_tracking,0dfc906eb1,word_based_0926
e855894947_4256746e0764d53f71723c390ba077e50881806719029dd6__vs__a9d810a3ad_65a2d0c1ef78aaca9992ad2ace66032f5438435b43b338e9_redline_1a4f106bda,clean/docx/e855894947_4256746e0764d53f71723c390ba077e50881806719029dd6,clean/docx/a9d810a3ad_65a2d0c1ef78aaca9992ad2ace66032f5438435b43b338e9,tracking_without_comments/docx/e855894947_4256746e0764d53f71723c390ba077e50881806719029dd6__vs__a9d810a3ad_65a2d0c1ef78aaca9992ad2ace66032f5438435b43b338e9_redline_1a4f106bda.docx,tracking_without_comments/pdf/e855894947_4256746e0764d53f71723c390ba077e50881806719029dd6__vs__a9d810a3ad_65a2d0c1ef78aaca9992ad2ace66032f5438435b43b338e9_redline_1a4f106bda.pdf,tracking_without_comments,1a4f106bda,redlines_en_500
6a65e5219d_24_id_paraid_overflow__vs__8df6dfa8d7_alternate_content_redline_1e11e7a678,clean/docx/6a65e5219d_24_id_paraid_overflow,clean/docx/8df6dfa8d7_alternate_content,tracking_without_comments/docx/6a65e5219d_24_id_paraid_overflow__vs__8df6dfa8d7_alternate_content_redline_1e11e7a678.docx,tracking_without_comments/pdf/6a65e5219d_24_id_paraid_overflow__vs__8df6dfa8d7_alternate_content_redline_1e11e7a678.pdf,tracking_without_comments,1e11e7a678,word_based_0926
08147dee09_file_195__vs__c09b14fcd7_file_196_redline_1edc0f56f4,clean/docx/08147dee09_file_195,with_comments_tracking/docx/c09b14fcd7_file_196,with_comments_tracking/docx/08147dee09_file_195__vs__c09b14fcd7_file_196_redline_1edc0f56f4.docx,with_comments_tracking/pdf/08147dee09_file_195__vs__c09b14fcd7_file_196_redline_1edc0f56f4.pdf,with_comments_tracking,1edc0f56f4,word_based_randomized
d7458be405_ac850c4ad0ef9f18aaf445fab4b43d7459ab021b787e9cad__vs__427d7a2d2d_7e8d9f20dd82c00a2859abf9b9376f0135d127718ca9891e_redline_224f62fecb,clean/docx/d7458be405_ac850c4ad0ef9f18aaf445fab4b43d7459ab021b787e9cad,clean/docx/427d7a2d2d_7e8d9f20dd82c00a2859abf9b9376f0135d127718ca9891e,tracking_without_comments/docx/d7458be405_ac850c4ad0ef9f18aaf445fab4b43d7459ab021b787e9cad__vs__427d7a2d2d_7e8d9f20dd82c00a2859abf9b9376f0135d127718ca9891e_redline_224f62fecb.docx,tracking_without_comments/pdf/d7458be405_ac850c4ad0ef9f18aaf445fab4b43d7459ab021b787e9cad__vs__427d7a2d2d_7e8d9f20dd82c00a2859abf9b9376f0135d127718ca9891e_redline_224f62fecb.pdf,tracking_without_comments,224f62fecb,redlines_en_500
dab21ab21f_602f0dda46268a3316770fda51ab3a6649cc2d389000e3d9__vs__8c010ff2c5_3b89226c167b882562c5ad6dbe93dac0dcbeaf9ee9619f05_redline_2ceeca3948,clean/docx/dab21ab21f_602f0dda46268a3316770fda51ab3a6649cc2d389000e3d9,clean/docx/8c010ff2c5_3b89226c167b882562c5ad6dbe93dac0dcbeaf9ee9619f05,tracking_without_comments/docx/dab21ab21f_602f0dda46268a3316770fda51ab3a6649cc2d389000e3d9__vs__8c010ff2c5_3b89226c167b882562c5ad6dbe93dac0dcbeaf9ee9619f05_redline_2ceeca3948.docx,tracking_without_comments/pdf/dab21ab21f_602f0dda46268a3316770fda51ab3a6649cc2d389000e3d9__vs__8c010ff2c5_3b89226c167b882562c5ad6dbe93dac0dcbeaf9ee9619f05_redline_2ceeca3948.pdf,tracking_without_comments,2ceeca3948,redlines_en_500
14d3f7889a_24_id_paraid_overflow__vs__7dfa52fb98_alternate_content_redline_3236df7c1e,clean/docx/14d3f7889a_24_id_paraid_overflow,clean/docx/7dfa52fb98_alternate_content,tracking_without_comments/docx/14d3f7889a_24_id_paraid_overflow__vs__7dfa52fb98_alternate_content_redline_3236df7c1e.docx,tracking_without_comments/pdf/14d3f7889a_24_id_paraid_overflow__vs__7dfa52fb98_alternate_content_redline_3236df7c1e.pdf,tracking_without_comments,3236df7c1e,nocomments
60697d46b7_strict01__vs__60697d46b7_strict01_redline_34ffddfe47,with_comments_tracking/docx/60697d46b7_strict01,with_comments_tracking/docx/60697d46b7_strict01,with_comments_tracking/docx/60697d46b7_strict01__vs__60697d46b7_strict01_redline_34ffddfe47.docx,with_comments_tracking/pdf/60697d46b7_strict01__vs__60697d46b7_strict01_redline_34ffddfe47.pdf,with_comments_tracking,34ffddfe47,word_based_0926
9c6ebd430d_file_185__vs__154fce3ec8_file_186_redline_4d40d1f136,with_comments_tracking/docx/9c6ebd430d_file_185,clean/docx/154fce3ec8_file_186,with_comments_tracking/docx/9c6ebd430d_file_185__vs__154fce3ec8_file_186_redline_4d40d1f136.docx,with_comments_tracking/pdf/9c6ebd430d_file_185__vs__154fce3ec8_file_186_redline_4d40d1f136.pdf,with_comments_tracking,4d40d1f136,word_based_randomized_0926
25e6d4b508_e8dba015e1110e4266d9be9e2d3d0fe5fc700e6e8fc3a2c8__vs__385dba78fe_dab9001fa1a6592e746f2874f49bfb83036add21c90c2534_redline_5173498bab,clean/docx/25e6d4b508_e8dba015e1110e4266d9be9e2d3d0fe5fc700e6e8fc3a2c8,clean/docx/385dba78fe_dab9001fa1a6592e746f2874f49bfb83036add21c90c2534,tracking_without_comments/docx/25e6d4b508_e8dba015e1110e4266d9be9e2d3d0fe5fc700e6e8fc3a2c8__vs__385dba78fe_dab9001fa1a6592e746f2874f49bfb83036add21c90c2534_redline_5173498bab.docx,tracking_without_comments/pdf/25e6d4b508_e8dba015e1110e4266d9be9e2d3d0fe5fc700e6e8fc3a2c8__vs__385dba78fe_dab9001fa1a6592e746f2874f49bfb83036add21c90c2534_redline_5173498bab.pdf,tracking_without_comments,5173498bab,redlines_en_500
8df6dfa8d7_alternate_content__vs__0b1d0278ce_behavior__math_radical_tests_4c1ce187_redline_57b619e3f7,clean/docx/8df6dfa8d7_alternate_content,clean/docx/0b1d0278ce_behavior__math_radical_tests_4c1ce187,tracking_without_comments/docx/8df6dfa8d7_alternate_content__vs__0b1d0278ce_behavior__math_radical_tests_4c1ce187_redline_57b619e3f7.docx,tracking_without_comments/pdf/8df6dfa8d7_alternate_content__vs__0b1d0278ce_behavior__math_radical_tests_4c1ce187_redline_57b619e3f7.pdf,tracking_without_comments,57b619e3f7,word_redlines_superdoc
18eb110b3b_numwords_fldsimple__vs__60697d46b7_strict01_redline_57dfcda882,clean/docx/18eb110b3b_numwords_fldsimple,with_comments_tracking/docx/60697d46b7_strict01,with_comments_tracking/docx/18eb110b3b_numwords_fldsimple__vs__60697d46b7_strict01_redline_57dfcda882.docx,with_comments_tracking/pdf/18eb110b3b_numwords_fldsimple__vs__60697d46b7_strict01_redline_57dfcda882.pdf,with_comments_tracking,57dfcda882,word_based;fixtures_word_compares;pdf_fill_0928
ab064d6482_super_editor__table_width_issue_20b01504__vs__8df6dfa8d7_alternate_content_redline_5b1a8f121b,clean/docx/ab064d6482_super_editor__table_width_issue_20b01504,clean/docx/8df6dfa8d7_alternate_content,tracking_without_comments/docx/ab064d6482_super_editor__table_width_issue_20b01504__vs__8df6dfa8d7_alternate_content_redline_5b1a8f121b.docx,tracking_without_comments/pdf/ab064d6482_super_editor__table_width_issue_20b01504__vs__8df6dfa8d7_alternate_content_redline_5b1a8f121b.pdf,tracking_without_comments,5b1a8f121b,word_redlines_superdoc
19eb128df9_98bf5f3d218a1485f5eb284693b4f98725eadd3660097efd__vs__9666fa13fb_a3701d3600ed5bf6c9bf13e12e4c2a59542eba10f87fad69_redline_5b269ade28,clean/docx/19eb128df9_98bf5f3d218a1485f5eb284693b4f98725eadd3660097efd,clean/docx/9666fa13fb_a3701d3600ed5bf6c9bf13e12e4c2a59542eba10f87fad69,tracking_without_comments/docx/19eb128df9_98bf5f3d218a1485f5eb284693b4f98725eadd3660097efd__vs__9666fa13fb_a3701d3600ed5bf6c9bf13e12e4c2a59542eba10f87fad69_redline_5b269ade28.docx,tracking_without_comments/pdf/19eb128df9_98bf5f3d218a1485f5eb284693b4f98725eadd3660097efd__vs__9666fa13fb_a3701d3600ed5bf6c9bf13e12e4c2a59542eba10f87fad69_redline_5b269ade28.pdf,tracking_without_comments,5b269ade28,redlines_en_500
3539cf2404_cli_legacy__replace_test_0a793f01__vs__8df6dfa8d7_alternate_content_redline_5b35efe2bb,with_comments_tracking/docx/3539cf2404_cli_legacy__replace_test_0a793f01,clean/docx/8df6dfa8d7_alternate_content,with_comments_tracking/docx/3539cf2404_cli_legacy__replace_test_0a793f01__vs__8df6dfa8d7_alternate_content_redline_5b35efe2bb.docx,with_comments_tracking/pdf/3539cf2404_cli_legacy__replace_test_0a793f01__vs__8df6dfa8d7_alternate_content_redline_5b35efe2bb.pdf,with_comments_tracking,5b35efe2bb,word_redlines_superdoc_0926
af2ea13761_6a0524deb86b08f0fb55dcbb7d469deacb25532f08824945__vs__1068eb5017_793c14bc1529c16f30ac69b82ca152f39f534a1a3f3f90e4_redline_5d8e97b0c5,tracking_without_comments/docx/af2ea13761_6a0524deb86b08f0fb55dcbb7d469deacb25532f08824945,tracking_without_comments/docx/1068eb5017_793c14bc1529c16f30ac69b82ca152f39f534a1a3f3f90e4,tracking_without_comments/docx/af2ea13761_6a0524deb86b08f0fb55dcbb7d469deacb25532f08824945__vs__1068eb5017_793c14bc1529c16f30ac69b82ca152f39f534a1a3f3f90e4_redline_5d8e97b0c5.docx,tracking_without_comments/pdf/af2ea13761_6a0524deb86b08f0fb55dcbb7d469deacb25532f08824945__vs__1068eb5017_793c14bc1529c16f30ac69b82ca152f39f534a1a3f3f90e4_redline_5d8e97b0c5.pdf,tracking_without_comments,5d8e97b0c5,redlines_en_500
ab85c77154_file_115__vs__b7219494de_file_116_redline_61959b1953,with_comments_tracking/docx/ab85c77154_file_115,clean/docx/b7219494de_file_116,with_comments_tracking/docx/ab85c77154_file_115__vs__b7219494de_file_116_redline_61959b1953.docx,with_comments_tracking/pdf/ab85c77154_file_115__vs__b7219494de_file_116_redline_61959b1953.pdf,with_comments_tracking,61959b1953,word_based_randomized
8df6dfa8d7_alternate_content__vs__accec0538a_anchor_images_redline_6214092ea0,clean/docx/8df6dfa8d7_alternate_content,clean/docx/accec0538a_anchor_images,tracking_without_comments/docx/8df6dfa8d7_alternate_content__vs__accec0538a_anchor_images_redline_6214092ea0.docx,tracking_without_comments/pdf/8df6dfa8d7_alternate_content__vs__accec0538a_anchor_images_redline_6214092ea0.pdf,tracking_without_comments,6214092ea0,word_based;fixtures_word_compares
af4645ebd0_file_99__vs__b8115d0dab_file_100_redline_65aa483982,clean/docx/af4645ebd0_file_99,with_comments_tracking/docx/b8115d0dab_file_100,with_comments_tracking/docx/af4645ebd0_file_99__vs__b8115d0dab_file_100_redline_65aa483982.docx,with_comments_tracking/pdf/af4645ebd0_file_99__vs__b8115d0dab_file_100_redline_65aa483982.pdf,with_comments_tracking,65aa483982,word_based_randomized
60697d46b7_strict01__vs__a04e2d2749_ooxml_style_link_redline_6b74ac1ae6,with_comments_tracking/docx/60697d46b7_strict01,clean/docx/a04e2d2749_ooxml_style_link,with_comments_tracking/docx/60697d46b7_strict01__vs__a04e2d2749_ooxml_style_link_redline_6b74ac1ae6.docx,with_comments_tracking/pdf/60697d46b7_strict01__vs__a04e2d2749_ooxml_style_link_redline_6b74ac1ae6.pdf,with_comments_tracking,6b74ac1ae6,word_based;fixtures_word_compares;pdf_fill_0928
e60fdf3850_cc8d2643e287d327c1ec8acfc1add257d40ab32416908b4a__vs__11df314724_6ade0e18e232d9ba178d04b99e4329f0375e1d97d66199ea_redline_736986d5e4,clean/docx/e60fdf3850_cc8d2643e287d327c1ec8acfc1add257d40ab32416908b4a,clean/docx/11df314724_6ade0e18e232d9ba178d04b99e4329f0375e1d97d66199ea,tracking_without_comments/docx/e60fdf3850_cc8d2643e287d327c1ec8acfc1add257d40ab32416908b4a__vs__11df314724_6ade0e18e232d9ba178d04b99e4329f0375e1d97d66199ea_redline_736986d5e4.docx,tracking_without_comments/pdf/e60fdf3850_cc8d2643e287d327c1ec8acfc1add257d40ab32416908b4a__vs__11df314724_6ade0e18e232d9ba178d04b99e4329f0375e1d97d66199ea_redline_736986d5e4.pdf,tracking_without_comments,736986d5e4,redlines_en_500
abd0b75d88_file_184__vs__9c6ebd430d_file_185_redline_7f412aa4b4,clean/docx/abd0b75d88_file_184,with_comments_tracking/docx/9c6ebd430d_file_185,with_comments_tracking/docx/abd0b75d88_file_184__vs__9c6ebd430d_file_185_redline_7f412aa4b4.docx,with_comments_tracking/pdf/abd0b75d88_file_184__vs__9c6ebd430d_file_185_redline_7f412aa4b4.pdf,with_comments_tracking,7f412aa4b4,word_based_randomized
c03566b6a0_619640ade3a3b2ff9158c64cc0719930a5e7bc4db3304030__vs__efc741a309_54597f58809936a0ba00d752365cc0f1f4ccbe8b9fba0d3a_redline_8869680f5f,clean/docx/c03566b6a0_619640ade3a3b2ff9158c64cc0719930a5e7bc4db3304030,clean/docx/efc741a309_54597f58809936a0ba00d752365cc0f1f4ccbe8b9fba0d3a,tracking_without_comments/docx/c03566b6a0_619640ade3a3b2ff9158c64cc0719930a5e7bc4db3304030__vs__efc741a309_54597f58809936a0ba00d752365cc0f1f4ccbe8b9fba0d3a_redline_8869680f5f.docx,tracking_without_comments/pdf/c03566b6a0_619640ade3a3b2ff9158c64cc0719930a5e7bc4db3304030__vs__efc741a309_54597f58809936a0ba00d752365cc0f1f4ccbe8b9fba0d3a_redline_8869680f5f.pdf,tracking_without_comments,8869680f5f,redlines_en_500
c280ce0f40_019d92d986c5ba33a57df54db0056f3731e3254fcbe8ac65__vs__2773adf157_0004c94ca2a8684d47449bb0e7abf87de1df71a7e6543252_redline_8d7a2c620c,clean/docx/c280ce0f40_019d92d986c5ba33a57df54db0056f3731e3254fcbe8ac65,clean/docx/2773adf157_0004c94ca2a8684d47449bb0e7abf87de1df71a7e6543252,tracking_without_comments/docx/c280ce0f40_019d92d986c5ba33a57df54db0056f3731e3254fcbe8ac65__vs__2773adf157_0004c94ca2a8684d47449bb0e7abf87de1df71a7e6543252_redline_8d7a2c620c.docx,tracking_without_comments/pdf/c280ce0f40_019d92d986c5ba33a57df54db0056f3731e3254fcbe8ac65__vs__2773adf157_0004c94ca2a8684d47449bb0e7abf87de1df71a7e6543252_redline_8d7a2c620c.pdf,tracking_without_comments,8d7a2c620c,redlines_a100_b10
7dfa52fb98_alternate_content__vs__989d39fe65_anchor_images_redline_9c7c3c5be2,clean/docx/7dfa52fb98_alternate_content,clean/docx/989d39fe65_anchor_images,tracking_without_comments/docx/7dfa52fb98_alternate_content__vs__989d39fe65_anchor_images_redline_9c7c3c5be2.docx,tracking_without_comments/pdf/7dfa52fb98_alternate_content__vs__989d39fe65_anchor_images_redline_9c7c3c5be2.pdf,tracking_without_comments,9c7c3c5be2,nocomments
c280ce0f40_019d92d986c5ba33a57df54db0056f3731e3254fcbe8ac65__vs__bd3824dd1e_000ee64ef7226d353297888f59a251e24ce5d776fea000fa_redline_9eb92708e4,clean/docx/c280ce0f40_019d92d986c5ba33a57df54db0056f3731e3254fcbe8ac65,clean/docx/bd3824dd1e_000ee64ef7226d353297888f59a251e24ce5d776fea000fa,tracking_without_comments/docx/c280ce0f40_019d92d986c5ba33a57df54db0056f3731e3254fcbe8ac65__vs__bd3824dd1e_000ee64ef7226d353297888f59a251e24ce5d776fea000fa_redline_9eb92708e4.docx,tracking_without_comments/pdf/c280ce0f40_019d92d986c5ba33a57df54db0056f3731e3254fcbe8ac65__vs__bd3824dd1e_000ee64ef7226d353297888f59a251e24ce5d776fea000fa_redline_9eb92708e4.pdf,tracking_without_comments,9eb92708e4,redlines_a100_b10
709c7873d4_5cef21def060359ad0d470d4a5ee24af8f31a8103a51c7fd__vs__3dfcd25ad1_32523004d8b84b35825db6cc4a2b0cd058e7f1fdd31ea40b_redline_ae2311f039,clean/docx/709c7873d4_5cef21def060359ad0d470d4a5ee24af8f31a8103a51c7fd,clean/docx/3dfcd25ad1_32523004d8b84b35825db6cc4a2b0cd058e7f1fdd31ea40b,tracking_without_comments/docx/709c7873d4_5cef21def060359ad0d470d4a5ee24af8f31a8103a51c7fd__vs__3dfcd25ad1_32523004d8b84b35825db6cc4a2b0cd058e7f1fdd31ea40b_redline_ae2311f039.docx,tracking_without_comments/pdf/709c7873d4_5cef21def060359ad0d470d4a5ee24af8f31a8103a51c7fd__vs__3dfcd25ad1_32523004d8b84b35825db6cc4a2b0cd058e7f1fdd31ea40b_redline_ae2311f039.pdf,tracking_without_comments,ae2311f039,redlines_en_500
d5049aaec2_c73c128db4c8f0b0683396b603a070256a36b398f91585f0__vs__3bea84268c_6cbf6dfdf4b28397138c88c0353584658ccd144a913ce03b_redline_b567087abf,clean/docx/d5049aaec2_c73c128db4c8f0b0683396b603a070256a36b398f91585f0,clean/docx/3bea84268c_6cbf6dfdf4b28397138c88c0353584658ccd144a913ce03b,tracking_without_comments/docx/d5049aaec2_c73c128db4c8f0b0683396b603a070256a36b398f91585f0__vs__3bea84268c_6cbf6dfdf4b28397138c88c0353584658ccd144a913ce03b_redline_b567087abf.docx,tracking_without_comments/pdf/d5049aaec2_c73c128db4c8f0b0683396b603a070256a36b398f91585f0__vs__3bea84268c_6cbf6dfdf4b28397138c88c0353584658ccd144a913ce03b_redline_b567087abf.pdf,tracking_without_comments,b567087abf,redlines_en_500
468d82c575_c690df8dcf29bb8af8646ae10768e3ca46e8a9ef5b586428__vs__3a5ed45f0d_3d76420524fd4852ab017e1d57f215e37281e965b3f38b31_redline_bbc3223232,with_comments_tracking/docx/468d82c575_c690df8dcf29bb8af8646ae10768e3ca46e8a9ef5b586428,clean/docx/3a5ed45f0d_3d76420524fd4852ab017e1d57f215e37281e965b3f38b31,with_comments_tracking/docx/468d82c575_c690df8dcf29bb8af8646ae10768e3ca46e8a9ef5b586428__vs__3a5ed45f0d_3d76420524fd4852ab017e1d57f215e37281e965b3f38b31_redline_bbc3223232.docx,with_comments_tracking/pdf/468d82c575_c690df8dcf29bb8af8646ae10768e3ca46e8a9ef5b586428__vs__3a5ed45f0d_3d76420524fd4852ab017e1d57f215e37281e965b3f38b31_redline_bbc3223232.pdf,with_comments_tracking,bbc3223232,redlines_en_500
4adc608648_2488d971f129d2ad9ee2746e23daeadffa071001e2686533__vs__279da0a289_a4168b8a3243b602dbbc156765888e0596f9d3e4dac17549_redline_bbfeb633fc,clean/docx/4adc608648_2488d971f129d2ad9ee2746e23daeadffa071001e2686533,clean/docx/279da0a289_a4168b8a3243b602dbbc156765888e0596f9d3e4dac17549,tracking_without_comments/docx/4adc608648_2488d971f129d2ad9ee2746e23daeadffa071001e2686533__vs__279da0a289_a4168b8a3243b602dbbc156765888e0596f9d3e4dac17549_redline_bbfeb633fc.docx,tracking_without_comments/pdf/4adc608648_2488d971f129d2ad9ee2746e23daeadffa071001e2686533__vs__279da0a289_a4168b8a3243b602dbbc156765888e0596f9d3e4dac17549_redline_bbfeb633fc.pdf,tracking_without_comments,bbfeb633fc,redlines_en_500
59b0cdb4c5_f43d198617228aedfb40a784b13884e2d5d9f1169440af38__vs__e33a1cf779_6086d90a3677e518037b2da23736161a8ca4d2d1add1b8b3_redline_bef0012edd,clean/docx/59b0cdb4c5_f43d198617228aedfb40a784b13884e2d5d9f1169440af38,clean/docx/e33a1cf779_6086d90a3677e518037b2da23736161a8ca4d2d1add1b8b3,tracking_without_comments/docx/59b0cdb4c5_f43d198617228aedfb40a784b13884e2d5d9f1169440af38__vs__e33a1cf779_6086d90a3677e518037b2da23736161a8ca4d2d1add1b8b3_redline_bef0012edd.docx,tracking_without_comments/pdf/59b0cdb4c5_f43d198617228aedfb40a784b13884e2d5d9f1169440af38__vs__e33a1cf779_6086d90a3677e518037b2da23736161a8ca4d2d1add1b8b3_redline_bef0012edd.pdf,tracking_without_comments,bef0012edd,redlines_en_500
c280ce0f40_019d92d986c5ba33a57df54db0056f3731e3254fcbe8ac65__vs__2e04202552_000e3e7bd2d6215fc7b469cc3e296c1b2a510bc1abc7e0fd_redline_c1ee3ae6c5,clean/docx/c280ce0f40_019d92d986c5ba33a57df54db0056f3731e3254fcbe8ac65,clean/docx/2e04202552_000e3e7bd2d6215fc7b469cc3e296c1b2a510bc1abc7e0fd,tracking_without_comments/docx/c280ce0f40_019d92d986c5ba33a57df54db0056f3731e3254fcbe8ac65__vs__2e04202552_000e3e7bd2d6215fc7b469cc3e296c1b2a510bc1abc7e0fd_redline_c1ee3ae6c5.docx,tracking_without_comments/pdf/c280ce0f40_019d92d986c5ba33a57df54db0056f3731e3254fcbe8ac65__vs__2e04202552_000e3e7bd2d6215fc7b469cc3e296c1b2a510bc1abc7e0fd_redline_c1ee3ae6c5.pdf,tracking_without_comments,c1ee3ae6c5,redlines_a100_b10
689072d58f_590e77a9f5c0a2a019cfa2e1b21d0197fb139d0f9883f948__vs__b50d7a1bf1_af0035cc41059d71015cf5d0c46a8883f32b1118fdc695f1_redline_c8250e8905,clean/docx/689072d58f_590e77a9f5c0a2a019cfa2e1b21d0197fb139d0f9883f948,clean/docx/b50d7a1bf1_af0035cc41059d71015cf5d0c46a8883f32b1118fdc695f1,tracking_without_comments/docx/689072d58f_590e77a9f5c0a2a019cfa2e1b21d0197fb139d0f9883f948__vs__b50d7a1bf1_af0035cc41059d71015cf5d0c46a8883f32b1118fdc695f1_redline_c8250e8905.docx,tracking_without_comments/pdf/689072d58f_590e77a9f5c0a2a019cfa2e1b21d0197fb139d0f9883f948__vs__b50d7a1bf1_af0035cc41059d71015cf5d0c46a8883f32b1118fdc695f1_redline_c8250e8905.pdf,tracking_without_comments,c8250e8905,redlines_en_500
dc5d0f4350_f569a8b7a88800ca28451782130c35f897ec727ca8750a85__vs__ba6721eed7_1a61978f0ea0ee2ec6a626de46a977c15f84fe45e8c06d43_redline_cbf65aa629,clean/docx/dc5d0f4350_f569a8b7a88800ca28451782130c35f897ec727ca8750a85,tracking_without_comments/docx/ba6721eed7_1a61978f0ea0ee2ec6a626de46a977c15f84fe45e8c06d43,tracking_without_comments/docx/dc5d0f4350_f569a8b7a88800ca28451782130c35f897ec727ca8750a85__vs__ba6721eed7_1a61978f0ea0ee2ec6a626de46a977c15f84fe45e8c06d43_redline_cbf65aa629.docx,tracking_without_comments/pdf/dc5d0f4350_f569a8b7a88800ca28451782130c35f897ec727ca8750a85__vs__ba6721eed7_1a61978f0ea0ee2ec6a626de46a977c15f84fe45e8c06d43_redline_cbf65aa629.pdf,tracking_without_comments,cbf65aa629,redlines_en_500
c280ce0f40_019d92d986c5ba33a57df54db0056f3731e3254fcbe8ac65__vs__deff0e697a_00b5defcad6e58038eac35472a2d48c89905068e5ece0cc3_redline_ce0d116e9d,clean/docx/c280ce0f40_019d92d986c5ba33a57df54db0056f3731e3254fcbe8ac65,clean/docx/deff0e697a_00b5defcad6e58038eac35472a2d48c89905068e5ece0cc3,tracking_without_comments/docx/c280ce0f40_019d92d986c5ba33a57df54db0056f3731e3254fcbe8ac65__vs__deff0e697a_00b5defcad6e58038eac35472a2d48c89905068e5ece0cc3_redline_ce0d116e9d.docx,tracking_without_comments/pdf/c280ce0f40_019d92d986c5ba33a57df54db0056f3731e3254fcbe8ac65__vs__deff0e697a_00b5defcad6e58038eac35472a2d48c89905068e5ece0cc3_redline_ce0d116e9d.pdf,tracking_without_comments,ce0d116e9d,redlines_a100_b10
c09b14fcd7_file_196__vs__4e6a261969_file_197_redline_cfb0498eef,with_comments_tracking/docx/c09b14fcd7_file_196,clean/docx/4e6a261969_file_197,with_comments_tracking/docx/c09b14fcd7_file_196__vs__4e6a261969_file_197_redline_cfb0498eef.docx,with_comments_tracking/pdf/c09b14fcd7_file_196__vs__4e6a261969_file_197_redline_cfb0498eef.pdf,with_comments_tracking,cfb0498eef,word_based_randomized
350b1ae68d_009a28e68eaecf1c8b456f889410ff6d221b1d0cd42b0ccf__vs__260b98f6e8_009d432b6045c2a03c19d5019e9c7fc3a6cc23e485c61e6b_redline_d0e7a08bbd,clean/docx/350b1ae68d_009a28e68eaecf1c8b456f889410ff6d221b1d0cd42b0ccf,clean/docx/260b98f6e8_009d432b6045c2a03c19d5019e9c7fc3a6cc23e485c61e6b,tracking_without_comments/docx/350b1ae68d_009a28e68eaecf1c8b456f889410ff6d221b1d0cd42b0ccf__vs__260b98f6e8_009d432b6045c2a03c19d5019e9c7fc3a6cc23e485c61e6b_redline_d0e7a08bbd.docx,tracking_without_comments/pdf/350b1ae68d_009a28e68eaecf1c8b456f889410ff6d221b1d0cd42b0ccf__vs__260b98f6e8_009d432b6045c2a03c19d5019e9c7fc3a6cc23e485c61e6b_redline_d0e7a08bbd.pdf,tracking_without_comments,d0e7a08bbd,redlines_en_500
9f6f60f1db_d0a7c31f8535690716639fce8eb4081cb831a0b1c893af9f__vs__8116a767f0_723ae78054da0840fa9f450784fd17e0564865cb53a6bdd5_redline_e633129040,clean/docx/9f6f60f1db_d0a7c31f8535690716639fce8eb4081cb831a0b1c893af9f,clean/docx/8116a767f0_723ae78054da0840fa9f450784fd17e0564865cb53a6bdd5,tracking_without_comments/docx/9f6f60f1db_d0a7c31f8535690716639fce8eb4081cb831a0b1c893af9f__vs__8116a767f0_723ae78054da0840fa9f450784fd17e0564865cb53a6bdd5_redline_e633129040.docx,tracking_without_comments/pdf/9f6f60f1db_d0a7c31f8535690716639fce8eb4081cb831a0b1c893af9f__vs__8116a767f0_723ae78054da0840fa9f450784fd17e0564865cb53a6bdd5_redline_e633129040.pdf,tracking_without_comments,e633129040,redlines_en_500
f529133cd5_super_editor__basic_comment_d3ba5f1e__vs__8df6dfa8d7_alternate_content_redline_e8fafc3cba,with_comments_clean/docx/f529133cd5_super_editor__basic_comment_d3ba5f1e,clean/docx/8df6dfa8d7_alternate_content,with_comments_tracking/docx/f529133cd5_super_editor__basic_comment_d3ba5f1e__vs__8df6dfa8d7_alternate_content_redline_e8fafc3cba.docx,with_comments_tracking/pdf/f529133cd5_super_editor__basic_comment_d3ba5f1e__vs__8df6dfa8d7_alternate_content_redline_e8fafc3cba.pdf,with_comments_tracking,e8fafc3cba,word_redlines_superdoc_0926
c280ce0f40_019d92d986c5ba33a57df54db0056f3731e3254fcbe8ac65__vs__aa5340125d_00a4b0b91e9b5b072dc3771391c2d608518690eccf44eae8_redline_ef3bb4f5d4,clean/docx/c280ce0f40_019d92d986c5ba33a57df54db0056f3731e3254fcbe8ac65,clean/docx/aa5340125d_00a4b0b91e9b5b072dc3771391c2d608518690eccf44eae8,tracking_without_comments/docx/c280ce0f40_019d92d986c5ba33a57df54db0056f3731e3254fcbe8ac65__vs__aa5340125d_00a4b0b91e9b5b072dc3771391c2d608518690eccf44eae8_redline_ef3bb4f5d4.docx,tracking_without_comments/pdf/c280ce0f40_019d92d986c5ba33a57df54db0056f3731e3254fcbe8ac65__vs__aa5340125d_00a4b0b91e9b5b072dc3771391c2d608518690eccf44eae8_redline_ef3bb4f5d4.pdf,tracking_without_comments,ef3bb4f5d4,redlines_a100_b10
c280ce0f40_019d92d986c5ba33a57df54db0056f3731e3254fcbe8ac65__vs__1424386e9b_017447de83753a0e3b7afc659df038ef56972925336c6a5b_redline_ef77d2a7c6,clean/docx/c280ce0f40_019d92d986c5ba33a57df54db0056f3731e3254fcbe8ac65,clean/docx/1424386e9b_017447de83753a0e3b7afc659df038ef56972925336c6a5b,tracking_without_comments/docx/c280ce0f40_019d92d986c5ba33a57df54db0056f3731e3254fcbe8ac65__vs__1424386e9b_017447de83753a0e3b7afc659df038ef56972925336c6a5b_redline_ef77d2a7c6.docx,tracking_without_comments/pdf/c280ce0f40_019d92d986c5ba33a57df54db0056f3731e3254fcbe8ac65__vs__1424386e9b_017447de83753a0e3b7afc659df038ef56972925336c6a5b_redline_ef77d2a7c6.pdf,tracking_without_comments,ef77d2a7c6,redlines_a100_b10
0aa6426932_file_114__vs__ab85c77154_file_115_redline_f7bbf6e831,clean/docx/0aa6426932_file_114,with_comments_tracking/docx/ab85c77154_file_115,with_comments_tracking/docx/0aa6426932_file_114__vs__ab85c77154_file_115_redline_f7bbf6e831.docx,with_comments_tracking/pdf/0aa6426932_file_114__vs__ab85c77154_file_115_redline_f7bbf6e831.pdf,with_comments_tracking,f7bbf6e831,word_based_randomized
b8115d0dab_file_100__vs__c500e0081f_file_101_redline_ff24600d87,with_comments_tracking/docx/b8115d0dab_file_100,clean/docx/c500e0081f_file_101,with_comments_tracking/docx/b8115d0dab_file_100__vs__c500e0081f_file_101_redline_ff24600d87.docx,with_comments_tracking/pdf/b8115d0dab_file_100__vs__c500e0081f_file_101_redline_ff24600d87.pdf,with_comments_tracking,ff24600d87,word_based_randomized
