stem,state,pages,jubarte_score
clean__0623cf25e8_fbd9a532ec1595761c8da6dc475ac9154c1d81c002e99cf5,clean,2,84.08
clean__1000537d17_8d9cfd6b8768cf88164c1b8c735e97b737193f3e92fd18ee,clean,3,89.0
clean__35ce9aa3cc_00515f13495e5bf0867b319b035d4a83c7904b55056c38f8,clean,3,47.27
clean__3a0f2e4a57_686a44fc5e12011c0e142a5e575c11eca2bead716e4f8740,clean,9,63.77
clean__42148810f2_72f824a7073c6729f8afd678daf0b9ee8944bd63b5bcdc87,clean,4,50.66
clean__490dfc032d_9e81389b5ea7f1dbcfe83f68047563fd81eac85189d4da0f,clean,6,47.66
clean__6d3d7b292c_08cd966de5e2befa9e834d3c2b93201b6130e3bf438cb6f0,clean,4,92.46
clean__8827f0a335_000eb113a9af7e7801cc9ec3112b2ff06804fc115ecca44c,clean,2,59.35
clean__a4a4ad540d_e296110b14b9efb410f9521e5d7725611d22585187015eee,clean,2,41.62
clean__b50d7a1bf1_af0035cc41059d71015cf5d0c46a8883f32b1118fdc695f1,clean,27,43.76
clean__bb560d2a02_2fb37ac3b5f327c12bb8bbd95446f266c5ad631463b80be8,clean,10,93.75
clean__bc26361496_00a46f851a34d91cc0a57ae50fb52b4946434753786cacbb,clean,7,82.51
clean__ce824b5617_013d00cf04ed22d029972ba818f7523584b85f5c9ee3fd1c,clean,3,49.87
clean__d5049aaec2_c73c128db4c8f0b0683396b603a070256a36b398f91585f0,clean,104,50.49
clean__e6195c443f_368d0cc822ffa7764647877e3cd40522e5121b7286e5e6a8,clean,6,73.18
clean__eb6c0a6b3d_6e887b917bd3d9b6517240ec5fff92e2e80df2355f0b2c0d,clean,2,49.68
tracking_without_comments__058cd936de_super_editor__image_doc_c7d007ac__vs__de8054b3bc_super_editor__image_p_spacing_9b211fd7_redline_e09001156b,tracking_without_comments,2,88.37
tracking_without_comments__12125c346d_92142a51af438576403a4226ac79f4fb87d91783b06ff63c__vs__b6d00d198f_b6c5768500a03e5b40b7ca06cea0027e860f38fb80e3886b_redline_f1ce33adb5,tracking_without_comments,6,69.78
tracking_without_comments__284df3bf07_740579c5f762ce4977e0febc5edec27d4df4d4059510a808__vs__9cab09c08d_75bc7006ba70183c4543590a4131ca692719a521bcd85ad7_redline_d3782b3407,tracking_without_comments,7,37.8
tracking_without_comments__2ca2d3ab7b_file_22__vs__da0d11d072_file_23_redline_e1a794efce,tracking_without_comments,115,60.44
tracking_without_comments__2f76e1dd32_8644055513_rejected_tracking,tracking_without_comments,2,94.77
tracking_without_comments__3fa4dd96ac_044f05e4fb62ebe801e03fb10c602e9a7ed843275755e479__vs__22e696b980_2c10ab9dc3990eb5bbfd3c9738e6ed0f2d9ed69c2d2b09a8_redline_4b964840ae,tracking_without_comments,11,59.57
tracking_without_comments__45eb809d00_64d05c8af4_rejected_tracking,tracking_without_comments,3,91.29
tracking_without_comments__55fdbb3e31_a2fa2445c6_rejected_tracking,tracking_without_comments,3,92.87
tracking_without_comments__5fbd8a7228_39cd8347f53ac1b06a6eb59399aa12a9977b0233a38ddaff__vs__89d3a1c365_40d999f53c15fd5eb9e57ab8cf37f22f83d6823458897be1_redline_049d8405bc,tracking_without_comments,101,45.54
tracking_without_comments__60dfd517a9_00f0e7f365a34acc5911a38c89776a4bdd2ba1685edcd0cc__vs__333bfe069a_003416d620331122b93b434dad901db5836f60d2cad4b533_redline_a27125cb58,tracking_without_comments,3,44.09
tracking_without_comments__61e3967518_0011e415331e3b2d8031efcfcfecbb68df0f0b73b26350ce__vs__5203829c7a_001cc92b88566d5f930fe57f25813c0bf52a7bdc72c217d0_redline_40016a37e5,tracking_without_comments,3,53.09
tracking_without_comments__689072d58f_590e77a9f5c0a2a019cfa2e1b21d0197fb139d0f9883f948__vs__b50d7a1bf1_af0035cc41059d71015cf5d0c46a8883f32b1118fdc695f1_redline_c8250e8905,tracking_without_comments,51,43.48
tracking_without_comments__6fcf082222_e4c9e96f09_accepted_tracking,tracking_without_comments,8,96.55
tracking_without_comments__7a0bdaf60f_file_9__vs__5863557aba_file_10_redline_2c3258f626,tracking_without_comments,11,66.07
tracking_without_comments__8a553b35e4_super_editor__doc_with_spaces_from_styles_734ca2__vs__ab064d6482_super_editor__table_width_issue_20b01504_redline_83a92652e5,tracking_without_comments,1,47.39
tracking_without_comments__98c8b73841_0041d3944715c2fffc5929695f968e5f399e85b139fba063__vs__1424386e9b_017447de83753a0e3b7afc659df038ef56972925336c6a5b_redline_c83c7e02ae,tracking_without_comments,3,48.16
tracking_without_comments__a210c21f88_d1fd716f16_accepted_tracking,tracking_without_comments,7,94.94
tracking_without_comments__a3df367231_001a6655d72fbecf6a1d10e479eee052a779d6ba1d0848d7__vs__1424386e9b_017447de83753a0e3b7afc659df038ef56972925336c6a5b_redline_394edcad89,tracking_without_comments,6,80.34
tracking_without_comments__af2ea13761_6a0524deb86b08f0fb55dcbb7d469deacb25532f08824945__vs__1068eb5017_793c14bc1529c16f30ac69b82ca152f39f534a1a3f3f90e4_redline_5d8e97b0c5,tracking_without_comments,311,50.4
tracking_without_comments__badc3ff7cc_file_196,tracking_without_comments,13,70.37
tracking_without_comments__e6fdfb6f2f_behavior__math_phantom_tests_263131a8__vs__0b1d0278ce_behavior__math_radical_tests_4c1ce187_redline_496879243c,tracking_without_comments,2,61.75
tracking_without_comments__e8d299e041_super_editor__dropcaps_520cd049__vs__1de41232b3_super_editor__exported_list_font_8e6db734_redline_f82cba445c,tracking_without_comments,1,44.08
tracking_without_comments__f786f1da65_001921017566904561ee8ce26ec591c5fb4cd1655b295518__vs__deff0e697a_00b5defcad6e58038eac35472a2d48c89905068e5ece0cc3_redline_deab4d1fab,tracking_without_comments,11,78.86
with_comments_clean__24247ecc6f_red_strikethrough_demo_style_default_missing_red,with_comments_clean,5,80.73
with_comments_clean__29e129626a_s21_sandwich_p_l_p,with_comments_clean,19,70.8
with_comments_clean__54e4eda93f_sales_report_january_2026_suggesting_insertions,with_comments_clean,5,92.36
with_comments_clean__56a27bcf76_92075b7449_accepted_tracking,with_comments_clean,9,80.07
with_comments_clean__a9b9720c53_cbd854cb68_rejected_tracking,with_comments_clean,3,86.29
with_comments_clean__da7fb8a123_sample_document_word_repair_of_our_output_word_r,with_comments_clean,106,41.6
with_comments_clean__ded7521c6f_verdana_italic_centered_demo_id_paraid_overflow,with_comments_clean,2,63.84
with_comments_clean__df097720f7_file_131,with_comments_clean,9,79.93
with_comments_clean__df68cbafb7_3866f441cc_accepted_tracking,with_comments_clean,4,76.58
with_comments_clean__fcd2a42b64_r4_04_accept_tracked,with_comments_clean,2,93.64
with_comments_tracking__0edc50c464_styles-changes-comments_converted_converted,with_comments_tracking,3,50.64
with_comments_tracking__18eb110b3b_numwords_fldsimple__vs__60697d46b7_strict01_redline_964719255c,with_comments_tracking,16,69.86
with_comments_tracking__1e0eae0ce0_af90d4e258_accepted_tracking,with_comments_tracking,5,94.28
with_comments_tracking__3539cf2404_cli_legacy__replace_test_0a793f01__vs__d48e02b548_super_editor__google_docs_originated_comments_redline_f194709881,with_comments_tracking,4,73.28
with_comments_tracking__42d59beb40_super_editor__diff_after10_ac257741__vs__a0e6a09304_super_editor__diff_after11_1d5b767f_redline_1c89a9e553,with_comments_tracking,1,91.63
with_comments_tracking__4f0a3847e3_verdana_italic_centered_demo_id_paraid_overflow__vs__eb2f3c86b5_vfdsdfcacawesd_suggesting_mixed_edits_redline_a202881c62,with_comments_tracking,2,65.01
with_comments_tracking__8b0e267362_sample_document_word_repair_of_our_output_iter2,with_comments_tracking,7,78.83
with_comments_tracking__970fd9303f_sample_document_word_repair_of_our_output_word_r__vs__8441c4ae21_sd_2517_localized_heading_styles_redline_9c71031b8a,with_comments_tracking,109,47.48
with_comments_tracking__bf8e56b2fc_r3_keep_4_5_296_297,with_comments_tracking,2,88.95
with_comments_tracking__c090b9f082_file_8__vs__3f91c8f0cd_file_9_redline_bc6f8076f9,with_comments_tracking,12,55.5
with_comments_tracking__e81d1fa10c_behavior__pageref_standalone_uppercase_h_7701e07__vs__735c372b41_super_editor__diff_after8_58e5c288_redline_5325dc70b4,with_comments_tracking,4,91.83
