key,base,next,base_name,next_name,docx,pdf,state,id,sets
2b328caeee_0ddd11a4c4cfd99b77de17348a8ddc30ae5e5c80a101c84e__vs__882e251894_c41a01217b430717fbacf9cd114aed87b99db718803e1801_redline_3866f441cc,clean/docx/2b328caeee_0ddd11a4c4cfd99b77de17348a8ddc30ae5e5c80a101c84e,with_comments_clean/docx/882e251894_c41a01217b430717fbacf9cd114aed87b99db718803e1801,0ddd11a4c4cfd99b77de17348a8ddc30ae5e5c80a101c84e121b30b4b0ba4a40,c41a01217b430717fbacf9cd114aed87b99db718803e18018dcf59a901a94863,with_comments_tracking/docx/2b328caeee_0ddd11a4c4cfd99b77de17348a8ddc30ae5e5c80a101c84e__vs__882e251894_c41a01217b430717fbacf9cd114aed87b99db718803e1801_redline_3866f441cc.docx,with_comments_tracking/pdf/2b328caeee_0ddd11a4c4cfd99b77de17348a8ddc30ae5e5c80a101c84e__vs__882e251894_c41a01217b430717fbacf9cd114aed87b99db718803e1801_redline_3866f441cc.pdf,with_comments_tracking,3866f441cc,redlines_en_500
2c0a2ac35f_double_spacing_bold_demo_id_paraid_overflow__vs__90cef57bac_eigenpal_docx_editor_suggesting_mixed_edits_redline_af90d4e258,clean/docx/2c0a2ac35f_double_spacing_bold_demo_id_paraid_overflow,with_comments_tracking/docx/90cef57bac_eigenpal_docx_editor_suggesting_mixed_edits,double_spacing_bold_demo_id_paraid_overflow,eigenpal_docx_editor_suggesting_mixed_edits,with_comments_tracking/docx/2c0a2ac35f_double_spacing_bold_demo_id_paraid_overflow__vs__90cef57bac_eigenpal_docx_editor_suggesting_mixed_edits_redline_af90d4e258.docx,with_comments_tracking/pdf/2c0a2ac35f_double_spacing_bold_demo_id_paraid_overflow__vs__90cef57bac_eigenpal_docx_editor_suggesting_mixed_edits_redline_af90d4e258.pdf,with_comments_tracking,af90d4e258,word_based
e57ad0eaa4_docx_lots_of_comments_addition__vs__6e2576a091_docx_lots_of_comments_redline_92075b7449,with_comments_tracking/docx/e57ad0eaa4_docx_lots_of_comments_addition,with_comments_clean/docx/6e2576a091_docx_lots_of_comments,docx_lots_of_comments_addition,docx_lots_of_comments,with_comments_tracking/docx/e57ad0eaa4_docx_lots_of_comments_addition__vs__6e2576a091_docx_lots_of_comments_redline_92075b7449.docx,with_comments_tracking/pdf/e57ad0eaa4_docx_lots_of_comments_addition__vs__6e2576a091_docx_lots_of_comments_redline_92075b7449.pdf,with_comments_tracking,92075b7449,word_based_0926
90cef57bac_eigenpal_docx_editor_suggesting_mixed_edits__vs__f644da9aeb_employee_directory_table_2_redline_ff42b4a7a3,with_comments_tracking/docx/90cef57bac_eigenpal_docx_editor_suggesting_mixed_edits,clean/docx/f644da9aeb_employee_directory_table_2,eigenpal_docx_editor_suggesting_mixed_edits,employee_directory_table_2,with_comments_tracking/docx/90cef57bac_eigenpal_docx_editor_suggesting_mixed_edits__vs__f644da9aeb_employee_directory_table_2_redline_ff42b4a7a3.docx,with_comments_tracking/pdf/90cef57bac_eigenpal_docx_editor_suggesting_mixed_edits__vs__f644da9aeb_employee_directory_table_2_redline_ff42b4a7a3.pdf,with_comments_tracking,ff42b4a7a3,word_based_0926
4f0a3847e3_verdana_italic_centered_demo_id_paraid_overflow__vs__eb2f3c86b5_vfdsdfcacawesd_suggesting_mixed_edits_redline_a202881c62,clean/docx/4f0a3847e3_verdana_italic_centered_demo_id_paraid_overflow,with_comments_tracking/docx/eb2f3c86b5_vfdsdfcacawesd_suggesting_mixed_edits,verdana_italic_centered_demo_id_paraid_overflow,vfdsdfcacawesd_suggesting_mixed_edits,with_comments_tracking/docx/4f0a3847e3_verdana_italic_centered_demo_id_paraid_overflow__vs__eb2f3c86b5_vfdsdfcacawesd_suggesting_mixed_edits_redline_a202881c62.docx,with_comments_tracking/pdf/4f0a3847e3_verdana_italic_centered_demo_id_paraid_overflow__vs__eb2f3c86b5_vfdsdfcacawesd_suggesting_mixed_edits_redline_a202881c62.pdf,with_comments_tracking,a202881c62,word_based_0926
ed6c82cead_word_tolerated_broken_media_rel__vs__8fb278cb36_word_tolerated_duplicate_ppr_redline_750426b989,with_comments_clean/docx/ed6c82cead_word_tolerated_broken_media_rel,clean/docx/8fb278cb36_word_tolerated_duplicate_ppr,word_tolerated_broken_media_rel,word_tolerated_duplicate_ppr,with_comments_tracking/docx/ed6c82cead_word_tolerated_broken_media_rel__vs__8fb278cb36_word_tolerated_duplicate_ppr_redline_750426b989.docx,with_comments_tracking/pdf/ed6c82cead_word_tolerated_broken_media_rel__vs__8fb278cb36_word_tolerated_duplicate_ppr_redline_750426b989.pdf,with_comments_tracking,750426b989,word_based_0926
97c3dd2e86_docx_lots_of_comments_addition_redline_addition__vs__9f5481078e_docx_lots_of_comments_addition_redline_redline_d6b1d609c1,with_comments_tracking/docx/97c3dd2e86_docx_lots_of_comments_addition_redline_addition,with_comments_tracking/docx/9f5481078e_docx_lots_of_comments_addition_redline,docx_lots_of_comments_addition_redline_addition_v_removal,docx_lots_of_comments_addition_redline,with_comments_tracking/docx/97c3dd2e86_docx_lots_of_comments_addition_redline_addition__vs__9f5481078e_docx_lots_of_comments_addition_redline_redline_d6b1d609c1.docx,with_comments_tracking/pdf/97c3dd2e86_docx_lots_of_comments_addition_redline_addition__vs__9f5481078e_docx_lots_of_comments_addition_redline_redline_d6b1d609c1.pdf,with_comments_tracking,d6b1d609c1,word_based_0926
3e43d24c46_clear_formatting_demo_id_paraid_overflow__vs__adc9f524d1_comments_redline_f88615e5c5,clean/docx/3e43d24c46_clear_formatting_demo_id_paraid_overflow,with_comments_clean/docx/adc9f524d1_comments,clear_formatting_demo_id_paraid_overflow,comments,with_comments_tracking/docx/3e43d24c46_clear_formatting_demo_id_paraid_overflow__vs__adc9f524d1_comments_redline_f88615e5c5.docx,with_comments_tracking/pdf/3e43d24c46_clear_formatting_demo_id_paraid_overflow__vs__adc9f524d1_comments_redline_f88615e5c5.pdf,with_comments_tracking,f88615e5c5,word_based_0926
a0738533be_gdocs_comments_export__vs__2a69e1ce5c_green_bold_text_demo_id_paraid_overflow_redline_ff27140d0a,with_comments_clean/docx/a0738533be_gdocs_comments_export,clean/docx/2a69e1ce5c_green_bold_text_demo_id_paraid_overflow,gdocs_comments_export,green_bold_text_demo_id_paraid_overflow,with_comments_tracking/docx/a0738533be_gdocs_comments_export__vs__2a69e1ce5c_green_bold_text_demo_id_paraid_overflow_redline_ff27140d0a.docx,with_comments_tracking/pdf/a0738533be_gdocs_comments_export__vs__2a69e1ce5c_green_bold_text_demo_id_paraid_overflow_redline_ff27140d0a.pdf,with_comments_tracking,ff27140d0a,word_based_0926
7166fa4199_document_100_ultimate_demo_id_paraid_overflow__vs__97c3dd2e86_docx_lots_of_comments_addition_redline_addition_redline_2288f27be1,clean/docx/7166fa4199_document_100_ultimate_demo_id_paraid_overflow,with_comments_tracking/docx/97c3dd2e86_docx_lots_of_comments_addition_redline_addition,document_100_ultimate_demo_id_paraid_overflow,docx_lots_of_comments_addition_redline_addition_v_removal,with_comments_tracking/docx/7166fa4199_document_100_ultimate_demo_id_paraid_overflow__vs__97c3dd2e86_docx_lots_of_comments_addition_redline_addition_redline_2288f27be1.docx,with_comments_tracking/pdf/7166fa4199_document_100_ultimate_demo_id_paraid_overflow__vs__97c3dd2e86_docx_lots_of_comments_addition_redline_addition_redline_2288f27be1.pdf,with_comments_tracking,2288f27be1,word_based_0926
24ad1aa6e5_docx_lots_of_comments_addition_removal__vs__e57ad0eaa4_docx_lots_of_comments_addition_redline_ebeb91fe7f,with_comments_tracking/docx/24ad1aa6e5_docx_lots_of_comments_addition_removal,with_comments_tracking/docx/e57ad0eaa4_docx_lots_of_comments_addition,docx_lots_of_comments_addition_removal,docx_lots_of_comments_addition,with_comments_tracking/docx/24ad1aa6e5_docx_lots_of_comments_addition_removal__vs__e57ad0eaa4_docx_lots_of_comments_addition_redline_ebeb91fe7f.docx,with_comments_tracking/pdf/24ad1aa6e5_docx_lots_of_comments_addition_removal__vs__e57ad0eaa4_docx_lots_of_comments_addition_redline_ebeb91fe7f.pdf,with_comments_tracking,ebeb91fe7f,word_based_0926
eb2f3c86b5_vfdsdfcacawesd_suggesting_mixed_edits__vs__cefef4e4f5_yellow_highlight_demo_id_paraid_overflow_redline_c3b9905920,with_comments_tracking/docx/eb2f3c86b5_vfdsdfcacawesd_suggesting_mixed_edits,clean/docx/cefef4e4f5_yellow_highlight_demo_id_paraid_overflow,vfdsdfcacawesd_suggesting_mixed_edits,yellow_highlight_demo_id_paraid_overflow,with_comments_tracking/docx/eb2f3c86b5_vfdsdfcacawesd_suggesting_mixed_edits__vs__cefef4e4f5_yellow_highlight_demo_id_paraid_overflow_redline_c3b9905920.docx,with_comments_tracking/pdf/eb2f3c86b5_vfdsdfcacawesd_suggesting_mixed_edits__vs__cefef4e4f5_yellow_highlight_demo_id_paraid_overflow_redline_c3b9905920.pdf,with_comments_tracking,c3b9905920,word_based_0926
ba3f04f252_sample_document_really_repaired_word_repaired__vs__d93f1dafca_sample_document_word_repair_of_our_output_iter2_redline_957168bc45,with_comments_tracking/docx/ba3f04f252_sample_document_really_repaired_word_repaired,with_comments_tracking/docx/d93f1dafca_sample_document_word_repair_of_our_output_iter2,sample_document_really_repaired_word_repaired,sample_document_word_repair_of_our_output_iter2_word_repaired,with_comments_tracking/docx/ba3f04f252_sample_document_really_repaired_word_repaired__vs__d93f1dafca_sample_document_word_repair_of_our_output_iter2_redline_957168bc45.docx,with_comments_tracking/pdf/ba3f04f252_sample_document_really_repaired_word_repaired__vs__d93f1dafca_sample_document_word_repair_of_our_output_iter2_redline_957168bc45.pdf,with_comments_tracking,957168bc45,word_based_0926
970fd9303f_sample_document_word_repair_of_our_output_word_r__vs__e355cec096_small_font_size_demo_id_paraid_overflow_redline_e2b71d27e7,with_comments_tracking/docx/970fd9303f_sample_document_word_repair_of_our_output_word_r,clean/docx/e355cec096_small_font_size_demo_id_paraid_overflow,sample_document_word_repair_of_our_output_word_repaired,small_font_size_demo_id_paraid_overflow,with_comments_tracking/docx/970fd9303f_sample_document_word_repair_of_our_output_word_r__vs__e355cec096_small_font_size_demo_id_paraid_overflow_redline_e2b71d27e7.docx,with_comments_tracking/pdf/970fd9303f_sample_document_word_repair_of_our_output_word_r__vs__e355cec096_small_font_size_demo_id_paraid_overflow_redline_e2b71d27e7.pdf,with_comments_tracking,e2b71d27e7,word_based_0926
cbb3bab843_word_tolerated_orphan_comment__vs__cefef4e4f5_yellow_highlight_demo_id_paraid_overflow_redline_3796807136,with_comments_clean/docx/cbb3bab843_word_tolerated_orphan_comment,clean/docx/cefef4e4f5_yellow_highlight_demo_id_paraid_overflow,word_tolerated_orphan_comment,yellow_highlight_demo_id_paraid_overflow,with_comments_tracking/docx/cbb3bab843_word_tolerated_orphan_comment__vs__cefef4e4f5_yellow_highlight_demo_id_paraid_overflow_redline_3796807136.docx,with_comments_tracking/pdf/cbb3bab843_word_tolerated_orphan_comment__vs__cefef4e4f5_yellow_highlight_demo_id_paraid_overflow_redline_3796807136.pdf,with_comments_tracking,3796807136,word_based_0926
cf02e0407e_file_26__vs__b175a00954_file_27_redline_cee8601521,tracking_without_comments/docx/cf02e0407e_file_26,with_comments_tracking/docx/b175a00954_file_27,file_26,file_27,with_comments_tracking/docx/cf02e0407e_file_26__vs__b175a00954_file_27_redline_cee8601521.docx,with_comments_tracking/pdf/cf02e0407e_file_26__vs__b175a00954_file_27_redline_cee8601521.pdf,with_comments_tracking,cee8601521,word_based_randomized_0926
1547c5df73_file_130__vs__df097720f7_file_131_redline_2e3f1e261d,clean/docx/1547c5df73_file_130,with_comments_clean/docx/df097720f7_file_131,file_130,file_131,with_comments_tracking/docx/1547c5df73_file_130__vs__df097720f7_file_131_redline_2e3f1e261d.docx,with_comments_tracking/pdf/1547c5df73_file_130__vs__df097720f7_file_131_redline_2e3f1e261d.pdf,with_comments_tracking,2e3f1e261d,word_based_randomized_0926
e9d5410452_file_191__vs__bffb81f86c_file_192_redline_bfff2b1ab0,with_comments_tracking/docx/e9d5410452_file_191,with_comments_clean/docx/bffb81f86c_file_192,file_191,file_192,with_comments_tracking/docx/e9d5410452_file_191__vs__bffb81f86c_file_192_redline_bfff2b1ab0.docx,with_comments_tracking/pdf/e9d5410452_file_191__vs__bffb81f86c_file_192_redline_bfff2b1ab0.pdf,with_comments_tracking,bfff2b1ab0,word_based_randomized_0926
1072677c3a_file_6__vs__1b8ec2a8cd_file_7_redline_29e3872eed,with_comments_tracking/docx/1072677c3a_file_6,clean/docx/1b8ec2a8cd_file_7,file_6,file_7,with_comments_tracking/docx/1072677c3a_file_6__vs__1b8ec2a8cd_file_7_redline_29e3872eed.docx,with_comments_tracking/pdf/1072677c3a_file_6__vs__1b8ec2a8cd_file_7_redline_29e3872eed.pdf,with_comments_tracking,29e3872eed,word_based_randomized_0926
8ef32902e8_file_158__vs__8061e5912f_file_159_redline_c0a3ea22ca,clean/docx/8ef32902e8_file_158,with_comments_clean/docx/8061e5912f_file_159,file_158,file_159,with_comments_tracking/docx/8ef32902e8_file_158__vs__8061e5912f_file_159_redline_c0a3ea22ca.docx,with_comments_tracking/pdf/8ef32902e8_file_158__vs__8061e5912f_file_159_redline_c0a3ea22ca.pdf,with_comments_tracking,c0a3ea22ca,word_based_randomized_0926
50d8be9682_file_190__vs__e9d5410452_file_191_redline_01f3deda92,clean/docx/50d8be9682_file_190,with_comments_tracking/docx/e9d5410452_file_191,file_190,file_191,with_comments_tracking/docx/50d8be9682_file_190__vs__e9d5410452_file_191_redline_01f3deda92.docx,with_comments_tracking/pdf/50d8be9682_file_190__vs__e9d5410452_file_191_redline_01f3deda92.pdf,with_comments_tracking,01f3deda92,word_based_randomized_0926
faa7c6b110_file_88__vs__57ff9e1b30_file_89_redline_9e3417adee,clean/docx/faa7c6b110_file_88,with_comments_clean/docx/57ff9e1b30_file_89,file_88,file_89,with_comments_tracking/docx/faa7c6b110_file_88__vs__57ff9e1b30_file_89_redline_9e3417adee.docx,with_comments_tracking/pdf/faa7c6b110_file_88__vs__57ff9e1b30_file_89_redline_9e3417adee.pdf,with_comments_tracking,9e3417adee,word_based_randomized_0926
26ccb443f6_file_11__vs__799980e6af_file_12_redline_f64bfdeadc,clean/docx/26ccb443f6_file_11,with_comments_clean/docx/799980e6af_file_12,file_11,file_12,with_comments_tracking/docx/26ccb443f6_file_11__vs__799980e6af_file_12_redline_f64bfdeadc.docx,with_comments_tracking/pdf/26ccb443f6_file_11__vs__799980e6af_file_12_redline_f64bfdeadc.pdf,with_comments_tracking,f64bfdeadc,word_based_randomized_0926
8f47b1dc90_file_176__vs__a3586d71f8_file_177_redline_5f0fed8e2a,with_comments_tracking/docx/8f47b1dc90_file_176,clean/docx/a3586d71f8_file_177,file_176,file_177,with_comments_tracking/docx/8f47b1dc90_file_176__vs__a3586d71f8_file_177_redline_5f0fed8e2a.docx,with_comments_tracking/pdf/8f47b1dc90_file_176__vs__a3586d71f8_file_177_redline_5f0fed8e2a.pdf,with_comments_tracking,5f0fed8e2a,word_based_randomized_0926
836d7aa3c4_file_14__vs__70a28a8258_file_15_redline_25f1d6ecc3,with_comments_tracking/docx/836d7aa3c4_file_14,clean/docx/70a28a8258_file_15,file_14,file_15,with_comments_tracking/docx/836d7aa3c4_file_14__vs__70a28a8258_file_15_redline_25f1d6ecc3.docx,with_comments_tracking/pdf/836d7aa3c4_file_14__vs__70a28a8258_file_15_redline_25f1d6ecc3.pdf,with_comments_tracking,25f1d6ecc3,word_based_randomized_0926
df097720f7_file_131__vs__3c60cce945_file_132_redline_4eff11f045,with_comments_clean/docx/df097720f7_file_131,clean/docx/3c60cce945_file_132,file_131,file_132,with_comments_tracking/docx/df097720f7_file_131__vs__3c60cce945_file_132_redline_4eff11f045.docx,with_comments_tracking/pdf/df097720f7_file_131__vs__3c60cce945_file_132_redline_4eff11f045.pdf,with_comments_tracking,4eff11f045,word_based_randomized_0926
6b0acda259_file_73__vs__bd768e6c17_file_74_redline_0aa74e0de4,clean/docx/6b0acda259_file_73,with_comments_tracking/docx/bd768e6c17_file_74,file_73,file_74,with_comments_tracking/docx/6b0acda259_file_73__vs__bd768e6c17_file_74_redline_0aa74e0de4.docx,with_comments_tracking/pdf/6b0acda259_file_73__vs__bd768e6c17_file_74_redline_0aa74e0de4.pdf,with_comments_tracking,0aa74e0de4,word_based_randomized_0926
66e70631fb_file_188__vs__70584b4a0e_file_189_redline_c46dee2ac8,with_comments_tracking/docx/66e70631fb_file_188,clean/docx/70584b4a0e_file_189,file_188,file_189,with_comments_tracking/docx/66e70631fb_file_188__vs__70584b4a0e_file_189_redline_c46dee2ac8.docx,with_comments_tracking/pdf/66e70631fb_file_188__vs__70584b4a0e_file_189_redline_c46dee2ac8.pdf,with_comments_tracking,c46dee2ac8,word_based_randomized_0926
4492bbb1f8_file_172__vs__838af02d11_file_173_redline_485b916ef9,clean/docx/4492bbb1f8_file_172,with_comments_clean/docx/838af02d11_file_173,file_172,file_173,with_comments_tracking/docx/4492bbb1f8_file_172__vs__838af02d11_file_173_redline_485b916ef9.docx,with_comments_tracking/pdf/4492bbb1f8_file_172__vs__838af02d11_file_173_redline_485b916ef9.pdf,with_comments_tracking,485b916ef9,word_based_randomized_0926
ac0bcc10fe_file_146__vs__9c0dd6b3f6_file_147_redline_9c8876c6d7,with_comments_tracking/docx/ac0bcc10fe_file_146,clean/docx/9c0dd6b3f6_file_147,file_146,file_147,with_comments_tracking/docx/ac0bcc10fe_file_146__vs__9c0dd6b3f6_file_147_redline_9c8876c6d7.docx,with_comments_tracking/pdf/ac0bcc10fe_file_146__vs__9c0dd6b3f6_file_147_redline_9c8876c6d7.pdf,with_comments_tracking,9c8876c6d7,word_based_randomized_0926
ec3dd0df69_file_53__vs__94ed0def64_file_54_redline_d12806f3e8,with_comments_tracking/docx/ec3dd0df69_file_53,clean/docx/94ed0def64_file_54,file_53,file_54,with_comments_tracking/docx/ec3dd0df69_file_53__vs__94ed0def64_file_54_redline_d12806f3e8.docx,with_comments_tracking/pdf/ec3dd0df69_file_53__vs__94ed0def64_file_54_redline_d12806f3e8.pdf,with_comments_tracking,d12806f3e8,word_based_randomized_0926
7476f5fbb1_file_78__vs__fa962f4b9d_file_79_redline_5b878b9756,with_comments_tracking/docx/7476f5fbb1_file_78,clean/docx/fa962f4b9d_file_79,file_78,file_79,with_comments_tracking/docx/7476f5fbb1_file_78__vs__fa962f4b9d_file_79_redline_5b878b9756.docx,with_comments_tracking/pdf/7476f5fbb1_file_78__vs__fa962f4b9d_file_79_redline_5b878b9756.pdf,with_comments_tracking,5b878b9756,word_based_randomized_0926
85692b483f_file_123__vs__0086695f46_file_124_redline_ddd1e0f952,with_comments_clean/docx/85692b483f_file_123,tracking_without_comments/docx/0086695f46_file_124,file_123,file_124,with_comments_tracking/docx/85692b483f_file_123__vs__0086695f46_file_124_redline_ddd1e0f952.docx,with_comments_tracking/pdf/85692b483f_file_123__vs__0086695f46_file_124_redline_ddd1e0f952.pdf,with_comments_tracking,ddd1e0f952,word_based_randomized_0926
82ee7342fd_file_5__vs__1072677c3a_file_6_redline_70a6883d16,clean/docx/82ee7342fd_file_5,with_comments_tracking/docx/1072677c3a_file_6,file_5,file_6,with_comments_tracking/docx/82ee7342fd_file_5__vs__1072677c3a_file_6_redline_70a6883d16.docx,with_comments_tracking/pdf/82ee7342fd_file_5__vs__1072677c3a_file_6_redline_70a6883d16.pdf,with_comments_tracking,70a6883d16,word_based_randomized_0926
0483e899af_file_143__vs__cc82deb093_file_144_redline_f00b7032aa,with_comments_tracking/docx/0483e899af_file_143,clean/docx/cc82deb093_file_144,file_143,file_144,with_comments_tracking/docx/0483e899af_file_143__vs__cc82deb093_file_144_redline_f00b7032aa.docx,with_comments_tracking/pdf/0483e899af_file_143__vs__cc82deb093_file_144_redline_f00b7032aa.pdf,with_comments_tracking,f00b7032aa,word_based_randomized_0926
bffb81f86c_file_192__vs__878549f8f2_file_193_redline_145b9e67e2,with_comments_clean/docx/bffb81f86c_file_192,clean/docx/878549f8f2_file_193,file_192,file_193,with_comments_tracking/docx/bffb81f86c_file_192__vs__878549f8f2_file_193_redline_145b9e67e2.docx,with_comments_tracking/pdf/bffb81f86c_file_192__vs__878549f8f2_file_193_redline_145b9e67e2.pdf,with_comments_tracking,145b9e67e2,word_based_randomized_0926
4304570867_file_69__vs__af2bb3fa96_file_70_redline_ac6cd8d92f,with_comments_tracking/docx/4304570867_file_69,clean/docx/af2bb3fa96_file_70,file_69,file_70,with_comments_tracking/docx/4304570867_file_69__vs__af2bb3fa96_file_70_redline_ac6cd8d92f.docx,with_comments_tracking/pdf/4304570867_file_69__vs__af2bb3fa96_file_70_redline_ac6cd8d92f.pdf,with_comments_tracking,ac6cd8d92f,word_based_randomized_0926
c090b9f082_file_8__vs__3f91c8f0cd_file_9_redline_bc6f8076f9,clean/docx/c090b9f082_file_8,with_comments_tracking/docx/3f91c8f0cd_file_9,file_8,file_9,with_comments_tracking/docx/c090b9f082_file_8__vs__3f91c8f0cd_file_9_redline_bc6f8076f9.docx,with_comments_tracking/pdf/c090b9f082_file_8__vs__3f91c8f0cd_file_9_redline_bc6f8076f9.pdf,with_comments_tracking,bc6f8076f9,word_based_randomized_0926
bc85714262_file_170__vs__15b6035cc0_file_171_redline_c9fc2e8899,with_comments_tracking/docx/bc85714262_file_170,clean/docx/15b6035cc0_file_171,file_170,file_171,with_comments_tracking/docx/bc85714262_file_170__vs__15b6035cc0_file_171_redline_c9fc2e8899.docx,with_comments_tracking/pdf/bc85714262_file_170__vs__15b6035cc0_file_171_redline_c9fc2e8899.pdf,with_comments_tracking,c9fc2e8899,word_based_randomized_0926
ed0aa93b58_file_18__vs__9bf625ba95_file_19_redline_af568343b6,clean/docx/ed0aa93b58_file_18,with_comments_tracking/docx/9bf625ba95_file_19,file_18,file_19,with_comments_tracking/docx/ed0aa93b58_file_18__vs__9bf625ba95_file_19_redline_af568343b6.docx,with_comments_tracking/pdf/ed0aa93b58_file_18__vs__9bf625ba95_file_19_redline_af568343b6.pdf,with_comments_tracking,af568343b6,word_based_randomized_0926
c417943be1_002b4f4d8976804c283e6f90cc51f02c7fa5ca9027ffe491__vs__2773adf157_0004c94ca2a8684d47449bb0e7abf87de1df71a7e6543252_redline_1b4dd65cb9,clean/docx/c417943be1_002b4f4d8976804c283e6f90cc51f02c7fa5ca9027ffe491,clean/docx/2773adf157_0004c94ca2a8684d47449bb0e7abf87de1df71a7e6543252,002b4f4d8976804c283e6f90cc51f02c7fa5ca9027ffe491b141ae79efdb918f,0004c94ca2a8684d47449bb0e7abf87de1df71a7e654325270931607df696aec,tracking_without_comments/docx/c417943be1_002b4f4d8976804c283e6f90cc51f02c7fa5ca9027ffe491__vs__2773adf157_0004c94ca2a8684d47449bb0e7abf87de1df71a7e6543252_redline_1b4dd65cb9.docx,tracking_without_comments/pdf/c417943be1_002b4f4d8976804c283e6f90cc51f02c7fa5ca9027ffe491__vs__2773adf157_0004c94ca2a8684d47449bb0e7abf87de1df71a7e6543252_redline_1b4dd65cb9.pdf,tracking_without_comments,1b4dd65cb9,redlines_a100_b10
acd3595c3a_0032221e68ad2a7986d1fe113eb1d46b5a7d1901b5aa9318__vs__1424386e9b_017447de83753a0e3b7afc659df038ef56972925336c6a5b_redline_bc0135eaa1,clean/docx/acd3595c3a_0032221e68ad2a7986d1fe113eb1d46b5a7d1901b5aa9318,clean/docx/1424386e9b_017447de83753a0e3b7afc659df038ef56972925336c6a5b,0032221e68ad2a7986d1fe113eb1d46b5a7d1901b5aa9318e6d55d36ce8231af,017447de83753a0e3b7afc659df038ef56972925336c6a5b1f9c03300e105ca1,tracking_without_comments/docx/acd3595c3a_0032221e68ad2a7986d1fe113eb1d46b5a7d1901b5aa9318__vs__1424386e9b_017447de83753a0e3b7afc659df038ef56972925336c6a5b_redline_bc0135eaa1.docx,tracking_without_comments/pdf/acd3595c3a_0032221e68ad2a7986d1fe113eb1d46b5a7d1901b5aa9318__vs__1424386e9b_017447de83753a0e3b7afc659df038ef56972925336c6a5b_redline_bc0135eaa1.pdf,tracking_without_comments,bc0135eaa1,redlines_a100_b10
9be7e36de4_00c3fd2d23e8acf016f9b2fb44f4ee84789abc39c820e7ab__vs__2773adf157_0004c94ca2a8684d47449bb0e7abf87de1df71a7e6543252_redline_f1257ca7ea,clean/docx/9be7e36de4_00c3fd2d23e8acf016f9b2fb44f4ee84789abc39c820e7ab,clean/docx/2773adf157_0004c94ca2a8684d47449bb0e7abf87de1df71a7e6543252,00c3fd2d23e8acf016f9b2fb44f4ee84789abc39c820e7aba80e571a77b72299,0004c94ca2a8684d47449bb0e7abf87de1df71a7e654325270931607df696aec,tracking_without_comments/docx/9be7e36de4_00c3fd2d23e8acf016f9b2fb44f4ee84789abc39c820e7ab__vs__2773adf157_0004c94ca2a8684d47449bb0e7abf87de1df71a7e6543252_redline_f1257ca7ea.docx,tracking_without_comments/pdf/9be7e36de4_00c3fd2d23e8acf016f9b2fb44f4ee84789abc39c820e7ab__vs__2773adf157_0004c94ca2a8684d47449bb0e7abf87de1df71a7e6543252_redline_f1257ca7ea.pdf,tracking_without_comments,f1257ca7ea,redlines_a100_b10
19891583af_000f23dc2592a0044f1da2e4f2166c6b41e8fde6a66a1988__vs__2773adf157_0004c94ca2a8684d47449bb0e7abf87de1df71a7e6543252_redline_e97f1c7c8f,clean/docx/19891583af_000f23dc2592a0044f1da2e4f2166c6b41e8fde6a66a1988,clean/docx/2773adf157_0004c94ca2a8684d47449bb0e7abf87de1df71a7e6543252,000f23dc2592a0044f1da2e4f2166c6b41e8fde6a66a1988a8d049efdef44c40,0004c94ca2a8684d47449bb0e7abf87de1df71a7e654325270931607df696aec,tracking_without_comments/docx/19891583af_000f23dc2592a0044f1da2e4f2166c6b41e8fde6a66a1988__vs__2773adf157_0004c94ca2a8684d47449bb0e7abf87de1df71a7e6543252_redline_e97f1c7c8f.docx,tracking_without_comments/pdf/19891583af_000f23dc2592a0044f1da2e4f2166c6b41e8fde6a66a1988__vs__2773adf157_0004c94ca2a8684d47449bb0e7abf87de1df71a7e6543252_redline_e97f1c7c8f.pdf,tracking_without_comments,e97f1c7c8f,redlines_a100_b10
5ad6e6d44f_0199027cbf967c88ab833b77e5bc5d629bacecbd40a87c26__vs__deff0e697a_00b5defcad6e58038eac35472a2d48c89905068e5ece0cc3_redline_c3e476cddb,tracking_without_comments/docx/5ad6e6d44f_0199027cbf967c88ab833b77e5bc5d629bacecbd40a87c26,clean/docx/deff0e697a_00b5defcad6e58038eac35472a2d48c89905068e5ece0cc3,0199027cbf967c88ab833b77e5bc5d629bacecbd40a87c26bfc50b25de90c106,00b5defcad6e58038eac35472a2d48c89905068e5ece0cc3ceeb58c37bbd538c,tracking_without_comments/docx/5ad6e6d44f_0199027cbf967c88ab833b77e5bc5d629bacecbd40a87c26__vs__deff0e697a_00b5defcad6e58038eac35472a2d48c89905068e5ece0cc3_redline_c3e476cddb.docx,tracking_without_comments/pdf/5ad6e6d44f_0199027cbf967c88ab833b77e5bc5d629bacecbd40a87c26__vs__deff0e697a_00b5defcad6e58038eac35472a2d48c89905068e5ece0cc3_redline_c3e476cddb.pdf,tracking_without_comments,c3e476cddb,redlines_a100_b10
432bf1c280_010684299d3c5523897eb69efb8c1c743c0a7623137d64fe__vs__1424386e9b_017447de83753a0e3b7afc659df038ef56972925336c6a5b_redline_c323b1ce8e,clean/docx/432bf1c280_010684299d3c5523897eb69efb8c1c743c0a7623137d64fe,clean/docx/1424386e9b_017447de83753a0e3b7afc659df038ef56972925336c6a5b,010684299d3c5523897eb69efb8c1c743c0a7623137d64fed151fe4a06126a14,017447de83753a0e3b7afc659df038ef56972925336c6a5b1f9c03300e105ca1,tracking_without_comments/docx/432bf1c280_010684299d3c5523897eb69efb8c1c743c0a7623137d64fe__vs__1424386e9b_017447de83753a0e3b7afc659df038ef56972925336c6a5b_redline_c323b1ce8e.docx,tracking_without_comments/pdf/432bf1c280_010684299d3c5523897eb69efb8c1c743c0a7623137d64fe__vs__1424386e9b_017447de83753a0e3b7afc659df038ef56972925336c6a5b_redline_c323b1ce8e.pdf,tracking_without_comments,c323b1ce8e,redlines_a100_b10
cc901c34fc_004028ecdee3787e97aed9dafb5feb104b20ab5540af6e39__vs__2e04202552_000e3e7bd2d6215fc7b469cc3e296c1b2a510bc1abc7e0fd_redline_cda19d51ed,clean/docx/cc901c34fc_004028ecdee3787e97aed9dafb5feb104b20ab5540af6e39,clean/docx/2e04202552_000e3e7bd2d6215fc7b469cc3e296c1b2a510bc1abc7e0fd,004028ecdee3787e97aed9dafb5feb104b20ab5540af6e39509a48902ae75f24,000e3e7bd2d6215fc7b469cc3e296c1b2a510bc1abc7e0fd48c5d03c943c8fda,tracking_without_comments/docx/cc901c34fc_004028ecdee3787e97aed9dafb5feb104b20ab5540af6e39__vs__2e04202552_000e3e7bd2d6215fc7b469cc3e296c1b2a510bc1abc7e0fd_redline_cda19d51ed.docx,tracking_without_comments/pdf/cc901c34fc_004028ecdee3787e97aed9dafb5feb104b20ab5540af6e39__vs__2e04202552_000e3e7bd2d6215fc7b469cc3e296c1b2a510bc1abc7e0fd_redline_cda19d51ed.pdf,tracking_without_comments,cda19d51ed,redlines_a100_b10
fbe14959b0_000f5278175aa01c2b9517b07e8a087014e4a05ab3e24f41__vs__a5f2b9318d_002aa60c2ae1187417b4b157c5ec6450324cc056ec551a12_redline_6fb9bbdb49,clean/docx/fbe14959b0_000f5278175aa01c2b9517b07e8a087014e4a05ab3e24f41,clean/docx/a5f2b9318d_002aa60c2ae1187417b4b157c5ec6450324cc056ec551a12,000f5278175aa01c2b9517b07e8a087014e4a05ab3e24f411dacc78c6ae350e9,002aa60c2ae1187417b4b157c5ec6450324cc056ec551a129c83d3b9561f2fde,tracking_without_comments/docx/fbe14959b0_000f5278175aa01c2b9517b07e8a087014e4a05ab3e24f41__vs__a5f2b9318d_002aa60c2ae1187417b4b157c5ec6450324cc056ec551a12_redline_6fb9bbdb49.docx,tracking_without_comments/pdf/fbe14959b0_000f5278175aa01c2b9517b07e8a087014e4a05ab3e24f41__vs__a5f2b9318d_002aa60c2ae1187417b4b157c5ec6450324cc056ec551a12_redline_6fb9bbdb49.pdf,tracking_without_comments,6fb9bbdb49,redlines_a100_b10
23cdfeee74_0022d9b76a33e7bdcda8d38ec3c898364c578897fb55d462__vs__2773adf157_0004c94ca2a8684d47449bb0e7abf87de1df71a7e6543252_redline_8836f9bbdb,clean/docx/23cdfeee74_0022d9b76a33e7bdcda8d38ec3c898364c578897fb55d462,clean/docx/2773adf157_0004c94ca2a8684d47449bb0e7abf87de1df71a7e6543252,0022d9b76a33e7bdcda8d38ec3c898364c578897fb55d462702cdbb1679282eb,0004c94ca2a8684d47449bb0e7abf87de1df71a7e654325270931607df696aec,tracking_without_comments/docx/23cdfeee74_0022d9b76a33e7bdcda8d38ec3c898364c578897fb55d462__vs__2773adf157_0004c94ca2a8684d47449bb0e7abf87de1df71a7e6543252_redline_8836f9bbdb.docx,tracking_without_comments/pdf/23cdfeee74_0022d9b76a33e7bdcda8d38ec3c898364c578897fb55d462__vs__2773adf157_0004c94ca2a8684d47449bb0e7abf87de1df71a7e6543252_redline_8836f9bbdb.pdf,tracking_without_comments,8836f9bbdb,redlines_a100_b10
3ee2d0ceda_00026ef6a227eca724d9cd35f12e3065557a9ef0dc7ee295__vs__a5f2b9318d_002aa60c2ae1187417b4b157c5ec6450324cc056ec551a12_redline_d1fd716f16,clean/docx/3ee2d0ceda_00026ef6a227eca724d9cd35f12e3065557a9ef0dc7ee295,clean/docx/a5f2b9318d_002aa60c2ae1187417b4b157c5ec6450324cc056ec551a12,00026ef6a227eca724d9cd35f12e3065557a9ef0dc7ee2952a644e587b408c98,002aa60c2ae1187417b4b157c5ec6450324cc056ec551a129c83d3b9561f2fde,tracking_without_comments/docx/3ee2d0ceda_00026ef6a227eca724d9cd35f12e3065557a9ef0dc7ee295__vs__a5f2b9318d_002aa60c2ae1187417b4b157c5ec6450324cc056ec551a12_redline_d1fd716f16.docx,tracking_without_comments/pdf/3ee2d0ceda_00026ef6a227eca724d9cd35f12e3065557a9ef0dc7ee295__vs__a5f2b9318d_002aa60c2ae1187417b4b157c5ec6450324cc056ec551a12_redline_d1fd716f16.pdf,tracking_without_comments,d1fd716f16,redlines_a100_b10
af540c50e4_00edeec4b73ab68a9a4e2b0281464f067656d89fc9969ab4__vs__342f364d46_001342333d45627868f4dc5282abbba4598a91b4a7584b08_redline_1855b51281,clean/docx/af540c50e4_00edeec4b73ab68a9a4e2b0281464f067656d89fc9969ab4,clean/docx/342f364d46_001342333d45627868f4dc5282abbba4598a91b4a7584b08,00edeec4b73ab68a9a4e2b0281464f067656d89fc9969ab4db891ea766f08e70,001342333d45627868f4dc5282abbba4598a91b4a7584b08a679c945c2f006ca,tracking_without_comments/docx/af540c50e4_00edeec4b73ab68a9a4e2b0281464f067656d89fc9969ab4__vs__342f364d46_001342333d45627868f4dc5282abbba4598a91b4a7584b08_redline_1855b51281.docx,tracking_without_comments/pdf/af540c50e4_00edeec4b73ab68a9a4e2b0281464f067656d89fc9969ab4__vs__342f364d46_001342333d45627868f4dc5282abbba4598a91b4a7584b08_redline_1855b51281.pdf,tracking_without_comments,1855b51281,redlines_a100_b10
f94aeed5f5_001f4e98e9744f89b6f26b3741cb6439f8131bf89659230e__vs__1424386e9b_017447de83753a0e3b7afc659df038ef56972925336c6a5b_redline_ece42865e7,clean/docx/f94aeed5f5_001f4e98e9744f89b6f26b3741cb6439f8131bf89659230e,clean/docx/1424386e9b_017447de83753a0e3b7afc659df038ef56972925336c6a5b,001f4e98e9744f89b6f26b3741cb6439f8131bf89659230ea30e2cf7ec1d99d9,017447de83753a0e3b7afc659df038ef56972925336c6a5b1f9c03300e105ca1,tracking_without_comments/docx/f94aeed5f5_001f4e98e9744f89b6f26b3741cb6439f8131bf89659230e__vs__1424386e9b_017447de83753a0e3b7afc659df038ef56972925336c6a5b_redline_ece42865e7.docx,tracking_without_comments/pdf/f94aeed5f5_001f4e98e9744f89b6f26b3741cb6439f8131bf89659230e__vs__1424386e9b_017447de83753a0e3b7afc659df038ef56972925336c6a5b_redline_ece42865e7.pdf,tracking_without_comments,ece42865e7,redlines_a100_b10
0e6f813e69_00d2ca27359f3d1d5ee2c2904b48a3e4717faf7fdf6413f6__vs__2e04202552_000e3e7bd2d6215fc7b469cc3e296c1b2a510bc1abc7e0fd_redline_bf3d5eb650,clean/docx/0e6f813e69_00d2ca27359f3d1d5ee2c2904b48a3e4717faf7fdf6413f6,clean/docx/2e04202552_000e3e7bd2d6215fc7b469cc3e296c1b2a510bc1abc7e0fd,00d2ca27359f3d1d5ee2c2904b48a3e4717faf7fdf6413f6abcda13ad58b7215,000e3e7bd2d6215fc7b469cc3e296c1b2a510bc1abc7e0fd48c5d03c943c8fda,tracking_without_comments/docx/0e6f813e69_00d2ca27359f3d1d5ee2c2904b48a3e4717faf7fdf6413f6__vs__2e04202552_000e3e7bd2d6215fc7b469cc3e296c1b2a510bc1abc7e0fd_redline_bf3d5eb650.docx,tracking_without_comments/pdf/0e6f813e69_00d2ca27359f3d1d5ee2c2904b48a3e4717faf7fdf6413f6__vs__2e04202552_000e3e7bd2d6215fc7b469cc3e296c1b2a510bc1abc7e0fd_redline_bf3d5eb650.pdf,tracking_without_comments,bf3d5eb650,redlines_a100_b10
1b9445becb_000516b844a100814a91ff4628bfc37fed6090074bfa22e1__vs__2773adf157_0004c94ca2a8684d47449bb0e7abf87de1df71a7e6543252_redline_73105518ef,clean/docx/1b9445becb_000516b844a100814a91ff4628bfc37fed6090074bfa22e1,clean/docx/2773adf157_0004c94ca2a8684d47449bb0e7abf87de1df71a7e6543252,000516b844a100814a91ff4628bfc37fed6090074bfa22e1e34e4424f4920010,0004c94ca2a8684d47449bb0e7abf87de1df71a7e654325270931607df696aec,tracking_without_comments/docx/1b9445becb_000516b844a100814a91ff4628bfc37fed6090074bfa22e1__vs__2773adf157_0004c94ca2a8684d47449bb0e7abf87de1df71a7e6543252_redline_73105518ef.docx,tracking_without_comments/pdf/1b9445becb_000516b844a100814a91ff4628bfc37fed6090074bfa22e1__vs__2773adf157_0004c94ca2a8684d47449bb0e7abf87de1df71a7e6543252_redline_73105518ef.pdf,tracking_without_comments,73105518ef,redlines_a100_b10
45e6f5a2e1_00077bf334f45f6bc64fb5b73e579587002b3ccb55de03f8__vs__333bfe069a_003416d620331122b93b434dad901db5836f60d2cad4b533_redline_221997f1c7,clean/docx/45e6f5a2e1_00077bf334f45f6bc64fb5b73e579587002b3ccb55de03f8,clean/docx/333bfe069a_003416d620331122b93b434dad901db5836f60d2cad4b533,00077bf334f45f6bc64fb5b73e579587002b3ccb55de03f845345fdcb04897ea,003416d620331122b93b434dad901db5836f60d2cad4b53379dcdeb760475147,tracking_without_comments/docx/45e6f5a2e1_00077bf334f45f6bc64fb5b73e579587002b3ccb55de03f8__vs__333bfe069a_003416d620331122b93b434dad901db5836f60d2cad4b533_redline_221997f1c7.docx,tracking_without_comments/pdf/45e6f5a2e1_00077bf334f45f6bc64fb5b73e579587002b3ccb55de03f8__vs__333bfe069a_003416d620331122b93b434dad901db5836f60d2cad4b533_redline_221997f1c7.pdf,tracking_without_comments,221997f1c7,redlines_a100_b10
617c1284c9_00feb732c2ef2b643a132e4305e16833fd047b46ca44b65b__vs__333bfe069a_003416d620331122b93b434dad901db5836f60d2cad4b533_redline_4cb34c212d,clean/docx/617c1284c9_00feb732c2ef2b643a132e4305e16833fd047b46ca44b65b,clean/docx/333bfe069a_003416d620331122b93b434dad901db5836f60d2cad4b533,00feb732c2ef2b643a132e4305e16833fd047b46ca44b65bb4610c17a4f08c5e,003416d620331122b93b434dad901db5836f60d2cad4b53379dcdeb760475147,tracking_without_comments/docx/617c1284c9_00feb732c2ef2b643a132e4305e16833fd047b46ca44b65b__vs__333bfe069a_003416d620331122b93b434dad901db5836f60d2cad4b533_redline_4cb34c212d.docx,tracking_without_comments/pdf/617c1284c9_00feb732c2ef2b643a132e4305e16833fd047b46ca44b65b__vs__333bfe069a_003416d620331122b93b434dad901db5836f60d2cad4b533_redline_4cb34c212d.pdf,tracking_without_comments,4cb34c212d,redlines_a100_b10
8e362f619c_001a1c8e7a7ce5a802479fb58bf4affd239449ecb33b64ec__vs__deff0e697a_00b5defcad6e58038eac35472a2d48c89905068e5ece0cc3_redline_a52462ea98,clean/docx/8e362f619c_001a1c8e7a7ce5a802479fb58bf4affd239449ecb33b64ec,clean/docx/deff0e697a_00b5defcad6e58038eac35472a2d48c89905068e5ece0cc3,001a1c8e7a7ce5a802479fb58bf4affd239449ecb33b64ec00a8e93e2223fe3f,00b5defcad6e58038eac35472a2d48c89905068e5ece0cc3ceeb58c37bbd538c,tracking_without_comments/docx/8e362f619c_001a1c8e7a7ce5a802479fb58bf4affd239449ecb33b64ec__vs__deff0e697a_00b5defcad6e58038eac35472a2d48c89905068e5ece0cc3_redline_a52462ea98.docx,tracking_without_comments/pdf/8e362f619c_001a1c8e7a7ce5a802479fb58bf4affd239449ecb33b64ec__vs__deff0e697a_00b5defcad6e58038eac35472a2d48c89905068e5ece0cc3_redline_a52462ea98.pdf,tracking_without_comments,a52462ea98,redlines_a100_b10
0bf5192ed0_00afb3e6b2bb1a5ab1e1770ba41f6f455f87472d24ab2767__vs__bd3824dd1e_000ee64ef7226d353297888f59a251e24ce5d776fea000fa_redline_c8db65e1fd,tracking_without_comments/docx/0bf5192ed0_00afb3e6b2bb1a5ab1e1770ba41f6f455f87472d24ab2767,clean/docx/bd3824dd1e_000ee64ef7226d353297888f59a251e24ce5d776fea000fa,00afb3e6b2bb1a5ab1e1770ba41f6f455f87472d24ab27678625f16ff15ef9af,000ee64ef7226d353297888f59a251e24ce5d776fea000fa9ec9cb41dbbbcf76,tracking_without_comments/docx/0bf5192ed0_00afb3e6b2bb1a5ab1e1770ba41f6f455f87472d24ab2767__vs__bd3824dd1e_000ee64ef7226d353297888f59a251e24ce5d776fea000fa_redline_c8db65e1fd.docx,tracking_without_comments/pdf/0bf5192ed0_00afb3e6b2bb1a5ab1e1770ba41f6f455f87472d24ab2767__vs__bd3824dd1e_000ee64ef7226d353297888f59a251e24ce5d776fea000fa_redline_c8db65e1fd.pdf,tracking_without_comments,c8db65e1fd,redlines_a100_b10
12941c2a77_0023298b011b45232675215822f0f728678a238756d763c8__vs__342f364d46_001342333d45627868f4dc5282abbba4598a91b4a7584b08_redline_b4cd671041,clean/docx/12941c2a77_0023298b011b45232675215822f0f728678a238756d763c8,clean/docx/342f364d46_001342333d45627868f4dc5282abbba4598a91b4a7584b08,0023298b011b45232675215822f0f728678a238756d763c8025a9721d06cda29,001342333d45627868f4dc5282abbba4598a91b4a7584b08a679c945c2f006ca,tracking_without_comments/docx/12941c2a77_0023298b011b45232675215822f0f728678a238756d763c8__vs__342f364d46_001342333d45627868f4dc5282abbba4598a91b4a7584b08_redline_b4cd671041.docx,tracking_without_comments/pdf/12941c2a77_0023298b011b45232675215822f0f728678a238756d763c8__vs__342f364d46_001342333d45627868f4dc5282abbba4598a91b4a7584b08_redline_b4cd671041.pdf,tracking_without_comments,b4cd671041,redlines_a100_b10
dabf50d5d5_0071cf0910cc71fed86712d86afe96a45cf5c937af9aa006__vs__342f364d46_001342333d45627868f4dc5282abbba4598a91b4a7584b08_redline_c0cedbcb4c,clean/docx/dabf50d5d5_0071cf0910cc71fed86712d86afe96a45cf5c937af9aa006,clean/docx/342f364d46_001342333d45627868f4dc5282abbba4598a91b4a7584b08,0071cf0910cc71fed86712d86afe96a45cf5c937af9aa006eb32b0177c194497,001342333d45627868f4dc5282abbba4598a91b4a7584b08a679c945c2f006ca,tracking_without_comments/docx/dabf50d5d5_0071cf0910cc71fed86712d86afe96a45cf5c937af9aa006__vs__342f364d46_001342333d45627868f4dc5282abbba4598a91b4a7584b08_redline_c0cedbcb4c.docx,tracking_without_comments/pdf/dabf50d5d5_0071cf0910cc71fed86712d86afe96a45cf5c937af9aa006__vs__342f364d46_001342333d45627868f4dc5282abbba4598a91b4a7584b08_redline_c0cedbcb4c.pdf,tracking_without_comments,c0cedbcb4c,redlines_a100_b10
a88f2ae357_0095a6095a0f74201c196f4944b3d93f4cf5cc20e4982903__vs__333bfe069a_003416d620331122b93b434dad901db5836f60d2cad4b533_redline_a97bb9b57f,clean/docx/a88f2ae357_0095a6095a0f74201c196f4944b3d93f4cf5cc20e4982903,clean/docx/333bfe069a_003416d620331122b93b434dad901db5836f60d2cad4b533,0095a6095a0f74201c196f4944b3d93f4cf5cc20e4982903397081e77751b6eb,003416d620331122b93b434dad901db5836f60d2cad4b53379dcdeb760475147,tracking_without_comments/docx/a88f2ae357_0095a6095a0f74201c196f4944b3d93f4cf5cc20e4982903__vs__333bfe069a_003416d620331122b93b434dad901db5836f60d2cad4b533_redline_a97bb9b57f.docx,tracking_without_comments/pdf/a88f2ae357_0095a6095a0f74201c196f4944b3d93f4cf5cc20e4982903__vs__333bfe069a_003416d620331122b93b434dad901db5836f60d2cad4b533_redline_a97bb9b57f.pdf,tracking_without_comments,a97bb9b57f,redlines_a100_b10
1aa7a03758_004c43cb816aed2ca4b0d0adf6e2bb8f115182135f2b4b42__vs__2e04202552_000e3e7bd2d6215fc7b469cc3e296c1b2a510bc1abc7e0fd_redline_c719b900f0,clean/docx/1aa7a03758_004c43cb816aed2ca4b0d0adf6e2bb8f115182135f2b4b42,clean/docx/2e04202552_000e3e7bd2d6215fc7b469cc3e296c1b2a510bc1abc7e0fd,004c43cb816aed2ca4b0d0adf6e2bb8f115182135f2b4b420125987acffd1ab2,000e3e7bd2d6215fc7b469cc3e296c1b2a510bc1abc7e0fd48c5d03c943c8fda,tracking_without_comments/docx/1aa7a03758_004c43cb816aed2ca4b0d0adf6e2bb8f115182135f2b4b42__vs__2e04202552_000e3e7bd2d6215fc7b469cc3e296c1b2a510bc1abc7e0fd_redline_c719b900f0.docx,tracking_without_comments/pdf/1aa7a03758_004c43cb816aed2ca4b0d0adf6e2bb8f115182135f2b4b42__vs__2e04202552_000e3e7bd2d6215fc7b469cc3e296c1b2a510bc1abc7e0fd_redline_c719b900f0.pdf,tracking_without_comments,c719b900f0,redlines_a100_b10
048870ce18_014178090497722649b8e7aedf646339a3189ee7fe69a596__vs__a5f2b9318d_002aa60c2ae1187417b4b157c5ec6450324cc056ec551a12_redline_ebe3e5ca03,clean/docx/048870ce18_014178090497722649b8e7aedf646339a3189ee7fe69a596,clean/docx/a5f2b9318d_002aa60c2ae1187417b4b157c5ec6450324cc056ec551a12,014178090497722649b8e7aedf646339a3189ee7fe69a59644c9732076f08c34,002aa60c2ae1187417b4b157c5ec6450324cc056ec551a129c83d3b9561f2fde,tracking_without_comments/docx/048870ce18_014178090497722649b8e7aedf646339a3189ee7fe69a596__vs__a5f2b9318d_002aa60c2ae1187417b4b157c5ec6450324cc056ec551a12_redline_ebe3e5ca03.docx,tracking_without_comments/pdf/048870ce18_014178090497722649b8e7aedf646339a3189ee7fe69a596__vs__a5f2b9318d_002aa60c2ae1187417b4b157c5ec6450324cc056ec551a12_redline_ebe3e5ca03.pdf,tracking_without_comments,ebe3e5ca03,redlines_a100_b10
5c9b05a33e_00587c7398e1a788e79e8da144019f60214b4ac572ea28a3__vs__1424386e9b_017447de83753a0e3b7afc659df038ef56972925336c6a5b_redline_5e03c1afd0,clean/docx/5c9b05a33e_00587c7398e1a788e79e8da144019f60214b4ac572ea28a3,clean/docx/1424386e9b_017447de83753a0e3b7afc659df038ef56972925336c6a5b,00587c7398e1a788e79e8da144019f60214b4ac572ea28a3f7b2bf38011b13c9,017447de83753a0e3b7afc659df038ef56972925336c6a5b1f9c03300e105ca1,tracking_without_comments/docx/5c9b05a33e_00587c7398e1a788e79e8da144019f60214b4ac572ea28a3__vs__1424386e9b_017447de83753a0e3b7afc659df038ef56972925336c6a5b_redline_5e03c1afd0.docx,tracking_without_comments/pdf/5c9b05a33e_00587c7398e1a788e79e8da144019f60214b4ac572ea28a3__vs__1424386e9b_017447de83753a0e3b7afc659df038ef56972925336c6a5b_redline_5e03c1afd0.pdf,tracking_without_comments,5e03c1afd0,redlines_a100_b10
531cf3d312_00ce789bc3226c2a68967cc29792927c80b7f55d9b5267ad__vs__a5f2b9318d_002aa60c2ae1187417b4b157c5ec6450324cc056ec551a12_redline_e271e070c2,clean/docx/531cf3d312_00ce789bc3226c2a68967cc29792927c80b7f55d9b5267ad,clean/docx/a5f2b9318d_002aa60c2ae1187417b4b157c5ec6450324cc056ec551a12,00ce789bc3226c2a68967cc29792927c80b7f55d9b5267ad71aceb389632734e,002aa60c2ae1187417b4b157c5ec6450324cc056ec551a129c83d3b9561f2fde,tracking_without_comments/docx/531cf3d312_00ce789bc3226c2a68967cc29792927c80b7f55d9b5267ad__vs__a5f2b9318d_002aa60c2ae1187417b4b157c5ec6450324cc056ec551a12_redline_e271e070c2.docx,tracking_without_comments/pdf/531cf3d312_00ce789bc3226c2a68967cc29792927c80b7f55d9b5267ad__vs__a5f2b9318d_002aa60c2ae1187417b4b157c5ec6450324cc056ec551a12_redline_e271e070c2.pdf,tracking_without_comments,e271e070c2,redlines_a100_b10
cc5f989c56_0090ba7896cba5f43500e77e151ddab12f16b20e3ddf5822__vs__aa5340125d_00a4b0b91e9b5b072dc3771391c2d608518690eccf44eae8_redline_56915a8dc8,clean/docx/cc5f989c56_0090ba7896cba5f43500e77e151ddab12f16b20e3ddf5822,clean/docx/aa5340125d_00a4b0b91e9b5b072dc3771391c2d608518690eccf44eae8,0090ba7896cba5f43500e77e151ddab12f16b20e3ddf5822995ddc7a203d9289,00a4b0b91e9b5b072dc3771391c2d608518690eccf44eae81731e0fd56432d78,tracking_without_comments/docx/cc5f989c56_0090ba7896cba5f43500e77e151ddab12f16b20e3ddf5822__vs__aa5340125d_00a4b0b91e9b5b072dc3771391c2d608518690eccf44eae8_redline_56915a8dc8.docx,tracking_without_comments/pdf/cc5f989c56_0090ba7896cba5f43500e77e151ddab12f16b20e3ddf5822__vs__aa5340125d_00a4b0b91e9b5b072dc3771391c2d608518690eccf44eae8_redline_56915a8dc8.pdf,tracking_without_comments,56915a8dc8,redlines_a100_b10
b27bda87ed_0023f7c421a05af9c44fb4ff9ef1bce46c53a081779b1e72__vs__2773adf157_0004c94ca2a8684d47449bb0e7abf87de1df71a7e6543252_redline_f4228003d6,clean/docx/b27bda87ed_0023f7c421a05af9c44fb4ff9ef1bce46c53a081779b1e72,clean/docx/2773adf157_0004c94ca2a8684d47449bb0e7abf87de1df71a7e6543252,0023f7c421a05af9c44fb4ff9ef1bce46c53a081779b1e72a2d30e1ebb38c34e,0004c94ca2a8684d47449bb0e7abf87de1df71a7e654325270931607df696aec,tracking_without_comments/docx/b27bda87ed_0023f7c421a05af9c44fb4ff9ef1bce46c53a081779b1e72__vs__2773adf157_0004c94ca2a8684d47449bb0e7abf87de1df71a7e6543252_redline_f4228003d6.docx,tracking_without_comments/pdf/b27bda87ed_0023f7c421a05af9c44fb4ff9ef1bce46c53a081779b1e72__vs__2773adf157_0004c94ca2a8684d47449bb0e7abf87de1df71a7e6543252_redline_f4228003d6.pdf,tracking_without_comments,f4228003d6,redlines_a100_b10
7e4c9416aa_00803e70c3646e42abab322238df606c847686168795a703__vs__1424386e9b_017447de83753a0e3b7afc659df038ef56972925336c6a5b_redline_c8545d372b,clean/docx/7e4c9416aa_00803e70c3646e42abab322238df606c847686168795a703,clean/docx/1424386e9b_017447de83753a0e3b7afc659df038ef56972925336c6a5b,00803e70c3646e42abab322238df606c847686168795a7031edeb25975e8cc2a,017447de83753a0e3b7afc659df038ef56972925336c6a5b1f9c03300e105ca1,tracking_without_comments/docx/7e4c9416aa_00803e70c3646e42abab322238df606c847686168795a703__vs__1424386e9b_017447de83753a0e3b7afc659df038ef56972925336c6a5b_redline_c8545d372b.docx,tracking_without_comments/pdf/7e4c9416aa_00803e70c3646e42abab322238df606c847686168795a703__vs__1424386e9b_017447de83753a0e3b7afc659df038ef56972925336c6a5b_redline_c8545d372b.pdf,tracking_without_comments,c8545d372b,redlines_a100_b10
203c24d1e7_00cb988053156ab17763897a184a6655864f9c50f7ef2e53__vs__aa5340125d_00a4b0b91e9b5b072dc3771391c2d608518690eccf44eae8_redline_e9e7b29b93,clean/docx/203c24d1e7_00cb988053156ab17763897a184a6655864f9c50f7ef2e53,clean/docx/aa5340125d_00a4b0b91e9b5b072dc3771391c2d608518690eccf44eae8,00cb988053156ab17763897a184a6655864f9c50f7ef2e5377bf70181de56971,00a4b0b91e9b5b072dc3771391c2d608518690eccf44eae81731e0fd56432d78,tracking_without_comments/docx/203c24d1e7_00cb988053156ab17763897a184a6655864f9c50f7ef2e53__vs__aa5340125d_00a4b0b91e9b5b072dc3771391c2d608518690eccf44eae8_redline_e9e7b29b93.docx,tracking_without_comments/pdf/203c24d1e7_00cb988053156ab17763897a184a6655864f9c50f7ef2e53__vs__aa5340125d_00a4b0b91e9b5b072dc3771391c2d608518690eccf44eae8_redline_e9e7b29b93.pdf,tracking_without_comments,e9e7b29b93,redlines_a100_b10
762b93bdb0_0107d2107b381c077b42490f7ff21e861a60c27ba32886ca__vs__deff0e697a_00b5defcad6e58038eac35472a2d48c89905068e5ece0cc3_redline_b42b3ae070,clean/docx/762b93bdb0_0107d2107b381c077b42490f7ff21e861a60c27ba32886ca,clean/docx/deff0e697a_00b5defcad6e58038eac35472a2d48c89905068e5ece0cc3,0107d2107b381c077b42490f7ff21e861a60c27ba32886cab85039dd9e1febab,00b5defcad6e58038eac35472a2d48c89905068e5ece0cc3ceeb58c37bbd538c,tracking_without_comments/docx/762b93bdb0_0107d2107b381c077b42490f7ff21e861a60c27ba32886ca__vs__deff0e697a_00b5defcad6e58038eac35472a2d48c89905068e5ece0cc3_redline_b42b3ae070.docx,tracking_without_comments/pdf/762b93bdb0_0107d2107b381c077b42490f7ff21e861a60c27ba32886ca__vs__deff0e697a_00b5defcad6e58038eac35472a2d48c89905068e5ece0cc3_redline_b42b3ae070.pdf,tracking_without_comments,b42b3ae070,redlines_a100_b10
1d137d70ee_005bf179b17b3d109d473d5bb10a968731ba985c4bff3743__vs__2773adf157_0004c94ca2a8684d47449bb0e7abf87de1df71a7e6543252_redline_221577c35b,clean/docx/1d137d70ee_005bf179b17b3d109d473d5bb10a968731ba985c4bff3743,clean/docx/2773adf157_0004c94ca2a8684d47449bb0e7abf87de1df71a7e6543252,005bf179b17b3d109d473d5bb10a968731ba985c4bff3743cea712c242181647,0004c94ca2a8684d47449bb0e7abf87de1df71a7e654325270931607df696aec,tracking_without_comments/docx/1d137d70ee_005bf179b17b3d109d473d5bb10a968731ba985c4bff3743__vs__2773adf157_0004c94ca2a8684d47449bb0e7abf87de1df71a7e6543252_redline_221577c35b.docx,tracking_without_comments/pdf/1d137d70ee_005bf179b17b3d109d473d5bb10a968731ba985c4bff3743__vs__2773adf157_0004c94ca2a8684d47449bb0e7abf87de1df71a7e6543252_redline_221577c35b.pdf,tracking_without_comments,221577c35b,redlines_a100_b10
95c855b9a0_001671bbb68c5b9ebebebfc8be69252ccc195babb3129278__vs__2773adf157_0004c94ca2a8684d47449bb0e7abf87de1df71a7e6543252_redline_ee4fe9eb15,clean/docx/95c855b9a0_001671bbb68c5b9ebebebfc8be69252ccc195babb3129278,clean/docx/2773adf157_0004c94ca2a8684d47449bb0e7abf87de1df71a7e6543252,001671bbb68c5b9ebebebfc8be69252ccc195babb3129278cd2b06498009de2b,0004c94ca2a8684d47449bb0e7abf87de1df71a7e654325270931607df696aec,tracking_without_comments/docx/95c855b9a0_001671bbb68c5b9ebebebfc8be69252ccc195babb3129278__vs__2773adf157_0004c94ca2a8684d47449bb0e7abf87de1df71a7e6543252_redline_ee4fe9eb15.docx,tracking_without_comments/pdf/95c855b9a0_001671bbb68c5b9ebebebfc8be69252ccc195babb3129278__vs__2773adf157_0004c94ca2a8684d47449bb0e7abf87de1df71a7e6543252_redline_ee4fe9eb15.pdf,tracking_without_comments,ee4fe9eb15,redlines_a100_b10
29379c07bf_002adf0715eed4d213774c26c60c78624c2a3cbb3d0397d2__vs__a5f2b9318d_002aa60c2ae1187417b4b157c5ec6450324cc056ec551a12_redline_e4c9e96f09,clean/docx/29379c07bf_002adf0715eed4d213774c26c60c78624c2a3cbb3d0397d2,clean/docx/a5f2b9318d_002aa60c2ae1187417b4b157c5ec6450324cc056ec551a12,002adf0715eed4d213774c26c60c78624c2a3cbb3d0397d257cb13f4410eca16,002aa60c2ae1187417b4b157c5ec6450324cc056ec551a129c83d3b9561f2fde,tracking_without_comments/docx/29379c07bf_002adf0715eed4d213774c26c60c78624c2a3cbb3d0397d2__vs__a5f2b9318d_002aa60c2ae1187417b4b157c5ec6450324cc056ec551a12_redline_e4c9e96f09.docx,tracking_without_comments/pdf/29379c07bf_002adf0715eed4d213774c26c60c78624c2a3cbb3d0397d2__vs__a5f2b9318d_002aa60c2ae1187417b4b157c5ec6450324cc056ec551a12_redline_e4c9e96f09.pdf,tracking_without_comments,e4c9e96f09,redlines_a100_b10
d3b73b5ecf_534f02b4ceb3be8720d64c2c9de45e7b41f6f232c07177fa__vs__b464bb2f28_53fae2563e6bafcd40cf05ce3f1d6b2d66f0d965f9b5c8e2_redline_548d133393,clean/docx/d3b73b5ecf_534f02b4ceb3be8720d64c2c9de45e7b41f6f232c07177fa,clean/docx/b464bb2f28_53fae2563e6bafcd40cf05ce3f1d6b2d66f0d965f9b5c8e2,534f02b4ceb3be8720d64c2c9de45e7b41f6f232c07177fac9dcc1decc874020,53fae2563e6bafcd40cf05ce3f1d6b2d66f0d965f9b5c8e2c4d67c461f6a0113,tracking_without_comments/docx/d3b73b5ecf_534f02b4ceb3be8720d64c2c9de45e7b41f6f232c07177fa__vs__b464bb2f28_53fae2563e6bafcd40cf05ce3f1d6b2d66f0d965f9b5c8e2_redline_548d133393.docx,tracking_without_comments/pdf/d3b73b5ecf_534f02b4ceb3be8720d64c2c9de45e7b41f6f232c07177fa__vs__b464bb2f28_53fae2563e6bafcd40cf05ce3f1d6b2d66f0d965f9b5c8e2_redline_548d133393.pdf,tracking_without_comments,548d133393,redlines_en_500
051e6da4f6_695660901996dceb7738cd59463a3cf5fba39c900ac811ea__vs__607dfd7780_d35af86412a3069ff85d1f291749e133590999482334275a_redline_4548a5e33f,clean/docx/051e6da4f6_695660901996dceb7738cd59463a3cf5fba39c900ac811ea,clean/docx/607dfd7780_d35af86412a3069ff85d1f291749e133590999482334275a,695660901996dceb7738cd59463a3cf5fba39c900ac811ea289750abbe55b9f0,d35af86412a3069ff85d1f291749e133590999482334275a19e8520092a8617a,tracking_without_comments/docx/051e6da4f6_695660901996dceb7738cd59463a3cf5fba39c900ac811ea__vs__607dfd7780_d35af86412a3069ff85d1f291749e133590999482334275a_redline_4548a5e33f.docx,tracking_without_comments/pdf/051e6da4f6_695660901996dceb7738cd59463a3cf5fba39c900ac811ea__vs__607dfd7780_d35af86412a3069ff85d1f291749e133590999482334275a_redline_4548a5e33f.pdf,tracking_without_comments,4548a5e33f,redlines_en_500
5fe95eef15_ef8fe9466d7bdfcbb305b135138e8fb395ceceb10148015b__vs__685c8e4972_c8760b450ac4721d3acc8948a7755ac5d14f55d62483a8d9_redline_9494f2e92a,clean/docx/5fe95eef15_ef8fe9466d7bdfcbb305b135138e8fb395ceceb10148015b,clean/docx/685c8e4972_c8760b450ac4721d3acc8948a7755ac5d14f55d62483a8d9,ef8fe9466d7bdfcbb305b135138e8fb395ceceb10148015bc75cb31bf3fc1585,c8760b450ac4721d3acc8948a7755ac5d14f55d62483a8d9ea05501c974be694,tracking_without_comments/docx/5fe95eef15_ef8fe9466d7bdfcbb305b135138e8fb395ceceb10148015b__vs__685c8e4972_c8760b450ac4721d3acc8948a7755ac5d14f55d62483a8d9_redline_9494f2e92a.docx,tracking_without_comments/pdf/5fe95eef15_ef8fe9466d7bdfcbb305b135138e8fb395ceceb10148015b__vs__685c8e4972_c8760b450ac4721d3acc8948a7755ac5d14f55d62483a8d9_redline_9494f2e92a.pdf,tracking_without_comments,9494f2e92a,redlines_en_500
2313043a89_b0a82313e8665ba3ac7344d945f3b88054d5c8abe6de4127__vs__d94eefc40b_ab77622c775f9025ebaabff2e7eeb7979b1d42f676e64ab1_redline_791ca61933,clean/docx/2313043a89_b0a82313e8665ba3ac7344d945f3b88054d5c8abe6de4127,clean/docx/d94eefc40b_ab77622c775f9025ebaabff2e7eeb7979b1d42f676e64ab1,b0a82313e8665ba3ac7344d945f3b88054d5c8abe6de4127feae9703195e568b,ab77622c775f9025ebaabff2e7eeb7979b1d42f676e64ab1b78153d76224be38,tracking_without_comments/docx/2313043a89_b0a82313e8665ba3ac7344d945f3b88054d5c8abe6de4127__vs__d94eefc40b_ab77622c775f9025ebaabff2e7eeb7979b1d42f676e64ab1_redline_791ca61933.docx,tracking_without_comments/pdf/2313043a89_b0a82313e8665ba3ac7344d945f3b88054d5c8abe6de4127__vs__d94eefc40b_ab77622c775f9025ebaabff2e7eeb7979b1d42f676e64ab1_redline_791ca61933.pdf,tracking_without_comments,791ca61933,redlines_en_500
27c9cbd809_b4b5463ef111d72dc319a5ccf52ae7b396c494e99b89c857__vs__7f90ff7f2c_d94124e867cf9e31389cfa780818a638161d676f6b79049f_redline_b14882f3e9,clean/docx/27c9cbd809_b4b5463ef111d72dc319a5ccf52ae7b396c494e99b89c857,clean/docx/7f90ff7f2c_d94124e867cf9e31389cfa780818a638161d676f6b79049f,b4b5463ef111d72dc319a5ccf52ae7b396c494e99b89c85794c759df3934e282,d94124e867cf9e31389cfa780818a638161d676f6b79049fdcf3854543ff541c,tracking_without_comments/docx/27c9cbd809_b4b5463ef111d72dc319a5ccf52ae7b396c494e99b89c857__vs__7f90ff7f2c_d94124e867cf9e31389cfa780818a638161d676f6b79049f_redline_b14882f3e9.docx,tracking_without_comments/pdf/27c9cbd809_b4b5463ef111d72dc319a5ccf52ae7b396c494e99b89c857__vs__7f90ff7f2c_d94124e867cf9e31389cfa780818a638161d676f6b79049f_redline_b14882f3e9.pdf,tracking_without_comments,b14882f3e9,redlines_en_500
1af519ea80_70f204d319c24805b53d2e2861444dacb88ec67270923593__vs__65d98e4fb6_6cc9c420e9f220d99876ff3c50cc3b6bc94034863bfea1ac_redline_440c36d875,clean/docx/1af519ea80_70f204d319c24805b53d2e2861444dacb88ec67270923593,clean/docx/65d98e4fb6_6cc9c420e9f220d99876ff3c50cc3b6bc94034863bfea1ac,70f204d319c24805b53d2e2861444dacb88ec67270923593fb06c3ab40a35dc2,6cc9c420e9f220d99876ff3c50cc3b6bc94034863bfea1ac3af535bd9cc61850,tracking_without_comments/docx/1af519ea80_70f204d319c24805b53d2e2861444dacb88ec67270923593__vs__65d98e4fb6_6cc9c420e9f220d99876ff3c50cc3b6bc94034863bfea1ac_redline_440c36d875.docx,tracking_without_comments/pdf/1af519ea80_70f204d319c24805b53d2e2861444dacb88ec67270923593__vs__65d98e4fb6_6cc9c420e9f220d99876ff3c50cc3b6bc94034863bfea1ac_redline_440c36d875.pdf,tracking_without_comments,440c36d875,redlines_en_500
a62ef11355_af838c136dcd3b6c93a648911f7fe7bcba87be8a27c66ac3__vs__d706876939_96241b469231f21192669d60dd79dcdf1be49260da2e0a7d_redline_f8c1ce3e92,clean/docx/a62ef11355_af838c136dcd3b6c93a648911f7fe7bcba87be8a27c66ac3,clean/docx/d706876939_96241b469231f21192669d60dd79dcdf1be49260da2e0a7d,af838c136dcd3b6c93a648911f7fe7bcba87be8a27c66ac3b53a3fe1a4c38989,96241b469231f21192669d60dd79dcdf1be49260da2e0a7d633858f52d83364a,tracking_without_comments/docx/a62ef11355_af838c136dcd3b6c93a648911f7fe7bcba87be8a27c66ac3__vs__d706876939_96241b469231f21192669d60dd79dcdf1be49260da2e0a7d_redline_f8c1ce3e92.docx,tracking_without_comments/pdf/a62ef11355_af838c136dcd3b6c93a648911f7fe7bcba87be8a27c66ac3__vs__d706876939_96241b469231f21192669d60dd79dcdf1be49260da2e0a7d_redline_f8c1ce3e92.pdf,tracking_without_comments,f8c1ce3e92,redlines_en_500
a1664c9ad4_6567ec68ee0f2368109ba42c94ee96db2d9bbd318c55e414__vs__1cc3c01333_d55a2a7eec8eb1769d09be7403e1ad29bc5d0b079d03cdfd_redline_429328c875,clean/docx/a1664c9ad4_6567ec68ee0f2368109ba42c94ee96db2d9bbd318c55e414,clean/docx/1cc3c01333_d55a2a7eec8eb1769d09be7403e1ad29bc5d0b079d03cdfd,6567ec68ee0f2368109ba42c94ee96db2d9bbd318c55e4141e282ddaab22fb50,d55a2a7eec8eb1769d09be7403e1ad29bc5d0b079d03cdfd12060712519535a4,tracking_without_comments/docx/a1664c9ad4_6567ec68ee0f2368109ba42c94ee96db2d9bbd318c55e414__vs__1cc3c01333_d55a2a7eec8eb1769d09be7403e1ad29bc5d0b079d03cdfd_redline_429328c875.docx,tracking_without_comments/pdf/a1664c9ad4_6567ec68ee0f2368109ba42c94ee96db2d9bbd318c55e414__vs__1cc3c01333_d55a2a7eec8eb1769d09be7403e1ad29bc5d0b079d03cdfd_redline_429328c875.pdf,tracking_without_comments,429328c875,redlines_en_500
b27a2ff1ad_a700d680776964b71b2d897597fb45bb3d9b22b973155bdc__vs__1ba087fe62_a72c54151dc0c8db3e88f7334094c49e60d7ab503f2b9fcb_redline_512b24be1e,clean/docx/b27a2ff1ad_a700d680776964b71b2d897597fb45bb3d9b22b973155bdc,clean/docx/1ba087fe62_a72c54151dc0c8db3e88f7334094c49e60d7ab503f2b9fcb,a700d680776964b71b2d897597fb45bb3d9b22b973155bdceb5b985f8d942483,a72c54151dc0c8db3e88f7334094c49e60d7ab503f2b9fcb94bd5a8cd6f6ef78,tracking_without_comments/docx/b27a2ff1ad_a700d680776964b71b2d897597fb45bb3d9b22b973155bdc__vs__1ba087fe62_a72c54151dc0c8db3e88f7334094c49e60d7ab503f2b9fcb_redline_512b24be1e.docx,tracking_without_comments/pdf/b27a2ff1ad_a700d680776964b71b2d897597fb45bb3d9b22b973155bdc__vs__1ba087fe62_a72c54151dc0c8db3e88f7334094c49e60d7ab503f2b9fcb_redline_512b24be1e.pdf,tracking_without_comments,512b24be1e,redlines_en_500
c91bf152c5_ea2c23f94ba56d92b15dbc39a228be84ec544937a287e82f__vs__55e94572f9_b1df51bc6cfddae69d97759cdfaf15206b6bd9dc8cf0f9d3_redline_d8b0c2ae01,clean/docx/c91bf152c5_ea2c23f94ba56d92b15dbc39a228be84ec544937a287e82f,clean/docx/55e94572f9_b1df51bc6cfddae69d97759cdfaf15206b6bd9dc8cf0f9d3,ea2c23f94ba56d92b15dbc39a228be84ec544937a287e82f778701dd0338591f,b1df51bc6cfddae69d97759cdfaf15206b6bd9dc8cf0f9d355d8c05a9d9b024b,tracking_without_comments/docx/c91bf152c5_ea2c23f94ba56d92b15dbc39a228be84ec544937a287e82f__vs__55e94572f9_b1df51bc6cfddae69d97759cdfaf15206b6bd9dc8cf0f9d3_redline_d8b0c2ae01.docx,tracking_without_comments/pdf/c91bf152c5_ea2c23f94ba56d92b15dbc39a228be84ec544937a287e82f__vs__55e94572f9_b1df51bc6cfddae69d97759cdfaf15206b6bd9dc8cf0f9d3_redline_d8b0c2ae01.pdf,tracking_without_comments,d8b0c2ae01,redlines_en_500
32391f3b12_fa5f97906c44861431c0df1263739bce18d03b511ea5bb8c__vs__9e6e6d4f44_5c6200fa3d220d6d5e9ab4dfe33d43b0caa724c81222a257_redline_b39664d822,clean/docx/32391f3b12_fa5f97906c44861431c0df1263739bce18d03b511ea5bb8c,clean/docx/9e6e6d4f44_5c6200fa3d220d6d5e9ab4dfe33d43b0caa724c81222a257,fa5f97906c44861431c0df1263739bce18d03b511ea5bb8cb7d21cf8a39739bd,5c6200fa3d220d6d5e9ab4dfe33d43b0caa724c81222a257c85be230dff6b551,tracking_without_comments/docx/32391f3b12_fa5f97906c44861431c0df1263739bce18d03b511ea5bb8c__vs__9e6e6d4f44_5c6200fa3d220d6d5e9ab4dfe33d43b0caa724c81222a257_redline_b39664d822.docx,tracking_without_comments/pdf/32391f3b12_fa5f97906c44861431c0df1263739bce18d03b511ea5bb8c__vs__9e6e6d4f44_5c6200fa3d220d6d5e9ab4dfe33d43b0caa724c81222a257_redline_b39664d822.pdf,tracking_without_comments,b39664d822,redlines_en_500
61eaede95c_subtitle_style_demo_style_default_missing__vs__ca4ccabff6_superscript_demo_id_paraid_overflow_2_redline_ce433a28fb,clean/docx/61eaede95c_subtitle_style_demo_style_default_missing,clean/docx/ca4ccabff6_superscript_demo_id_paraid_overflow_2,subtitle_style_demo_style_default_missing,superscript_demo_id_paraid_overflow_2,tracking_without_comments/docx/61eaede95c_subtitle_style_demo_style_default_missing__vs__ca4ccabff6_superscript_demo_id_paraid_overflow_2_redline_ce433a28fb.docx,tracking_without_comments/pdf/61eaede95c_subtitle_style_demo_style_default_missing__vs__ca4ccabff6_superscript_demo_id_paraid_overflow_2_redline_ce433a28fb.pdf,tracking_without_comments,ce433a28fb,word_based_0926
bf23b1e436_track_changes_suggesting_bold_id_paraid_overflow__vs__966994cba9_track_changes_suggesting_calibri_id_paraid_overf_redline_b3e000423e,clean/docx/bf23b1e436_track_changes_suggesting_bold_id_paraid_overflow,clean/docx/966994cba9_track_changes_suggesting_calibri_id_paraid_overf,track_changes_suggesting_bold_id_paraid_overflow,track_changes_suggesting_calibri_id_paraid_overflow,tracking_without_comments/docx/bf23b1e436_track_changes_suggesting_bold_id_paraid_overflow__vs__966994cba9_track_changes_suggesting_calibri_id_paraid_overf_redline_b3e000423e.docx,tracking_without_comments/pdf/bf23b1e436_track_changes_suggesting_bold_id_paraid_overflow__vs__966994cba9_track_changes_suggesting_calibri_id_paraid_overf_redline_b3e000423e.pdf,tracking_without_comments,b3e000423e,word_based_0926
8a7f242026_center_bold_demo_id_paraid_overflow__vs__3e43d24c46_clear_formatting_demo_id_paraid_overflow_redline_ff1a81cf73,clean/docx/8a7f242026_center_bold_demo_id_paraid_overflow,clean/docx/3e43d24c46_clear_formatting_demo_id_paraid_overflow,center_bold_demo_id_paraid_overflow,clear_formatting_demo_id_paraid_overflow,tracking_without_comments/docx/8a7f242026_center_bold_demo_id_paraid_overflow__vs__3e43d24c46_clear_formatting_demo_id_paraid_overflow_redline_ff1a81cf73.docx,tracking_without_comments/pdf/8a7f242026_center_bold_demo_id_paraid_overflow__vs__3e43d24c46_clear_formatting_demo_id_paraid_overflow_redline_ff1a81cf73.pdf,tracking_without_comments,ff1a81cf73,word_based_0926
6a65e5219d_24_id_paraid_overflow__vs__8df6dfa8d7_alternate_content_redline_1e11e7a678,clean/docx/6a65e5219d_24_id_paraid_overflow,clean/docx/8df6dfa8d7_alternate_content,24_id_paraid_overflow,alternate_content,tracking_without_comments/docx/6a65e5219d_24_id_paraid_overflow__vs__8df6dfa8d7_alternate_content_redline_1e11e7a678.docx,tracking_without_comments/pdf/6a65e5219d_24_id_paraid_overflow__vs__8df6dfa8d7_alternate_content_redline_1e11e7a678.pdf,tracking_without_comments,1e11e7a678,word_based_0926
87f3bff234_meeting_minutes_id_paraid_overflow__vs__af73bfcc05_meeting_minutes_suggesting_insertions_redline_1511c9537d,clean/docx/87f3bff234_meeting_minutes_id_paraid_overflow,tracking_without_comments/docx/af73bfcc05_meeting_minutes_suggesting_insertions,meeting_minutes_id_paraid_overflow,meeting_minutes_suggesting_insertions,tracking_without_comments/docx/87f3bff234_meeting_minutes_id_paraid_overflow__vs__af73bfcc05_meeting_minutes_suggesting_insertions_redline_1511c9537d.docx,tracking_without_comments/pdf/87f3bff234_meeting_minutes_id_paraid_overflow__vs__af73bfcc05_meeting_minutes_suggesting_insertions_redline_1511c9537d.pdf,tracking_without_comments,1511c9537d,word_based_0926
f7d8cdf9a9_product_roadmap_2026_suggesting_insertions__vs__93db7f65b3_project_plan_suggesting_insertions_redline_218c9d60d5,tracking_without_comments/docx/f7d8cdf9a9_product_roadmap_2026_suggesting_insertions,tracking_without_comments/docx/93db7f65b3_project_plan_suggesting_insertions,product_roadmap_2026_suggesting_insertions,project_plan_suggesting_insertions,tracking_without_comments/docx/f7d8cdf9a9_product_roadmap_2026_suggesting_insertions__vs__93db7f65b3_project_plan_suggesting_insertions_redline_218c9d60d5.docx,tracking_without_comments/pdf/f7d8cdf9a9_product_roadmap_2026_suggesting_insertions__vs__93db7f65b3_project_plan_suggesting_insertions_redline_218c9d60d5.pdf,tracking_without_comments,218c9d60d5,word_based_0926
c917cc5055_support_tickets_summary_id_paraid_overflow__vs__95bdaad1fe_support_tickets_table_redline_1eb1aa2dac,clean/docx/c917cc5055_support_tickets_summary_id_paraid_overflow,clean/docx/95bdaad1fe_support_tickets_table,support_tickets_summary_id_paraid_overflow,support_tickets_table,tracking_without_comments/docx/c917cc5055_support_tickets_summary_id_paraid_overflow__vs__95bdaad1fe_support_tickets_table_redline_1eb1aa2dac.docx,tracking_without_comments/pdf/c917cc5055_support_tickets_summary_id_paraid_overflow__vs__95bdaad1fe_support_tickets_table_redline_1eb1aa2dac.pdf,tracking_without_comments,1eb1aa2dac,word_based_0926
39b73c977c_title_style_demo_style_default_missing__vs__3126703962_track_changes_editing_bullet_id_paraid_overflow_redline_fe2fb2ad13,clean/docx/39b73c977c_title_style_demo_style_default_missing,clean/docx/3126703962_track_changes_editing_bullet_id_paraid_overflow,title_style_demo_style_default_missing,track_changes_editing_bullet_id_paraid_overflow,tracking_without_comments/docx/39b73c977c_title_style_demo_style_default_missing__vs__3126703962_track_changes_editing_bullet_id_paraid_overflow_redline_fe2fb2ad13.docx,tracking_without_comments/pdf/39b73c977c_title_style_demo_style_default_missing__vs__3126703962_track_changes_editing_bullet_id_paraid_overflow_redline_fe2fb2ad13.pdf,tracking_without_comments,fe2fb2ad13,word_based_0926
d7c6d7eb36_green_underline_bullet_list_id_paraid_overflow__vs__4dff3f0ab2_heading_1_bold_demo_id_paraid_overflow_redline_c842fd0e02,clean/docx/d7c6d7eb36_green_underline_bullet_list_id_paraid_overflow,clean/docx/4dff3f0ab2_heading_1_bold_demo_id_paraid_overflow,green_underline_bullet_list_id_paraid_overflow,heading_1_bold_demo_id_paraid_overflow,tracking_without_comments/docx/d7c6d7eb36_green_underline_bullet_list_id_paraid_overflow__vs__4dff3f0ab2_heading_1_bold_demo_id_paraid_overflow_redline_c842fd0e02.docx,tracking_without_comments/pdf/d7c6d7eb36_green_underline_bullet_list_id_paraid_overflow__vs__4dff3f0ab2_heading_1_bold_demo_id_paraid_overflow_redline_c842fd0e02.pdf,tracking_without_comments,c842fd0e02,word_based_0926
5900cc12ca_file_29__vs__5320da1b60_file_30_redline_c41217de00,clean/docx/5900cc12ca_file_29,clean/docx/5320da1b60_file_30,file_29,file_30,tracking_without_comments/docx/5900cc12ca_file_29__vs__5320da1b60_file_30_redline_c41217de00.docx,tracking_without_comments/pdf/5900cc12ca_file_29__vs__5320da1b60_file_30_redline_c41217de00.pdf,tracking_without_comments,c41217de00,word_based_randomized_0926
c7190b3adc_file_31__vs__083826730a_file_32_redline_4e54b171c3,clean/docx/c7190b3adc_file_31,clean/docx/083826730a_file_32,file_31,file_32,tracking_without_comments/docx/c7190b3adc_file_31__vs__083826730a_file_32_redline_4e54b171c3.docx,tracking_without_comments/pdf/c7190b3adc_file_31__vs__083826730a_file_32_redline_4e54b171c3.pdf,tracking_without_comments,4e54b171c3,word_based_randomized_0926
1ea717ddd6_file_126__vs__47400ffd33_file_127_redline_1bbdcbcf65,clean/docx/1ea717ddd6_file_126,tracking_without_comments/docx/47400ffd33_file_127,file_126,file_127,tracking_without_comments/docx/1ea717ddd6_file_126__vs__47400ffd33_file_127_redline_1bbdcbcf65.docx,tracking_without_comments/pdf/1ea717ddd6_file_126__vs__47400ffd33_file_127_redline_1bbdcbcf65.pdf,tracking_without_comments,1bbdcbcf65,word_based_randomized_0926
9d2146095f_file_80__vs__88c08cf1dc_file_81_redline_774dc7a15f,clean/docx/9d2146095f_file_80,clean/docx/88c08cf1dc_file_81,file_80,file_81,tracking_without_comments/docx/9d2146095f_file_80__vs__88c08cf1dc_file_81_redline_774dc7a15f.docx,tracking_without_comments/pdf/9d2146095f_file_80__vs__88c08cf1dc_file_81_redline_774dc7a15f.pdf,tracking_without_comments,774dc7a15f,word_based_randomized_0926
36223881e1_file_105__vs__591e5e7f06_file_106_redline_7f437ab2c3,clean/docx/36223881e1_file_105,clean/docx/591e5e7f06_file_106,file_105,file_106,tracking_without_comments/docx/36223881e1_file_105__vs__591e5e7f06_file_106_redline_7f437ab2c3.docx,tracking_without_comments/pdf/36223881e1_file_105__vs__591e5e7f06_file_106_redline_7f437ab2c3.pdf,tracking_without_comments,7f437ab2c3,word_based_randomized_0926
95ff51154c_file_66__vs__1bcaf87caa_file_67_redline_f48c29c41f,clean/docx/95ff51154c_file_66,clean/docx/1bcaf87caa_file_67,file_66,file_67,tracking_without_comments/docx/95ff51154c_file_66__vs__1bcaf87caa_file_67_redline_f48c29c41f.docx,tracking_without_comments/pdf/95ff51154c_file_66__vs__1bcaf87caa_file_67_redline_f48c29c41f.pdf,tracking_without_comments,f48c29c41f,word_based_randomized_0926
583fd6d9cb_file_51__vs__b2b3095b48_file_52_redline_9e30446cea,clean/docx/583fd6d9cb_file_51,clean/docx/b2b3095b48_file_52,file_51,file_52,tracking_without_comments/docx/583fd6d9cb_file_51__vs__b2b3095b48_file_52_redline_9e30446cea.docx,tracking_without_comments/pdf/583fd6d9cb_file_51__vs__b2b3095b48_file_52_redline_9e30446cea.pdf,tracking_without_comments,9e30446cea,word_based_randomized_0926
